time,p_max_pu
01-01-2015 00:00,0
01-01-2015 01:00,0
01-01-2015 02:00,0
01-01-2015 03:00,0
01-01-2015 04:00,0
01-01-2015 05:00,0
01-01-2015 06:00,0
01-01-2015 07:00,0
01-01-2015 08:00,0.093
01-01-2015 09:00,0.101
01-01-2015 10:00,0.078
01-01-2015 11:00,0.058
01-01-2015 12:00,0.046
01-01-2015 13:00,0.022
01-01-2015 14:00,0.01
01-01-2015 15:00,0
01-01-2015 16:00,0
01-01-2015 17:00,0
01-01-2015 18:00,0
01-01-2015 19:00,0
01-01-2015 20:00,0
01-01-2015 21:00,0
01-01-2015 22:00,0
01-01-2015 23:00,0
02-01-2015 00:00,0
02-01-2015 01:00,0
02-01-2015 02:00,0
02-01-2015 03:00,0
02-01-2015 04:00,0
02-01-2015 05:00,0
02-01-2015 06:00,0
02-01-2015 07:00,0
02-01-2015 08:00,0.019
02-01-2015 09:00,0.04
02-01-2015 10:00,0.034
02-01-2015 11:00,0.032
02-01-2015 12:00,0.031
02-01-2015 13:00,0.007
02-01-2015 14:00,0.01
02-01-2015 15:00,0
02-01-2015 16:00,0
02-01-2015 17:00,0
02-01-2015 18:00,0
02-01-2015 19:00,0
02-01-2015 20:00,0
02-01-2015 21:00,0
02-01-2015 22:00,0
02-01-2015 23:00,0
03-01-2015 00:00,0
03-01-2015 01:00,0
03-01-2015 02:00,0
03-01-2015 03:00,0
03-01-2015 04:00,0
03-01-2015 05:00,0
03-01-2015 06:00,0
03-01-2015 07:00,0
03-01-2015 08:00,0.005
03-01-2015 09:00,0.023
03-01-2015 10:00,0.024
03-01-2015 11:00,0.028
03-01-2015 12:00,0.033
03-01-2015 13:00,0.026
03-01-2015 14:00,0.015
03-01-2015 15:00,0
03-01-2015 16:00,0
03-01-2015 17:00,0
03-01-2015 18:00,0
03-01-2015 19:00,0
03-01-2015 20:00,0
03-01-2015 21:00,0
03-01-2015 22:00,0
03-01-2015 23:00,0
04-01-2015 00:00,0
04-01-2015 01:00,0
04-01-2015 02:00,0
04-01-2015 03:00,0
04-01-2015 04:00,0
04-01-2015 05:00,0
04-01-2015 06:00,0
04-01-2015 07:00,0
04-01-2015 08:00,0.075
04-01-2015 09:00,0.087
04-01-2015 10:00,0.066
04-01-2015 11:00,0.057
04-01-2015 12:00,0.028
04-01-2015 13:00,0.02
04-01-2015 14:00,0.003
04-01-2015 15:00,0
04-01-2015 16:00,0
04-01-2015 17:00,0
04-01-2015 18:00,0
04-01-2015 19:00,0
04-01-2015 20:00,0
04-01-2015 21:00,0
04-01-2015 22:00,0
04-01-2015 23:00,0
05-01-2015 00:00,0
05-01-2015 01:00,0
05-01-2015 02:00,0
05-01-2015 03:00,0
05-01-2015 04:00,0
05-01-2015 05:00,0
05-01-2015 06:00,0
05-01-2015 07:00,0
05-01-2015 08:00,0.144
05-01-2015 09:00,0.344
05-01-2015 10:00,0.529
05-01-2015 11:00,0.52
05-01-2015 12:00,0.486
05-01-2015 13:00,0.453
05-01-2015 14:00,0.299
05-01-2015 15:00,0.023
05-01-2015 16:00,0
05-01-2015 17:00,0
05-01-2015 18:00,0
05-01-2015 19:00,0
05-01-2015 20:00,0
05-01-2015 21:00,0
05-01-2015 22:00,0
05-01-2015 23:00,0
06-01-2015 00:00,0
06-01-2015 01:00,0
06-01-2015 02:00,0
06-01-2015 03:00,0
06-01-2015 04:00,0
06-01-2015 05:00,0
06-01-2015 06:00,0
06-01-2015 07:00,0
06-01-2015 08:00,0.069
06-01-2015 09:00,0.114
06-01-2015 10:00,0.071
06-01-2015 11:00,0.073
06-01-2015 12:00,0.092
06-01-2015 13:00,0.106
06-01-2015 14:00,0.074
06-01-2015 15:00,0
06-01-2015 16:00,0
06-01-2015 17:00,0
06-01-2015 18:00,0
06-01-2015 19:00,0
06-01-2015 20:00,0
06-01-2015 21:00,0
06-01-2015 22:00,0
06-01-2015 23:00,0
07-01-2015 00:00,0
07-01-2015 01:00,0
07-01-2015 02:00,0
07-01-2015 03:00,0
07-01-2015 04:00,0
07-01-2015 05:00,0
07-01-2015 06:00,0
07-01-2015 07:00,0
07-01-2015 08:00,0.035
07-01-2015 09:00,0.03
07-01-2015 10:00,0.054
07-01-2015 11:00,0.053
07-01-2015 12:00,0.099
07-01-2015 13:00,0.079
07-01-2015 14:00,0.038
07-01-2015 15:00,0
07-01-2015 16:00,0
07-01-2015 17:00,0
07-01-2015 18:00,0
07-01-2015 19:00,0
07-01-2015 20:00,0
07-01-2015 21:00,0
07-01-2015 22:00,0
07-01-2015 23:00,0
08-01-2015 00:00,0
08-01-2015 01:00,0
08-01-2015 02:00,0
08-01-2015 03:00,0
08-01-2015 04:00,0
08-01-2015 05:00,0
08-01-2015 06:00,0
08-01-2015 07:00,0
08-01-2015 08:00,0
08-01-2015 09:00,0.035
08-01-2015 10:00,0.022
08-01-2015 11:00,0.018
08-01-2015 12:00,0.022
08-01-2015 13:00,0.014
08-01-2015 14:00,0.013
08-01-2015 15:00,0
08-01-2015 16:00,0
08-01-2015 17:00,0
08-01-2015 18:00,0
08-01-2015 19:00,0
08-01-2015 20:00,0
08-01-2015 21:00,0
08-01-2015 22:00,0
08-01-2015 23:00,0
09-01-2015 00:00,0
09-01-2015 01:00,0
09-01-2015 02:00,0
09-01-2015 03:00,0
09-01-2015 04:00,0
09-01-2015 05:00,0
09-01-2015 06:00,0
09-01-2015 07:00,0
09-01-2015 08:00,0.034
09-01-2015 09:00,0.032
09-01-2015 10:00,0.023
09-01-2015 11:00,0.026
09-01-2015 12:00,0.021
09-01-2015 13:00,0.026
09-01-2015 14:00,0.003
09-01-2015 15:00,0
09-01-2015 16:00,0
09-01-2015 17:00,0
09-01-2015 18:00,0
09-01-2015 19:00,0
09-01-2015 20:00,0
09-01-2015 21:00,0
09-01-2015 22:00,0
09-01-2015 23:00,0
10-01-2015 00:00,0
10-01-2015 01:00,0
10-01-2015 02:00,0
10-01-2015 03:00,0
10-01-2015 04:00,0
10-01-2015 05:00,0
10-01-2015 06:00,0
10-01-2015 07:00,0
10-01-2015 08:00,0.024
10-01-2015 09:00,0.126
10-01-2015 10:00,0.063
10-01-2015 11:00,0.056
10-01-2015 12:00,0.099
10-01-2015 13:00,0.094
10-01-2015 14:00,0.044
10-01-2015 15:00,0
10-01-2015 16:00,0
10-01-2015 17:00,0
10-01-2015 18:00,0
10-01-2015 19:00,0
10-01-2015 20:00,0
10-01-2015 21:00,0
10-01-2015 22:00,0
10-01-2015 23:00,0
11-01-2015 00:00,0
11-01-2015 01:00,0
11-01-2015 02:00,0
11-01-2015 03:00,0
11-01-2015 04:00,0
11-01-2015 05:00,0
11-01-2015 06:00,0
11-01-2015 07:00,0
11-01-2015 08:00,0.02
11-01-2015 09:00,0.038
11-01-2015 10:00,0.112
11-01-2015 11:00,0.015
11-01-2015 12:00,0.1
11-01-2015 13:00,0.12
11-01-2015 14:00,0.028
11-01-2015 15:00,0.008
11-01-2015 16:00,0
11-01-2015 17:00,0
11-01-2015 18:00,0
11-01-2015 19:00,0
11-01-2015 20:00,0
11-01-2015 21:00,0
11-01-2015 22:00,0
11-01-2015 23:00,0
12-01-2015 00:00,0
12-01-2015 01:00,0
12-01-2015 02:00,0
12-01-2015 03:00,0
12-01-2015 04:00,0
12-01-2015 05:00,0
12-01-2015 06:00,0
12-01-2015 07:00,0
12-01-2015 08:00,0.01
12-01-2015 09:00,0.04
12-01-2015 10:00,0.033
12-01-2015 11:00,0.007
12-01-2015 12:00,0.01
12-01-2015 13:00,0.007
12-01-2015 14:00,0
12-01-2015 15:00,0
12-01-2015 16:00,0
12-01-2015 17:00,0
12-01-2015 18:00,0
12-01-2015 19:00,0
12-01-2015 20:00,0
12-01-2015 21:00,0
12-01-2015 22:00,0
12-01-2015 23:00,0
13-01-2015 00:00,0
13-01-2015 01:00,0
13-01-2015 02:00,0
13-01-2015 03:00,0
13-01-2015 04:00,0
13-01-2015 05:00,0
13-01-2015 06:00,0
13-01-2015 07:00,0
13-01-2015 08:00,0.21
13-01-2015 09:00,0.447
13-01-2015 10:00,0.48
13-01-2015 11:00,0.556
13-01-2015 12:00,0.588
13-01-2015 13:00,0.431
13-01-2015 14:00,0.188
13-01-2015 15:00,0.059
13-01-2015 16:00,0
13-01-2015 17:00,0
13-01-2015 18:00,0
13-01-2015 19:00,0
13-01-2015 20:00,0
13-01-2015 21:00,0
13-01-2015 22:00,0
13-01-2015 23:00,0
14-01-2015 00:00,0
14-01-2015 01:00,0
14-01-2015 02:00,0
14-01-2015 03:00,0
14-01-2015 04:00,0
14-01-2015 05:00,0
14-01-2015 06:00,0
14-01-2015 07:00,0
14-01-2015 08:00,0.023
14-01-2015 09:00,0.135
14-01-2015 10:00,0.13
14-01-2015 11:00,0.124
14-01-2015 12:00,0.345
14-01-2015 13:00,0.136
14-01-2015 14:00,0.04
14-01-2015 15:00,0.004
14-01-2015 16:00,0
14-01-2015 17:00,0
14-01-2015 18:00,0
14-01-2015 19:00,0
14-01-2015 20:00,0
14-01-2015 21:00,0
14-01-2015 22:00,0
14-01-2015 23:00,0
15-01-2015 00:00,0
15-01-2015 01:00,0
15-01-2015 02:00,0
15-01-2015 03:00,0
15-01-2015 04:00,0
15-01-2015 05:00,0
15-01-2015 06:00,0
15-01-2015 07:00,0
15-01-2015 08:00,0.026
15-01-2015 09:00,0.116
15-01-2015 10:00,0.192
15-01-2015 11:00,0.292
15-01-2015 12:00,0.266
15-01-2015 13:00,0.22
15-01-2015 14:00,0.193
15-01-2015 15:00,0.019
15-01-2015 16:00,0
15-01-2015 17:00,0
15-01-2015 18:00,0
15-01-2015 19:00,0
15-01-2015 20:00,0
15-01-2015 21:00,0
15-01-2015 22:00,0
15-01-2015 23:00,0
16-01-2015 00:00,0
16-01-2015 01:00,0
16-01-2015 02:00,0
16-01-2015 03:00,0
16-01-2015 04:00,0
16-01-2015 05:00,0
16-01-2015 06:00,0
16-01-2015 07:00,0
16-01-2015 08:00,0.016
16-01-2015 09:00,0.015
16-01-2015 10:00,0.057
16-01-2015 11:00,0.063
16-01-2015 12:00,0.057
16-01-2015 13:00,0.047
16-01-2015 14:00,0.029
16-01-2015 15:00,0
16-01-2015 16:00,0
16-01-2015 17:00,0
16-01-2015 18:00,0
16-01-2015 19:00,0
16-01-2015 20:00,0
16-01-2015 21:00,0
16-01-2015 22:00,0
16-01-2015 23:00,0
17-01-2015 00:00,0
17-01-2015 01:00,0
17-01-2015 02:00,0
17-01-2015 03:00,0
17-01-2015 04:00,0
17-01-2015 05:00,0
17-01-2015 06:00,0
17-01-2015 07:00,0
17-01-2015 08:00,0.038
17-01-2015 09:00,0.074
17-01-2015 10:00,0.117
17-01-2015 11:00,0.11
17-01-2015 12:00,0.121
17-01-2015 13:00,0.147
17-01-2015 14:00,0.142
17-01-2015 15:00,0.037
17-01-2015 16:00,0
17-01-2015 17:00,0
17-01-2015 18:00,0
17-01-2015 19:00,0
17-01-2015 20:00,0
17-01-2015 21:00,0
17-01-2015 22:00,0
17-01-2015 23:00,0
18-01-2015 00:00,0
18-01-2015 01:00,0
18-01-2015 02:00,0
18-01-2015 03:00,0
18-01-2015 04:00,0
18-01-2015 05:00,0
18-01-2015 06:00,0
18-01-2015 07:00,0
18-01-2015 08:00,0.014
18-01-2015 09:00,0.022
18-01-2015 10:00,0.092
18-01-2015 11:00,0.088
18-01-2015 12:00,0.067
18-01-2015 13:00,0.187
18-01-2015 14:00,0.274
18-01-2015 15:00,0.084
18-01-2015 16:00,0
18-01-2015 17:00,0
18-01-2015 18:00,0
18-01-2015 19:00,0
18-01-2015 20:00,0
18-01-2015 21:00,0
18-01-2015 22:00,0
18-01-2015 23:00,0
19-01-2015 00:00,0
19-01-2015 01:00,0
19-01-2015 02:00,0
19-01-2015 03:00,0
19-01-2015 04:00,0
19-01-2015 05:00,0
19-01-2015 06:00,0
19-01-2015 07:00,0
19-01-2015 08:00,0.037
19-01-2015 09:00,0.055
19-01-2015 10:00,0.087
19-01-2015 11:00,0.059
19-01-2015 12:00,0.073
19-01-2015 13:00,0.053
19-01-2015 14:00,0.094
19-01-2015 15:00,0.023
19-01-2015 16:00,0
19-01-2015 17:00,0
19-01-2015 18:00,0
19-01-2015 19:00,0
19-01-2015 20:00,0
19-01-2015 21:00,0
19-01-2015 22:00,0
19-01-2015 23:00,0
20-01-2015 00:00,0
20-01-2015 01:00,0
20-01-2015 02:00,0
20-01-2015 03:00,0
20-01-2015 04:00,0
20-01-2015 05:00,0
20-01-2015 06:00,0
20-01-2015 07:00,0
20-01-2015 08:00,0.149
20-01-2015 09:00,0.127
20-01-2015 10:00,0.135
20-01-2015 11:00,0.096
20-01-2015 12:00,0.111
20-01-2015 13:00,0.072
20-01-2015 14:00,0.039
20-01-2015 15:00,0.004
20-01-2015 16:00,0
20-01-2015 17:00,0
20-01-2015 18:00,0
20-01-2015 19:00,0
20-01-2015 20:00,0
20-01-2015 21:00,0
20-01-2015 22:00,0
20-01-2015 23:00,0
21-01-2015 00:00,0
21-01-2015 01:00,0
21-01-2015 02:00,0
21-01-2015 03:00,0
21-01-2015 04:00,0
21-01-2015 05:00,0
21-01-2015 06:00,0
21-01-2015 07:00,0
21-01-2015 08:00,0.18
21-01-2015 09:00,0.244
21-01-2015 10:00,0.187
21-01-2015 11:00,0.098
21-01-2015 12:00,0.061
21-01-2015 13:00,0.028
21-01-2015 14:00,0.022
21-01-2015 15:00,0.011
21-01-2015 16:00,0
21-01-2015 17:00,0
21-01-2015 18:00,0
21-01-2015 19:00,0
21-01-2015 20:00,0
21-01-2015 21:00,0
21-01-2015 22:00,0
21-01-2015 23:00,0
22-01-2015 00:00,0
22-01-2015 01:00,0
22-01-2015 02:00,0
22-01-2015 03:00,0
22-01-2015 04:00,0
22-01-2015 05:00,0
22-01-2015 06:00,0
22-01-2015 07:00,0
22-01-2015 08:00,0.098
22-01-2015 09:00,0.109
22-01-2015 10:00,0.075
22-01-2015 11:00,0.069
22-01-2015 12:00,0.03
22-01-2015 13:00,0.065
22-01-2015 14:00,0.038
22-01-2015 15:00,0.004
22-01-2015 16:00,0
22-01-2015 17:00,0
22-01-2015 18:00,0
22-01-2015 19:00,0
22-01-2015 20:00,0
22-01-2015 21:00,0
22-01-2015 22:00,0
22-01-2015 23:00,0
23-01-2015 00:00,0
23-01-2015 01:00,0
23-01-2015 02:00,0
23-01-2015 03:00,0
23-01-2015 04:00,0
23-01-2015 05:00,0
23-01-2015 06:00,0
23-01-2015 07:00,0
23-01-2015 08:00,0.035
23-01-2015 09:00,0.069
23-01-2015 10:00,0.061
23-01-2015 11:00,0.067
23-01-2015 12:00,0.057
23-01-2015 13:00,0.047
23-01-2015 14:00,0.029
23-01-2015 15:00,0.002
23-01-2015 16:00,0
23-01-2015 17:00,0
23-01-2015 18:00,0
23-01-2015 19:00,0
23-01-2015 20:00,0
23-01-2015 21:00,0
23-01-2015 22:00,0
23-01-2015 23:00,0
24-01-2015 00:00,0
24-01-2015 01:00,0
24-01-2015 02:00,0
24-01-2015 03:00,0
24-01-2015 04:00,0
24-01-2015 05:00,0
24-01-2015 06:00,0
24-01-2015 07:00,0
24-01-2015 08:00,0.015
24-01-2015 09:00,0.034
24-01-2015 10:00,0.021
24-01-2015 11:00,0.02
24-01-2015 12:00,0.019
24-01-2015 13:00,0.061
24-01-2015 14:00,0.048
24-01-2015 15:00,0.003
24-01-2015 16:00,0
24-01-2015 17:00,0
24-01-2015 18:00,0
24-01-2015 19:00,0
24-01-2015 20:00,0
24-01-2015 21:00,0
24-01-2015 22:00,0
24-01-2015 23:00,0
25-01-2015 00:00,0
25-01-2015 01:00,0
25-01-2015 02:00,0
25-01-2015 03:00,0
25-01-2015 04:00,0
25-01-2015 05:00,0
25-01-2015 06:00,0
25-01-2015 07:00,0
25-01-2015 08:00,0.216
25-01-2015 09:00,0.167
25-01-2015 10:00,0.17
25-01-2015 11:00,0.112
25-01-2015 12:00,0.077
25-01-2015 13:00,0.054
25-01-2015 14:00,0.12
25-01-2015 15:00,0.045
25-01-2015 16:00,0
25-01-2015 17:00,0
25-01-2015 18:00,0
25-01-2015 19:00,0
25-01-2015 20:00,0
25-01-2015 21:00,0
25-01-2015 22:00,0
25-01-2015 23:00,0
26-01-2015 00:00,0
26-01-2015 01:00,0
26-01-2015 02:00,0
26-01-2015 03:00,0
26-01-2015 04:00,0
26-01-2015 05:00,0
26-01-2015 06:00,0
26-01-2015 07:00,0
26-01-2015 08:00,0.019
26-01-2015 09:00,0.039
26-01-2015 10:00,0.034
26-01-2015 11:00,0.036
26-01-2015 12:00,0.026
26-01-2015 13:00,0.024
26-01-2015 14:00,0.045
26-01-2015 15:00,0.007
26-01-2015 16:00,0
26-01-2015 17:00,0
26-01-2015 18:00,0
26-01-2015 19:00,0
26-01-2015 20:00,0
26-01-2015 21:00,0
26-01-2015 22:00,0
26-01-2015 23:00,0
27-01-2015 00:00,0
27-01-2015 01:00,0
27-01-2015 02:00,0
27-01-2015 03:00,0
27-01-2015 04:00,0
27-01-2015 05:00,0
27-01-2015 06:00,0
27-01-2015 07:00,0
27-01-2015 08:00,0.202
27-01-2015 09:00,0.338
27-01-2015 10:00,0.357
27-01-2015 11:00,0.204
27-01-2015 12:00,0.145
27-01-2015 13:00,0.188
27-01-2015 14:00,0.215
27-01-2015 15:00,0.03
27-01-2015 16:00,0
27-01-2015 17:00,0
27-01-2015 18:00,0
27-01-2015 19:00,0
27-01-2015 20:00,0
27-01-2015 21:00,0
27-01-2015 22:00,0
27-01-2015 23:00,0
28-01-2015 00:00,0
28-01-2015 01:00,0
28-01-2015 02:00,0
28-01-2015 03:00,0
28-01-2015 04:00,0
28-01-2015 05:00,0
28-01-2015 06:00,0
28-01-2015 07:00,0
28-01-2015 08:00,0.022
28-01-2015 09:00,0.019
28-01-2015 10:00,0.049
28-01-2015 11:00,0.031
28-01-2015 12:00,0.031
28-01-2015 13:00,0.021
28-01-2015 14:00,0.011
28-01-2015 15:00,0
28-01-2015 16:00,0
28-01-2015 17:00,0
28-01-2015 18:00,0
28-01-2015 19:00,0
28-01-2015 20:00,0
28-01-2015 21:00,0
28-01-2015 22:00,0
28-01-2015 23:00,0
29-01-2015 00:00,0
29-01-2015 01:00,0
29-01-2015 02:00,0
29-01-2015 03:00,0
29-01-2015 04:00,0
29-01-2015 05:00,0
29-01-2015 06:00,0
29-01-2015 07:00,0
29-01-2015 08:00,0.018
29-01-2015 09:00,0.054
29-01-2015 10:00,0.026
29-01-2015 11:00,0.03
29-01-2015 12:00,0.027
29-01-2015 13:00,0.022
29-01-2015 14:00,0.005
29-01-2015 15:00,0.031
29-01-2015 16:00,0
29-01-2015 17:00,0
29-01-2015 18:00,0
29-01-2015 19:00,0
29-01-2015 20:00,0
29-01-2015 21:00,0
29-01-2015 22:00,0
29-01-2015 23:00,0
30-01-2015 00:00,0
30-01-2015 01:00,0
30-01-2015 02:00,0
30-01-2015 03:00,0
30-01-2015 04:00,0
30-01-2015 05:00,0
30-01-2015 06:00,0
30-01-2015 07:00,0.026
30-01-2015 08:00,0.168
30-01-2015 09:00,0.143
30-01-2015 10:00,0.198
30-01-2015 11:00,0.154
30-01-2015 12:00,0.119
30-01-2015 13:00,0.107
30-01-2015 14:00,0.11
30-01-2015 15:00,0.141
30-01-2015 16:00,0
30-01-2015 17:00,0
30-01-2015 18:00,0
30-01-2015 19:00,0
30-01-2015 20:00,0
30-01-2015 21:00,0
30-01-2015 22:00,0
30-01-2015 23:00,0
31-01-2015 00:00,0
31-01-2015 01:00,0
31-01-2015 02:00,0
31-01-2015 03:00,0
31-01-2015 04:00,0
31-01-2015 05:00,0
31-01-2015 06:00,0
31-01-2015 07:00,0.005
31-01-2015 08:00,0.055
31-01-2015 09:00,0.09
31-01-2015 10:00,0.06
31-01-2015 11:00,0.08
31-01-2015 12:00,0.034
31-01-2015 13:00,0.091
31-01-2015 14:00,0.09
31-01-2015 15:00,0.056
31-01-2015 16:00,0
31-01-2015 17:00,0
31-01-2015 18:00,0
31-01-2015 19:00,0
31-01-2015 20:00,0
31-01-2015 21:00,0
31-01-2015 22:00,0
31-01-2015 23:00,0
01-02-2015 00:00,0
01-02-2015 01:00,0
01-02-2015 02:00,0
01-02-2015 03:00,0
01-02-2015 04:00,0
01-02-2015 05:00,0
01-02-2015 06:00,0
01-02-2015 07:00,0
01-02-2015 08:00,0.023
01-02-2015 09:00,0.05
01-02-2015 10:00,0.134
01-02-2015 11:00,0.222
01-02-2015 12:00,0.133
01-02-2015 13:00,0.136
01-02-2015 14:00,0.092
01-02-2015 15:00,0.026
01-02-2015 16:00,0
01-02-2015 17:00,0
01-02-2015 18:00,0
01-02-2015 19:00,0
01-02-2015 20:00,0
01-02-2015 21:00,0
01-02-2015 22:00,0
01-02-2015 23:00,0
02-02-2015 00:00,0
02-02-2015 01:00,0
02-02-2015 02:00,0
02-02-2015 03:00,0
02-02-2015 04:00,0
02-02-2015 05:00,0
02-02-2015 06:00,0
02-02-2015 07:00,0
02-02-2015 08:00,0.089
02-02-2015 09:00,0.095
02-02-2015 10:00,0.078
02-02-2015 11:00,0.076
02-02-2015 12:00,0.082
02-02-2015 13:00,0.037
02-02-2015 14:00,0.009
02-02-2015 15:00,0.021
02-02-2015 16:00,0
02-02-2015 17:00,0
02-02-2015 18:00,0
02-02-2015 19:00,0
02-02-2015 20:00,0
02-02-2015 21:00,0
02-02-2015 22:00,0
02-02-2015 23:00,0
03-02-2015 00:00,0
03-02-2015 01:00,0
03-02-2015 02:00,0
03-02-2015 03:00,0
03-02-2015 04:00,0
03-02-2015 05:00,0
03-02-2015 06:00,0
03-02-2015 07:00,0
03-02-2015 08:00,0.047
03-02-2015 09:00,0.1
03-02-2015 10:00,0.148
03-02-2015 11:00,0.169
03-02-2015 12:00,0.232
03-02-2015 13:00,0.15
03-02-2015 14:00,0.131
03-02-2015 15:00,0.037
03-02-2015 16:00,0
03-02-2015 17:00,0
03-02-2015 18:00,0
03-02-2015 19:00,0
03-02-2015 20:00,0
03-02-2015 21:00,0
03-02-2015 22:00,0
03-02-2015 23:00,0
04-02-2015 00:00,0
04-02-2015 01:00,0
04-02-2015 02:00,0
04-02-2015 03:00,0
04-02-2015 04:00,0
04-02-2015 05:00,0
04-02-2015 06:00,0
04-02-2015 07:00,0
04-02-2015 08:00,0.034
04-02-2015 09:00,0.091
04-02-2015 10:00,0.159
04-02-2015 11:00,0.119
04-02-2015 12:00,0.116
04-02-2015 13:00,0.095
04-02-2015 14:00,0.06
04-02-2015 15:00,0.012
04-02-2015 16:00,0
04-02-2015 17:00,0
04-02-2015 18:00,0
04-02-2015 19:00,0
04-02-2015 20:00,0
04-02-2015 21:00,0
04-02-2015 22:00,0
04-02-2015 23:00,0
05-02-2015 00:00,0
05-02-2015 01:00,0
05-02-2015 02:00,0
05-02-2015 03:00,0
05-02-2015 04:00,0
05-02-2015 05:00,0
05-02-2015 06:00,0
05-02-2015 07:00,0
05-02-2015 08:00,0.068
05-02-2015 09:00,0.278
05-02-2015 10:00,0.245
05-02-2015 11:00,0.208
05-02-2015 12:00,0.107
05-02-2015 13:00,0.104
05-02-2015 14:00,0.119
05-02-2015 15:00,0.048
05-02-2015 16:00,0
05-02-2015 17:00,0
05-02-2015 18:00,0
05-02-2015 19:00,0
05-02-2015 20:00,0
05-02-2015 21:00,0
05-02-2015 22:00,0
05-02-2015 23:00,0
06-02-2015 00:00,0
06-02-2015 01:00,0
06-02-2015 02:00,0
06-02-2015 03:00,0
06-02-2015 04:00,0
06-02-2015 05:00,0
06-02-2015 06:00,0
06-02-2015 07:00,0.002
06-02-2015 08:00,0.149
06-02-2015 09:00,0.334
06-02-2015 10:00,0.486
06-02-2015 11:00,0.475
06-02-2015 12:00,0.461
06-02-2015 13:00,0.361
06-02-2015 14:00,0.293
06-02-2015 15:00,0.142
06-02-2015 16:00,0
06-02-2015 17:00,0
06-02-2015 18:00,0
06-02-2015 19:00,0
06-02-2015 20:00,0
06-02-2015 21:00,0
06-02-2015 22:00,0
06-02-2015 23:00,0
07-02-2015 00:00,0
07-02-2015 01:00,0
07-02-2015 02:00,0
07-02-2015 03:00,0
07-02-2015 04:00,0
07-02-2015 05:00,0
07-02-2015 06:00,0
07-02-2015 07:00,0.019
07-02-2015 08:00,0.158
07-02-2015 09:00,0.311
07-02-2015 10:00,0.472
07-02-2015 11:00,0.465
07-02-2015 12:00,0.435
07-02-2015 13:00,0.354
07-02-2015 14:00,0.307
07-02-2015 15:00,0.153
07-02-2015 16:00,0.003
07-02-2015 17:00,0
07-02-2015 18:00,0
07-02-2015 19:00,0
07-02-2015 20:00,0
07-02-2015 21:00,0
07-02-2015 22:00,0
07-02-2015 23:00,0
08-02-2015 00:00,0
08-02-2015 01:00,0
08-02-2015 02:00,0
08-02-2015 03:00,0
08-02-2015 04:00,0
08-02-2015 05:00,0
08-02-2015 06:00,0
08-02-2015 07:00,0.001
08-02-2015 08:00,0.068
08-02-2015 09:00,0.217
08-02-2015 10:00,0.282
08-02-2015 11:00,0.351
08-02-2015 12:00,0.305
08-02-2015 13:00,0.305
08-02-2015 14:00,0.303
08-02-2015 15:00,0.136
08-02-2015 16:00,0.008
08-02-2015 17:00,0
08-02-2015 18:00,0
08-02-2015 19:00,0
08-02-2015 20:00,0
08-02-2015 21:00,0
08-02-2015 22:00,0
08-02-2015 23:00,0
09-02-2015 00:00,0
09-02-2015 01:00,0
09-02-2015 02:00,0
09-02-2015 03:00,0
09-02-2015 04:00,0
09-02-2015 05:00,0
09-02-2015 06:00,0
09-02-2015 07:00,0
09-02-2015 08:00,0.023
09-02-2015 09:00,0.039
09-02-2015 10:00,0.027
09-02-2015 11:00,0.026
09-02-2015 12:00,0.034
09-02-2015 13:00,0.036
09-02-2015 14:00,0.025
09-02-2015 15:00,0.008
09-02-2015 16:00,0
09-02-2015 17:00,0
09-02-2015 18:00,0
09-02-2015 19:00,0
09-02-2015 20:00,0
09-02-2015 21:00,0
09-02-2015 22:00,0
09-02-2015 23:00,0
10-02-2015 00:00,0
10-02-2015 01:00,0
10-02-2015 02:00,0
10-02-2015 03:00,0
10-02-2015 04:00,0
10-02-2015 05:00,0
10-02-2015 06:00,0
10-02-2015 07:00,0.002
10-02-2015 08:00,0.054
10-02-2015 09:00,0.084
10-02-2015 10:00,0.108
10-02-2015 11:00,0.107
10-02-2015 12:00,0.07
10-02-2015 13:00,0.064
10-02-2015 14:00,0.042
10-02-2015 15:00,0.016
10-02-2015 16:00,0
10-02-2015 17:00,0
10-02-2015 18:00,0
10-02-2015 19:00,0
10-02-2015 20:00,0
10-02-2015 21:00,0
10-02-2015 22:00,0
10-02-2015 23:00,0
11-02-2015 00:00,0
11-02-2015 01:00,0
11-02-2015 02:00,0
11-02-2015 03:00,0
11-02-2015 04:00,0
11-02-2015 05:00,0
11-02-2015 06:00,0
11-02-2015 07:00,0
11-02-2015 08:00,0.034
11-02-2015 09:00,0.05
11-02-2015 10:00,0.054
11-02-2015 11:00,0.074
11-02-2015 12:00,0.054
11-02-2015 13:00,0.054
11-02-2015 14:00,0.041
11-02-2015 15:00,0.018
11-02-2015 16:00,0
11-02-2015 17:00,0
11-02-2015 18:00,0
11-02-2015 19:00,0
11-02-2015 20:00,0
11-02-2015 21:00,0
11-02-2015 22:00,0
11-02-2015 23:00,0
12-02-2015 00:00,0
12-02-2015 01:00,0
12-02-2015 02:00,0
12-02-2015 03:00,0
12-02-2015 04:00,0
12-02-2015 05:00,0
12-02-2015 06:00,0
12-02-2015 07:00,0
12-02-2015 08:00,0.035
12-02-2015 09:00,0.047
12-02-2015 10:00,0.042
12-02-2015 11:00,0.045
12-02-2015 12:00,0.039
12-02-2015 13:00,0.034
12-02-2015 14:00,0.024
12-02-2015 15:00,0.011
12-02-2015 16:00,0
12-02-2015 17:00,0
12-02-2015 18:00,0
12-02-2015 19:00,0
12-02-2015 20:00,0
12-02-2015 21:00,0
12-02-2015 22:00,0
12-02-2015 23:00,0
13-02-2015 00:00,0
13-02-2015 01:00,0
13-02-2015 02:00,0
13-02-2015 03:00,0
13-02-2015 04:00,0
13-02-2015 05:00,0
13-02-2015 06:00,0
13-02-2015 07:00,0.002
13-02-2015 08:00,0.04
13-02-2015 09:00,0.05
13-02-2015 10:00,0.049
13-02-2015 11:00,0.06
13-02-2015 12:00,0.05
13-02-2015 13:00,0.051
13-02-2015 14:00,0.041
13-02-2015 15:00,0.022
13-02-2015 16:00,0
13-02-2015 17:00,0
13-02-2015 18:00,0
13-02-2015 19:00,0
13-02-2015 20:00,0
13-02-2015 21:00,0
13-02-2015 22:00,0
13-02-2015 23:00,0
14-02-2015 00:00,0
14-02-2015 01:00,0
14-02-2015 02:00,0
14-02-2015 03:00,0
14-02-2015 04:00,0
14-02-2015 05:00,0
14-02-2015 06:00,0
14-02-2015 07:00,0.012
14-02-2015 08:00,0.045
14-02-2015 09:00,0.084
14-02-2015 10:00,0.096
14-02-2015 11:00,0.111
14-02-2015 12:00,0.093
14-02-2015 13:00,0.116
14-02-2015 14:00,0.079
14-02-2015 15:00,0.095
14-02-2015 16:00,0
14-02-2015 17:00,0
14-02-2015 18:00,0
14-02-2015 19:00,0
14-02-2015 20:00,0
14-02-2015 21:00,0
14-02-2015 22:00,0
14-02-2015 23:00,0
15-02-2015 00:00,0
15-02-2015 01:00,0
15-02-2015 02:00,0
15-02-2015 03:00,0
15-02-2015 04:00,0
15-02-2015 05:00,0
15-02-2015 06:00,0
15-02-2015 07:00,0.054
15-02-2015 08:00,0.268
15-02-2015 09:00,0.488
15-02-2015 10:00,0.674
15-02-2015 11:00,0.74
15-02-2015 12:00,0.707
15-02-2015 13:00,0.601
15-02-2015 14:00,0.478
15-02-2015 15:00,0.28
15-02-2015 16:00,0.031
15-02-2015 17:00,0
15-02-2015 18:00,0
15-02-2015 19:00,0
15-02-2015 20:00,0
15-02-2015 21:00,0
15-02-2015 22:00,0
15-02-2015 23:00,0
16-02-2015 00:00,0
16-02-2015 01:00,0
16-02-2015 02:00,0
16-02-2015 03:00,0
16-02-2015 04:00,0
16-02-2015 05:00,0
16-02-2015 06:00,0
16-02-2015 07:00,0.059
16-02-2015 08:00,0.256
16-02-2015 09:00,0.454
16-02-2015 10:00,0.534
16-02-2015 11:00,0.6
16-02-2015 12:00,0.653
16-02-2015 13:00,0.567
16-02-2015 14:00,0.475
16-02-2015 15:00,0.38
16-02-2015 16:00,0.282
16-02-2015 17:00,0
16-02-2015 18:00,0
16-02-2015 19:00,0
16-02-2015 20:00,0
16-02-2015 21:00,0
16-02-2015 22:00,0
16-02-2015 23:00,0
17-02-2015 00:00,0
17-02-2015 01:00,0
17-02-2015 02:00,0
17-02-2015 03:00,0
17-02-2015 04:00,0
17-02-2015 05:00,0
17-02-2015 06:00,0
17-02-2015 07:00,0.013
17-02-2015 08:00,0.068
17-02-2015 09:00,0.078
17-02-2015 10:00,0.077
17-02-2015 11:00,0.082
17-02-2015 12:00,0.051
17-02-2015 13:00,0.047
17-02-2015 14:00,0.033
17-02-2015 15:00,0.021
17-02-2015 16:00,0
17-02-2015 17:00,0
17-02-2015 18:00,0
17-02-2015 19:00,0
17-02-2015 20:00,0
17-02-2015 21:00,0
17-02-2015 22:00,0
17-02-2015 23:00,0
18-02-2015 00:00,0
18-02-2015 01:00,0
18-02-2015 02:00,0
18-02-2015 03:00,0
18-02-2015 04:00,0
18-02-2015 05:00,0
18-02-2015 06:00,0
18-02-2015 07:00,0.014
18-02-2015 08:00,0.058
18-02-2015 09:00,0.06
18-02-2015 10:00,0.059
18-02-2015 11:00,0.064
18-02-2015 12:00,0.065
18-02-2015 13:00,0.065
18-02-2015 14:00,0.034
18-02-2015 15:00,0.024
18-02-2015 16:00,0
18-02-2015 17:00,0
18-02-2015 18:00,0
18-02-2015 19:00,0
18-02-2015 20:00,0
18-02-2015 21:00,0
18-02-2015 22:00,0
18-02-2015 23:00,0
19-02-2015 00:00,0
19-02-2015 01:00,0
19-02-2015 02:00,0
19-02-2015 03:00,0
19-02-2015 04:00,0
19-02-2015 05:00,0
19-02-2015 06:00,0
19-02-2015 07:00,0.006
19-02-2015 08:00,0.032
19-02-2015 09:00,0.038
19-02-2015 10:00,0.034
19-02-2015 11:00,0.035
19-02-2015 12:00,0.028
19-02-2015 13:00,0.034
19-02-2015 14:00,0.022
19-02-2015 15:00,0.016
19-02-2015 16:00,0
19-02-2015 17:00,0
19-02-2015 18:00,0
19-02-2015 19:00,0
19-02-2015 20:00,0
19-02-2015 21:00,0
19-02-2015 22:00,0
19-02-2015 23:00,0
20-02-2015 00:00,0
20-02-2015 01:00,0
20-02-2015 02:00,0
20-02-2015 03:00,0
20-02-2015 04:00,0
20-02-2015 05:00,0
20-02-2015 06:00,0
20-02-2015 07:00,0.008
20-02-2015 08:00,0.063
20-02-2015 09:00,0.176
20-02-2015 10:00,0.284
20-02-2015 11:00,0.588
20-02-2015 12:00,0.638
20-02-2015 13:00,0.652
20-02-2015 14:00,0.536
20-02-2015 15:00,0.326
20-02-2015 16:00,0.07
20-02-2015 17:00,0
20-02-2015 18:00,0
20-02-2015 19:00,0
20-02-2015 20:00,0
20-02-2015 21:00,0
20-02-2015 22:00,0
20-02-2015 23:00,0
21-02-2015 00:00,0
21-02-2015 01:00,0
21-02-2015 02:00,0
21-02-2015 03:00,0
21-02-2015 04:00,0
21-02-2015 05:00,0
21-02-2015 06:00,0
21-02-2015 07:00,0.005
21-02-2015 08:00,0.033
21-02-2015 09:00,0.112
21-02-2015 10:00,0.088
21-02-2015 11:00,0.076
21-02-2015 12:00,0.055
21-02-2015 13:00,0.158
21-02-2015 14:00,0.318
21-02-2015 15:00,0.141
21-02-2015 16:00,0.016
21-02-2015 17:00,0
21-02-2015 18:00,0
21-02-2015 19:00,0
21-02-2015 20:00,0
21-02-2015 21:00,0
21-02-2015 22:00,0
21-02-2015 23:00,0
22-02-2015 00:00,0
22-02-2015 01:00,0
22-02-2015 02:00,0
22-02-2015 03:00,0
22-02-2015 04:00,0
22-02-2015 05:00,0
22-02-2015 06:00,0
22-02-2015 07:00,0.124
22-02-2015 08:00,0.276
22-02-2015 09:00,0.315
22-02-2015 10:00,0.141
22-02-2015 11:00,0.107
22-02-2015 12:00,0.12
22-02-2015 13:00,0.105
22-02-2015 14:00,0.032
22-02-2015 15:00,0.06
22-02-2015 16:00,0.04
22-02-2015 17:00,0
22-02-2015 18:00,0
22-02-2015 19:00,0
22-02-2015 20:00,0
22-02-2015 21:00,0
22-02-2015 22:00,0
22-02-2015 23:00,0
23-02-2015 00:00,0
23-02-2015 01:00,0
23-02-2015 02:00,0
23-02-2015 03:00,0
23-02-2015 04:00,0
23-02-2015 05:00,0
23-02-2015 06:00,0
23-02-2015 07:00,0.001
23-02-2015 08:00,0.014
23-02-2015 09:00,0.022
23-02-2015 10:00,0.049
23-02-2015 11:00,0.051
23-02-2015 12:00,0.049
23-02-2015 13:00,0.043
23-02-2015 14:00,0.031
23-02-2015 15:00,0.004
23-02-2015 16:00,0
23-02-2015 17:00,0
23-02-2015 18:00,0
23-02-2015 19:00,0
23-02-2015 20:00,0
23-02-2015 21:00,0
23-02-2015 22:00,0
23-02-2015 23:00,0
24-02-2015 00:00,0
24-02-2015 01:00,0
24-02-2015 02:00,0
24-02-2015 03:00,0
24-02-2015 04:00,0
24-02-2015 05:00,0
24-02-2015 06:00,0
24-02-2015 07:00,0.099
24-02-2015 08:00,0.251
24-02-2015 09:00,0.036
24-02-2015 10:00,0.189
24-02-2015 11:00,0.337
24-02-2015 12:00,0.257
24-02-2015 13:00,0.117
24-02-2015 14:00,0.076
24-02-2015 15:00,0.042
24-02-2015 16:00,0.004
24-02-2015 17:00,0
24-02-2015 18:00,0
24-02-2015 19:00,0
24-02-2015 20:00,0
24-02-2015 21:00,0
24-02-2015 22:00,0
24-02-2015 23:00,0
25-02-2015 00:00,0
25-02-2015 01:00,0
25-02-2015 02:00,0
25-02-2015 03:00,0
25-02-2015 04:00,0
25-02-2015 05:00,0
25-02-2015 06:00,0
25-02-2015 07:00,0.08
25-02-2015 08:00,0.218
25-02-2015 09:00,0.262
25-02-2015 10:00,0.293
25-02-2015 11:00,0.414
25-02-2015 12:00,0.179
25-02-2015 13:00,0.319
25-02-2015 14:00,0.31
25-02-2015 15:00,0.221
25-02-2015 16:00,0.112
25-02-2015 17:00,0
25-02-2015 18:00,0
25-02-2015 19:00,0
25-02-2015 20:00,0
25-02-2015 21:00,0
25-02-2015 22:00,0
25-02-2015 23:00,0
26-02-2015 00:00,0
26-02-2015 01:00,0
26-02-2015 02:00,0
26-02-2015 03:00,0
26-02-2015 04:00,0
26-02-2015 05:00,0
26-02-2015 06:00,0
26-02-2015 07:00,0.072
26-02-2015 08:00,0.276
26-02-2015 09:00,0.551
26-02-2015 10:00,0.474
26-02-2015 11:00,0.256
26-02-2015 12:00,0.518
26-02-2015 13:00,0.638
26-02-2015 14:00,0.425
26-02-2015 15:00,0.189
26-02-2015 16:00,0.073
26-02-2015 17:00,0
26-02-2015 18:00,0
26-02-2015 19:00,0
26-02-2015 20:00,0
26-02-2015 21:00,0
26-02-2015 22:00,0
26-02-2015 23:00,0
27-02-2015 00:00,0
27-02-2015 01:00,0
27-02-2015 02:00,0
27-02-2015 03:00,0
27-02-2015 04:00,0
27-02-2015 05:00,0
27-02-2015 06:00,0
27-02-2015 07:00,0.029
27-02-2015 08:00,0.124
27-02-2015 09:00,0.19
27-02-2015 10:00,0.22
27-02-2015 11:00,0.328
27-02-2015 12:00,0.306
27-02-2015 13:00,0.202
27-02-2015 14:00,0.141
27-02-2015 15:00,0.118
27-02-2015 16:00,0.031
27-02-2015 17:00,0
27-02-2015 18:00,0
27-02-2015 19:00,0
27-02-2015 20:00,0
27-02-2015 21:00,0
27-02-2015 22:00,0
27-02-2015 23:00,0
28-02-2015 00:00,0
28-02-2015 01:00,0
28-02-2015 02:00,0
28-02-2015 03:00,0
28-02-2015 04:00,0
28-02-2015 05:00,0
28-02-2015 06:00,0
28-02-2015 07:00,0.115
28-02-2015 08:00,0.456
28-02-2015 09:00,0.626
28-02-2015 10:00,0.503
28-02-2015 11:00,0.144
28-02-2015 12:00,0.075
28-02-2015 13:00,0.097
28-02-2015 14:00,0.242
28-02-2015 15:00,0.236
28-02-2015 16:00,0.108
28-02-2015 17:00,0
28-02-2015 18:00,0
28-02-2015 19:00,0
28-02-2015 20:00,0
28-02-2015 21:00,0
28-02-2015 22:00,0
28-02-2015 23:00,0
01-03-2015 00:00,0
01-03-2015 01:00,0
01-03-2015 02:00,0
01-03-2015 03:00,0
01-03-2015 04:00,0
01-03-2015 05:00,0
01-03-2015 06:00,0.002
01-03-2015 07:00,0.054
01-03-2015 08:00,0.068
01-03-2015 09:00,0.02
01-03-2015 10:00,0.108
01-03-2015 11:00,0.065
01-03-2015 12:00,0.054
01-03-2015 13:00,0.044
01-03-2015 14:00,0.037
01-03-2015 15:00,0.103
01-03-2015 16:00,0.036
01-03-2015 17:00,0
01-03-2015 18:00,0
01-03-2015 19:00,0
01-03-2015 20:00,0
01-03-2015 21:00,0
01-03-2015 22:00,0
01-03-2015 23:00,0
02-03-2015 00:00,0
02-03-2015 01:00,0
02-03-2015 02:00,0
02-03-2015 03:00,0
02-03-2015 04:00,0
02-03-2015 05:00,0
02-03-2015 06:00,0.001
02-03-2015 07:00,0.166
02-03-2015 08:00,0.264
02-03-2015 09:00,0.169
02-03-2015 10:00,0.243
02-03-2015 11:00,0.488
02-03-2015 12:00,0.527
02-03-2015 13:00,0.553
02-03-2015 14:00,0.364
02-03-2015 15:00,0.247
02-03-2015 16:00,0.053
02-03-2015 17:00,0
02-03-2015 18:00,0
02-03-2015 19:00,0
02-03-2015 20:00,0
02-03-2015 21:00,0
02-03-2015 22:00,0
02-03-2015 23:00,0
03-03-2015 00:00,0
03-03-2015 01:00,0
03-03-2015 02:00,0
03-03-2015 03:00,0
03-03-2015 04:00,0
03-03-2015 05:00,0
03-03-2015 06:00,0.002
03-03-2015 07:00,0.144
03-03-2015 08:00,0.288
03-03-2015 09:00,0.361
03-03-2015 10:00,0.56
03-03-2015 11:00,0.709
03-03-2015 12:00,0.609
03-03-2015 13:00,0.497
03-03-2015 14:00,0.379
03-03-2015 15:00,0.286
03-03-2015 16:00,0.093
03-03-2015 17:00,0
03-03-2015 18:00,0
03-03-2015 19:00,0
03-03-2015 20:00,0
03-03-2015 21:00,0
03-03-2015 22:00,0
03-03-2015 23:00,0
04-03-2015 00:00,0
04-03-2015 01:00,0
04-03-2015 02:00,0
04-03-2015 03:00,0
04-03-2015 04:00,0
04-03-2015 05:00,0
04-03-2015 06:00,0.003
04-03-2015 07:00,0.076
04-03-2015 08:00,0.1
04-03-2015 09:00,0.14
04-03-2015 10:00,0.117
04-03-2015 11:00,0.143
04-03-2015 12:00,0.17
04-03-2015 13:00,0.14
04-03-2015 14:00,0.207
04-03-2015 15:00,0.12
04-03-2015 16:00,0.022
04-03-2015 17:00,0
04-03-2015 18:00,0
04-03-2015 19:00,0
04-03-2015 20:00,0
04-03-2015 21:00,0
04-03-2015 22:00,0
04-03-2015 23:00,0
05-03-2015 00:00,0
05-03-2015 01:00,0
05-03-2015 02:00,0
05-03-2015 03:00,0
05-03-2015 04:00,0
05-03-2015 05:00,0
05-03-2015 06:00,0.004
05-03-2015 07:00,0.173
05-03-2015 08:00,0.412
05-03-2015 09:00,0.502
05-03-2015 10:00,0.435
05-03-2015 11:00,0.545
05-03-2015 12:00,0.187
05-03-2015 13:00,0.18
05-03-2015 14:00,0.129
05-03-2015 15:00,0.083
05-03-2015 16:00,0.029
05-03-2015 17:00,0
05-03-2015 18:00,0
05-03-2015 19:00,0
05-03-2015 20:00,0
05-03-2015 21:00,0
05-03-2015 22:00,0
05-03-2015 23:00,0
06-03-2015 00:00,0
06-03-2015 01:00,0
06-03-2015 02:00,0
06-03-2015 03:00,0
06-03-2015 04:00,0
06-03-2015 05:00,0
06-03-2015 06:00,0
06-03-2015 07:00,0.055
06-03-2015 08:00,0.204
06-03-2015 09:00,0.258
06-03-2015 10:00,0.31
06-03-2015 11:00,0.175
06-03-2015 12:00,0.036
06-03-2015 13:00,0.037
06-03-2015 14:00,0.039
06-03-2015 15:00,0.031
06-03-2015 16:00,0.027
06-03-2015 17:00,0
06-03-2015 18:00,0
06-03-2015 19:00,0
06-03-2015 20:00,0
06-03-2015 21:00,0
06-03-2015 22:00,0
06-03-2015 23:00,0
07-03-2015 00:00,0
07-03-2015 01:00,0
07-03-2015 02:00,0
07-03-2015 03:00,0
07-03-2015 04:00,0
07-03-2015 05:00,0
07-03-2015 06:00,0.004
07-03-2015 07:00,0.134
07-03-2015 08:00,0.27
07-03-2015 09:00,0.314
07-03-2015 10:00,0.422
07-03-2015 11:00,0.363
07-03-2015 12:00,0.504
07-03-2015 13:00,0.534
07-03-2015 14:00,0.338
07-03-2015 15:00,0.23
07-03-2015 16:00,0.097
07-03-2015 17:00,0
07-03-2015 18:00,0
07-03-2015 19:00,0
07-03-2015 20:00,0
07-03-2015 21:00,0
07-03-2015 22:00,0
07-03-2015 23:00,0
08-03-2015 00:00,0
08-03-2015 01:00,0
08-03-2015 02:00,0
08-03-2015 03:00,0
08-03-2015 04:00,0
08-03-2015 05:00,0
08-03-2015 06:00,0
08-03-2015 07:00,0.203
08-03-2015 08:00,0.425
08-03-2015 09:00,0.51
08-03-2015 10:00,0.576
08-03-2015 11:00,0.647
08-03-2015 12:00,0.558
08-03-2015 13:00,0.438
08-03-2015 14:00,0.372
08-03-2015 15:00,0.285
08-03-2015 16:00,0.085
08-03-2015 17:00,0
08-03-2015 18:00,0
08-03-2015 19:00,0
08-03-2015 20:00,0
08-03-2015 21:00,0
08-03-2015 22:00,0
08-03-2015 23:00,0
09-03-2015 00:00,0
09-03-2015 01:00,0
09-03-2015 02:00,0
09-03-2015 03:00,0
09-03-2015 04:00,0
09-03-2015 05:00,0
09-03-2015 06:00,0.03
09-03-2015 07:00,0.24
09-03-2015 08:00,0.45
09-03-2015 09:00,0.557
09-03-2015 10:00,0.648
09-03-2015 11:00,0.742
09-03-2015 12:00,0.707
09-03-2015 13:00,0.651
09-03-2015 14:00,0.522
09-03-2015 15:00,0.345
09-03-2015 16:00,0.133
09-03-2015 17:00,0
09-03-2015 18:00,0
09-03-2015 19:00,0
09-03-2015 20:00,0
09-03-2015 21:00,0
09-03-2015 22:00,0
09-03-2015 23:00,0
10-03-2015 00:00,0
10-03-2015 01:00,0
10-03-2015 02:00,0
10-03-2015 03:00,0
10-03-2015 04:00,0
10-03-2015 05:00,0
10-03-2015 06:00,0.025
10-03-2015 07:00,0.23
10-03-2015 08:00,0.424
10-03-2015 09:00,0.432
10-03-2015 10:00,0.402
10-03-2015 11:00,0.247
10-03-2015 12:00,0.114
10-03-2015 13:00,0.078
10-03-2015 14:00,0.073
10-03-2015 15:00,0.05
10-03-2015 16:00,0.033
10-03-2015 17:00,0
10-03-2015 18:00,0
10-03-2015 19:00,0
10-03-2015 20:00,0
10-03-2015 21:00,0
10-03-2015 22:00,0
10-03-2015 23:00,0
11-03-2015 00:00,0
11-03-2015 01:00,0
11-03-2015 02:00,0
11-03-2015 03:00,0
11-03-2015 04:00,0
11-03-2015 05:00,0
11-03-2015 06:00,0.037
11-03-2015 07:00,0.266
11-03-2015 08:00,0.443
11-03-2015 09:00,0.543
11-03-2015 10:00,0.63
11-03-2015 11:00,0.744
11-03-2015 12:00,0.729
11-03-2015 13:00,0.672
11-03-2015 14:00,0.543
11-03-2015 15:00,0.365
11-03-2015 16:00,0.149
11-03-2015 17:00,0
11-03-2015 18:00,0
11-03-2015 19:00,0
11-03-2015 20:00,0
11-03-2015 21:00,0
11-03-2015 22:00,0
11-03-2015 23:00,0
12-03-2015 00:00,0
12-03-2015 01:00,0
12-03-2015 02:00,0
12-03-2015 03:00,0
12-03-2015 04:00,0
12-03-2015 05:00,0
12-03-2015 06:00,0.043
12-03-2015 07:00,0.273
12-03-2015 08:00,0.477
12-03-2015 09:00,0.481
12-03-2015 10:00,0.549
12-03-2015 11:00,0.624
12-03-2015 12:00,0.579
12-03-2015 13:00,0.542
12-03-2015 14:00,0.519
12-03-2015 15:00,0.364
12-03-2015 16:00,0.152
12-03-2015 17:00,0
12-03-2015 18:00,0
12-03-2015 19:00,0
12-03-2015 20:00,0
12-03-2015 21:00,0
12-03-2015 22:00,0
12-03-2015 23:00,0
13-03-2015 00:00,0
13-03-2015 01:00,0
13-03-2015 02:00,0
13-03-2015 03:00,0
13-03-2015 04:00,0
13-03-2015 05:00,0
13-03-2015 06:00,0.005
13-03-2015 07:00,0.051
13-03-2015 08:00,0.083
13-03-2015 09:00,0.098
13-03-2015 10:00,0.085
13-03-2015 11:00,0.138
13-03-2015 12:00,0.083
13-03-2015 13:00,0.04
13-03-2015 14:00,0.049
13-03-2015 15:00,0.06
13-03-2015 16:00,0.028
13-03-2015 17:00,0
13-03-2015 18:00,0
13-03-2015 19:00,0
13-03-2015 20:00,0
13-03-2015 21:00,0
13-03-2015 22:00,0
13-03-2015 23:00,0
14-03-2015 00:00,0
14-03-2015 01:00,0
14-03-2015 02:00,0
14-03-2015 03:00,0
14-03-2015 04:00,0
14-03-2015 05:00,0
14-03-2015 06:00,0.003
14-03-2015 07:00,0.016
14-03-2015 08:00,0.078
14-03-2015 09:00,0.1
14-03-2015 10:00,0.132
14-03-2015 11:00,0.135
14-03-2015 12:00,0.104
14-03-2015 13:00,0.117
14-03-2015 14:00,0.099
14-03-2015 15:00,0.077
14-03-2015 16:00,0.037
14-03-2015 17:00,0
14-03-2015 18:00,0
14-03-2015 19:00,0
14-03-2015 20:00,0
14-03-2015 21:00,0
14-03-2015 22:00,0
14-03-2015 23:00,0
15-03-2015 00:00,0
15-03-2015 01:00,0
15-03-2015 02:00,0
15-03-2015 03:00,0
15-03-2015 04:00,0
15-03-2015 05:00,0
15-03-2015 06:00,0.007
15-03-2015 07:00,0.042
15-03-2015 08:00,0.058
15-03-2015 09:00,0.055
15-03-2015 10:00,0.074
15-03-2015 11:00,0.052
15-03-2015 12:00,0.054
15-03-2015 13:00,0.045
15-03-2015 14:00,0.029
15-03-2015 15:00,0.05
15-03-2015 16:00,0.039
15-03-2015 17:00,0
15-03-2015 18:00,0
15-03-2015 19:00,0
15-03-2015 20:00,0
15-03-2015 21:00,0
15-03-2015 22:00,0
15-03-2015 23:00,0
16-03-2015 00:00,0
16-03-2015 01:00,0
16-03-2015 02:00,0
16-03-2015 03:00,0
16-03-2015 04:00,0
16-03-2015 05:00,0
16-03-2015 06:00,0.031
16-03-2015 07:00,0.192
16-03-2015 08:00,0.337
16-03-2015 09:00,0.32
16-03-2015 10:00,0.27
16-03-2015 11:00,0.616
16-03-2015 12:00,0.612
16-03-2015 13:00,0.594
16-03-2015 14:00,0.528
16-03-2015 15:00,0.375
16-03-2015 16:00,0.174
16-03-2015 17:00,0.002
16-03-2015 18:00,0
16-03-2015 19:00,0
16-03-2015 20:00,0
16-03-2015 21:00,0
16-03-2015 22:00,0
16-03-2015 23:00,0
17-03-2015 00:00,0
17-03-2015 01:00,0
17-03-2015 02:00,0
17-03-2015 03:00,0
17-03-2015 04:00,0
17-03-2015 05:00,0
17-03-2015 06:00,0.063
17-03-2015 07:00,0.24
17-03-2015 08:00,0.411
17-03-2015 09:00,0.441
17-03-2015 10:00,0.484
17-03-2015 11:00,0.652
17-03-2015 12:00,0.713
17-03-2015 13:00,0.615
17-03-2015 14:00,0.49
17-03-2015 15:00,0.31
17-03-2015 16:00,0.128
17-03-2015 17:00,0
17-03-2015 18:00,0
17-03-2015 19:00,0
17-03-2015 20:00,0
17-03-2015 21:00,0
17-03-2015 22:00,0
17-03-2015 23:00,0
18-03-2015 00:00,0
18-03-2015 01:00,0
18-03-2015 02:00,0
18-03-2015 03:00,0
18-03-2015 04:00,0
18-03-2015 05:00,0
18-03-2015 06:00,0.023
18-03-2015 07:00,0.144
18-03-2015 08:00,0.354
18-03-2015 09:00,0.48
18-03-2015 10:00,0.555
18-03-2015 11:00,0.734
18-03-2015 12:00,0.755
18-03-2015 13:00,0.679
18-03-2015 14:00,0.545
18-03-2015 15:00,0.38
18-03-2015 16:00,0.214
18-03-2015 17:00,0.075
18-03-2015 18:00,0
18-03-2015 19:00,0
18-03-2015 20:00,0
18-03-2015 21:00,0
18-03-2015 22:00,0
18-03-2015 23:00,0
19-03-2015 00:00,0
19-03-2015 01:00,0
19-03-2015 02:00,0
19-03-2015 03:00,0
19-03-2015 04:00,0
19-03-2015 05:00,0
19-03-2015 06:00,0.073
19-03-2015 07:00,0.297
19-03-2015 08:00,0.497
19-03-2015 09:00,0.585
19-03-2015 10:00,0.67
19-03-2015 11:00,0.762
19-03-2015 12:00,0.744
19-03-2015 13:00,0.67
19-03-2015 14:00,0.544
19-03-2015 15:00,0.376
19-03-2015 16:00,0.174
19-03-2015 17:00,0.003
19-03-2015 18:00,0
19-03-2015 19:00,0
19-03-2015 20:00,0
19-03-2015 21:00,0
19-03-2015 22:00,0
19-03-2015 23:00,0
20-03-2015 00:00,0
20-03-2015 01:00,0
20-03-2015 02:00,0
20-03-2015 03:00,0
20-03-2015 04:00,0
20-03-2015 05:00,0
20-03-2015 06:00,0.093
20-03-2015 07:00,0.335
20-03-2015 08:00,0.544
20-03-2015 09:00,0.686
20-03-2015 10:00,0.78
20-03-2015 11:00,0.805
20-03-2015 12:00,0.784
20-03-2015 13:00,0.712
20-03-2015 14:00,0.578
20-03-2015 15:00,0.399
20-03-2015 16:00,0.184
20-03-2015 17:00,0.008
20-03-2015 18:00,0
20-03-2015 19:00,0
20-03-2015 20:00,0
20-03-2015 21:00,0
20-03-2015 22:00,0
20-03-2015 23:00,0
21-03-2015 00:00,0
21-03-2015 01:00,0
21-03-2015 02:00,0
21-03-2015 03:00,0
21-03-2015 04:00,0
21-03-2015 05:00,0
21-03-2015 06:00,0.07
21-03-2015 07:00,0.224
21-03-2015 08:00,0.2
21-03-2015 09:00,0.313
21-03-2015 10:00,0.104
21-03-2015 11:00,0.095
21-03-2015 12:00,0.103
21-03-2015 13:00,0.102
21-03-2015 14:00,0.064
21-03-2015 15:00,0.064
21-03-2015 16:00,0.047
21-03-2015 17:00,0
21-03-2015 18:00,0
21-03-2015 19:00,0
21-03-2015 20:00,0
21-03-2015 21:00,0
21-03-2015 22:00,0
21-03-2015 23:00,0
22-03-2015 00:00,0
22-03-2015 01:00,0
22-03-2015 02:00,0
22-03-2015 03:00,0
22-03-2015 04:00,0
22-03-2015 05:00,0
22-03-2015 06:00,0.005
22-03-2015 07:00,0.048
22-03-2015 08:00,0.103
22-03-2015 09:00,0.177
22-03-2015 10:00,0.173
22-03-2015 11:00,0.202
22-03-2015 12:00,0.314
22-03-2015 13:00,0.29
22-03-2015 14:00,0.33
22-03-2015 15:00,0.225
22-03-2015 16:00,0.153
22-03-2015 17:00,0.013
22-03-2015 18:00,0
22-03-2015 19:00,0
22-03-2015 20:00,0
22-03-2015 21:00,0
22-03-2015 22:00,0
22-03-2015 23:00,0
23-03-2015 00:00,0
23-03-2015 01:00,0
23-03-2015 02:00,0
23-03-2015 03:00,0
23-03-2015 04:00,0
23-03-2015 05:00,0
23-03-2015 06:00,0.046
23-03-2015 07:00,0.154
23-03-2015 08:00,0.249
23-03-2015 09:00,0.245
23-03-2015 10:00,0.313
23-03-2015 11:00,0.578
23-03-2015 12:00,0.644
23-03-2015 13:00,0.606
23-03-2015 14:00,0.544
23-03-2015 15:00,0.314
23-03-2015 16:00,0.094
23-03-2015 17:00,0.005
23-03-2015 18:00,0
23-03-2015 19:00,0
23-03-2015 20:00,0
23-03-2015 21:00,0
23-03-2015 22:00,0
23-03-2015 23:00,0
24-03-2015 00:00,0
24-03-2015 01:00,0
24-03-2015 02:00,0
24-03-2015 03:00,0
24-03-2015 04:00,0
24-03-2015 05:00,0
24-03-2015 06:00,0.03
24-03-2015 07:00,0.076
24-03-2015 08:00,0.183
24-03-2015 09:00,0.265
24-03-2015 10:00,0.561
24-03-2015 11:00,0.521
24-03-2015 12:00,0.247
24-03-2015 13:00,0.26
24-03-2015 14:00,0.174
24-03-2015 15:00,0.078
24-03-2015 16:00,0.065
24-03-2015 17:00,0.001
24-03-2015 18:00,0
24-03-2015 19:00,0
24-03-2015 20:00,0
24-03-2015 21:00,0
24-03-2015 22:00,0
24-03-2015 23:00,0
25-03-2015 00:00,0
25-03-2015 01:00,0
25-03-2015 02:00,0
25-03-2015 03:00,0
25-03-2015 04:00,0
25-03-2015 05:00,0
25-03-2015 06:00,0.112
25-03-2015 07:00,0.34
25-03-2015 08:00,0.524
25-03-2015 09:00,0.614
25-03-2015 10:00,0.694
25-03-2015 11:00,0.768
25-03-2015 12:00,0.744
25-03-2015 13:00,0.607
25-03-2015 14:00,0.387
25-03-2015 15:00,0.23
25-03-2015 16:00,0.127
25-03-2015 17:00,0.01
25-03-2015 18:00,0
25-03-2015 19:00,0
25-03-2015 20:00,0
25-03-2015 21:00,0
25-03-2015 22:00,0
25-03-2015 23:00,0
26-03-2015 00:00,0
26-03-2015 01:00,0
26-03-2015 02:00,0
26-03-2015 03:00,0
26-03-2015 04:00,0
26-03-2015 05:00,0
26-03-2015 06:00,0
26-03-2015 07:00,0.088
26-03-2015 08:00,0.123
26-03-2015 09:00,0.104
26-03-2015 10:00,0.147
26-03-2015 11:00,0.179
26-03-2015 12:00,0.089
26-03-2015 13:00,0.071
26-03-2015 14:00,0.052
26-03-2015 15:00,0.074
26-03-2015 16:00,0.063
26-03-2015 17:00,0.002
26-03-2015 18:00,0
26-03-2015 19:00,0
26-03-2015 20:00,0
26-03-2015 21:00,0
26-03-2015 22:00,0
26-03-2015 23:00,0
27-03-2015 00:00,0
27-03-2015 01:00,0
27-03-2015 02:00,0
27-03-2015 03:00,0
27-03-2015 04:00,0
27-03-2015 05:00,0
27-03-2015 06:00,0.041
27-03-2015 07:00,0.068
27-03-2015 08:00,0.252
27-03-2015 09:00,0.346
27-03-2015 10:00,0.215
27-03-2015 11:00,0.193
27-03-2015 12:00,0.093
27-03-2015 13:00,0.059
27-03-2015 14:00,0.05
27-03-2015 15:00,0.097
27-03-2015 16:00,0.04
27-03-2015 17:00,0.002
27-03-2015 18:00,0
27-03-2015 19:00,0
27-03-2015 20:00,0
27-03-2015 21:00,0
27-03-2015 22:00,0
27-03-2015 23:00,0
28-03-2015 00:00,0
28-03-2015 01:00,0
28-03-2015 02:00,0
28-03-2015 03:00,0
28-03-2015 04:00,0
28-03-2015 05:00,0
28-03-2015 06:00,0.054
28-03-2015 07:00,0.183
28-03-2015 08:00,0.303
28-03-2015 09:00,0.223
28-03-2015 10:00,0.282
28-03-2015 11:00,0.617
28-03-2015 12:00,0.786
28-03-2015 13:00,0.729
28-03-2015 14:00,0.468
28-03-2015 15:00,0.136
28-03-2015 16:00,0.036
28-03-2015 17:00,0.002
28-03-2015 18:00,0
28-03-2015 19:00,0
28-03-2015 20:00,0
28-03-2015 21:00,0
28-03-2015 22:00,0
28-03-2015 23:00,0
29-03-2015 00:00,0
29-03-2015 01:00,0
29-03-2015 02:00,0
29-03-2015 03:00,0
29-03-2015 04:00,0
29-03-2015 05:00,0
29-03-2015 06:00,0.014
29-03-2015 07:00,0.054
29-03-2015 08:00,0.107
29-03-2015 09:00,0.131
29-03-2015 10:00,0.102
29-03-2015 11:00,0.107
29-03-2015 12:00,0.139
29-03-2015 13:00,0.091
29-03-2015 14:00,0.086
29-03-2015 15:00,0.115
29-03-2015 16:00,0.048
29-03-2015 17:00,0
29-03-2015 18:00,0
29-03-2015 19:00,0
29-03-2015 20:00,0
29-03-2015 21:00,0
29-03-2015 22:00,0
29-03-2015 23:00,0
30-03-2015 00:00,0
30-03-2015 01:00,0
30-03-2015 02:00,0
30-03-2015 03:00,0
30-03-2015 04:00,0
30-03-2015 05:00,0
30-03-2015 06:00,0.117
30-03-2015 07:00,0.292
30-03-2015 08:00,0.378
30-03-2015 09:00,0.307
30-03-2015 10:00,0.329
30-03-2015 11:00,0.659
30-03-2015 12:00,0.521
30-03-2015 13:00,0.329
30-03-2015 14:00,0.453
30-03-2015 15:00,0.246
30-03-2015 16:00,0.185
30-03-2015 17:00,0.02
30-03-2015 18:00,0
30-03-2015 19:00,0
30-03-2015 20:00,0
30-03-2015 21:00,0
30-03-2015 22:00,0
30-03-2015 23:00,0
31-03-2015 00:00,0
31-03-2015 01:00,0
31-03-2015 02:00,0
31-03-2015 03:00,0
31-03-2015 04:00,0
31-03-2015 05:00,0
31-03-2015 06:00,0.032
31-03-2015 07:00,0.067
31-03-2015 08:00,0.123
31-03-2015 09:00,0.142
31-03-2015 10:00,0.216
31-03-2015 11:00,0.288
31-03-2015 12:00,0.351
31-03-2015 13:00,0.455
31-03-2015 14:00,0.196
31-03-2015 15:00,0.31
31-03-2015 16:00,0.205
31-03-2015 17:00,0.026
31-03-2015 18:00,0
31-03-2015 19:00,0
31-03-2015 20:00,0
31-03-2015 21:00,0
31-03-2015 22:00,0
31-03-2015 23:00,0
01-04-2015 00:00,0
01-04-2015 01:00,0
01-04-2015 02:00,0
01-04-2015 03:00,0
01-04-2015 04:00,0
01-04-2015 05:00,0
01-04-2015 06:00,0.014
01-04-2015 07:00,0.126
01-04-2015 08:00,0.273
01-04-2015 09:00,0.301
01-04-2015 10:00,0.298
01-04-2015 11:00,0.488
01-04-2015 12:00,0.699
01-04-2015 13:00,0.518
01-04-2015 14:00,0.379
01-04-2015 15:00,0.127
01-04-2015 16:00,0.074
01-04-2015 17:00,0.017
01-04-2015 18:00,0
01-04-2015 19:00,0
01-04-2015 20:00,0
01-04-2015 21:00,0
01-04-2015 22:00,0
01-04-2015 23:00,0
02-04-2015 00:00,0
02-04-2015 01:00,0
02-04-2015 02:00,0
02-04-2015 03:00,0
02-04-2015 04:00,0
02-04-2015 05:00,0
02-04-2015 06:00,0.017
02-04-2015 07:00,0.035
02-04-2015 08:00,0.063
02-04-2015 09:00,0.131
02-04-2015 10:00,0.208
02-04-2015 11:00,0.445
02-04-2015 12:00,0.299
02-04-2015 13:00,0.581
02-04-2015 14:00,0.348
02-04-2015 15:00,0.228
02-04-2015 16:00,0.148
02-04-2015 17:00,0
02-04-2015 18:00,0
02-04-2015 19:00,0
02-04-2015 20:00,0
02-04-2015 21:00,0
02-04-2015 22:00,0
02-04-2015 23:00,0
03-04-2015 00:00,0
03-04-2015 01:00,0
03-04-2015 02:00,0
03-04-2015 03:00,0
03-04-2015 04:00,0
03-04-2015 05:00,0
03-04-2015 06:00,0.031
03-04-2015 07:00,0.151
03-04-2015 08:00,0.26
03-04-2015 09:00,0.33
03-04-2015 10:00,0.518
03-04-2015 11:00,0.687
03-04-2015 12:00,0.714
03-04-2015 13:00,0.657
03-04-2015 14:00,0.534
03-04-2015 15:00,0.372
03-04-2015 16:00,0.176
03-04-2015 17:00,0.024
03-04-2015 18:00,0
03-04-2015 19:00,0
03-04-2015 20:00,0
03-04-2015 21:00,0
03-04-2015 22:00,0
03-04-2015 23:00,0
04-04-2015 00:00,0
04-04-2015 01:00,0
04-04-2015 02:00,0
04-04-2015 03:00,0
04-04-2015 04:00,0
04-04-2015 05:00,0
04-04-2015 06:00,0.006
04-04-2015 07:00,0.029
04-04-2015 08:00,0.087
04-04-2015 09:00,0.297
04-04-2015 10:00,0.464
04-04-2015 11:00,0.384
04-04-2015 12:00,0.294
04-04-2015 13:00,0.273
04-04-2015 14:00,0.089
04-04-2015 15:00,0.131
04-04-2015 16:00,0.088
04-04-2015 17:00,0.018
04-04-2015 18:00,0
04-04-2015 19:00,0
04-04-2015 20:00,0
04-04-2015 21:00,0
04-04-2015 22:00,0
04-04-2015 23:00,0
05-04-2015 00:00,0
05-04-2015 01:00,0
05-04-2015 02:00,0
05-04-2015 03:00,0
05-04-2015 04:00,0
05-04-2015 05:00,0.007
05-04-2015 06:00,0.164
05-04-2015 07:00,0.383
05-04-2015 08:00,0.528
05-04-2015 09:00,0.5
05-04-2015 10:00,0.557
05-04-2015 11:00,0.529
05-04-2015 12:00,0.515
05-04-2015 13:00,0.362
05-04-2015 14:00,0.278
05-04-2015 15:00,0.133
05-04-2015 16:00,0.09
05-04-2015 17:00,0.018
05-04-2015 18:00,0
05-04-2015 19:00,0
05-04-2015 20:00,0
05-04-2015 21:00,0
05-04-2015 22:00,0
05-04-2015 23:00,0
06-04-2015 00:00,0
06-04-2015 01:00,0
06-04-2015 02:00,0
06-04-2015 03:00,0
06-04-2015 04:00,0
06-04-2015 05:00,0
06-04-2015 06:00,0.04
06-04-2015 07:00,0.115
06-04-2015 08:00,0.241
06-04-2015 09:00,0.581
06-04-2015 10:00,0.568
06-04-2015 11:00,0.402
06-04-2015 12:00,0.272
06-04-2015 13:00,0.312
06-04-2015 14:00,0.243
06-04-2015 15:00,0.305
06-04-2015 16:00,0.183
06-04-2015 17:00,0.03
06-04-2015 18:00,0
06-04-2015 19:00,0
06-04-2015 20:00,0
06-04-2015 21:00,0
06-04-2015 22:00,0
06-04-2015 23:00,0
07-04-2015 00:00,0
07-04-2015 01:00,0
07-04-2015 02:00,0
07-04-2015 03:00,0
07-04-2015 04:00,0
07-04-2015 05:00,0.01
07-04-2015 06:00,0.175
07-04-2015 07:00,0.366
07-04-2015 08:00,0.415
07-04-2015 09:00,0.567
07-04-2015 10:00,0.741
07-04-2015 11:00,0.799
07-04-2015 12:00,0.747
07-04-2015 13:00,0.584
07-04-2015 14:00,0.425
07-04-2015 15:00,0.364
07-04-2015 16:00,0.219
07-04-2015 17:00,0.035
07-04-2015 18:00,0
07-04-2015 19:00,0
07-04-2015 20:00,0
07-04-2015 21:00,0
07-04-2015 22:00,0
07-04-2015 23:00,0
08-04-2015 00:00,0
08-04-2015 01:00,0
08-04-2015 02:00,0
08-04-2015 03:00,0
08-04-2015 04:00,0
08-04-2015 05:00,0
08-04-2015 06:00,0.087
08-04-2015 07:00,0.284
08-04-2015 08:00,0.484
08-04-2015 09:00,0.566
08-04-2015 10:00,0.608
08-04-2015 11:00,0.753
08-04-2015 12:00,0.772
08-04-2015 13:00,0.704
08-04-2015 14:00,0.582
08-04-2015 15:00,0.412
08-04-2015 16:00,0.213
08-04-2015 17:00,0.037
08-04-2015 18:00,0
08-04-2015 19:00,0
08-04-2015 20:00,0
08-04-2015 21:00,0
08-04-2015 22:00,0
08-04-2015 23:00,0
09-04-2015 00:00,0
09-04-2015 01:00,0
09-04-2015 02:00,0
09-04-2015 03:00,0
09-04-2015 04:00,0
09-04-2015 05:00,0.011
09-04-2015 06:00,0.149
09-04-2015 07:00,0.345
09-04-2015 08:00,0.487
09-04-2015 09:00,0.558
09-04-2015 10:00,0.593
09-04-2015 11:00,0.644
09-04-2015 12:00,0.694
09-04-2015 13:00,0.672
09-04-2015 14:00,0.557
09-04-2015 15:00,0.397
09-04-2015 16:00,0.206
09-04-2015 17:00,0.036
09-04-2015 18:00,0
09-04-2015 19:00,0
09-04-2015 20:00,0
09-04-2015 21:00,0
09-04-2015 22:00,0
09-04-2015 23:00,0
10-04-2015 00:00,0
10-04-2015 01:00,0
10-04-2015 02:00,0
10-04-2015 03:00,0
10-04-2015 04:00,0
10-04-2015 05:00,0.015
10-04-2015 06:00,0.177
10-04-2015 07:00,0.378
10-04-2015 08:00,0.55
10-04-2015 09:00,0.676
10-04-2015 10:00,0.75
10-04-2015 11:00,0.777
10-04-2015 12:00,0.741
10-04-2015 13:00,0.681
10-04-2015 14:00,0.535
10-04-2015 15:00,0.36
10-04-2015 16:00,0.192
10-04-2015 17:00,0.04
10-04-2015 18:00,0
10-04-2015 19:00,0
10-04-2015 20:00,0
10-04-2015 21:00,0
10-04-2015 22:00,0
10-04-2015 23:00,0
11-04-2015 00:00,0
11-04-2015 01:00,0
11-04-2015 02:00,0
11-04-2015 03:00,0
11-04-2015 04:00,0
11-04-2015 05:00,0.009
11-04-2015 06:00,0.081
11-04-2015 07:00,0.312
11-04-2015 08:00,0.361
11-04-2015 09:00,0.371
11-04-2015 10:00,0.594
11-04-2015 11:00,0.63
11-04-2015 12:00,0.354
11-04-2015 13:00,0.189
11-04-2015 14:00,0.136
11-04-2015 15:00,0.117
11-04-2015 16:00,0.02
11-04-2015 17:00,0.004
11-04-2015 18:00,0
11-04-2015 19:00,0
11-04-2015 20:00,0
11-04-2015 21:00,0
11-04-2015 22:00,0
11-04-2015 23:00,0
12-04-2015 00:00,0
12-04-2015 01:00,0
12-04-2015 02:00,0
12-04-2015 03:00,0
12-04-2015 04:00,0
12-04-2015 05:00,0.009
12-04-2015 06:00,0.11
12-04-2015 07:00,0.238
12-04-2015 08:00,0.421
12-04-2015 09:00,0.422
12-04-2015 10:00,0.537
12-04-2015 11:00,0.555
12-04-2015 12:00,0.532
12-04-2015 13:00,0.578
12-04-2015 14:00,0.45
12-04-2015 15:00,0.328
12-04-2015 16:00,0.207
12-04-2015 17:00,0.043
12-04-2015 18:00,0
12-04-2015 19:00,0
12-04-2015 20:00,0
12-04-2015 21:00,0
12-04-2015 22:00,0
12-04-2015 23:00,0
13-04-2015 00:00,0
13-04-2015 01:00,0
13-04-2015 02:00,0
13-04-2015 03:00,0
13-04-2015 04:00,0
13-04-2015 05:00,0.019
13-04-2015 06:00,0.115
13-04-2015 07:00,0.144
13-04-2015 08:00,0.172
13-04-2015 09:00,0.303
13-04-2015 10:00,0.453
13-04-2015 11:00,0.545
13-04-2015 12:00,0.518
13-04-2015 13:00,0.513
13-04-2015 14:00,0.385
13-04-2015 15:00,0.308
13-04-2015 16:00,0.126
13-04-2015 17:00,0.031
13-04-2015 18:00,0
13-04-2015 19:00,0
13-04-2015 20:00,0
13-04-2015 21:00,0
13-04-2015 22:00,0
13-04-2015 23:00,0
14-04-2015 00:00,0
14-04-2015 01:00,0
14-04-2015 02:00,0
14-04-2015 03:00,0
14-04-2015 04:00,0
14-04-2015 05:00,0.024
14-04-2015 06:00,0.184
14-04-2015 07:00,0.39
14-04-2015 08:00,0.568
14-04-2015 09:00,0.66
14-04-2015 10:00,0.698
14-04-2015 11:00,0.57
14-04-2015 12:00,0.642
14-04-2015 13:00,0.545
14-04-2015 14:00,0.441
14-04-2015 15:00,0.233
14-04-2015 16:00,0.131
14-04-2015 17:00,0.039
14-04-2015 18:00,0
14-04-2015 19:00,0
14-04-2015 20:00,0
14-04-2015 21:00,0
14-04-2015 22:00,0
14-04-2015 23:00,0
15-04-2015 00:00,0
15-04-2015 01:00,0
15-04-2015 02:00,0
15-04-2015 03:00,0
15-04-2015 04:00,0
15-04-2015 05:00,0.028
15-04-2015 06:00,0.2
15-04-2015 07:00,0.389
15-04-2015 08:00,0.568
15-04-2015 09:00,0.677
15-04-2015 10:00,0.765
15-04-2015 11:00,0.8
15-04-2015 12:00,0.767
15-04-2015 13:00,0.701
15-04-2015 14:00,0.581
15-04-2015 15:00,0.419
15-04-2015 16:00,0.219
15-04-2015 17:00,0.046
15-04-2015 18:00,0
15-04-2015 19:00,0
15-04-2015 20:00,0
15-04-2015 21:00,0
15-04-2015 22:00,0
15-04-2015 23:00,0
16-04-2015 00:00,0
16-04-2015 01:00,0
16-04-2015 02:00,0
16-04-2015 03:00,0
16-04-2015 04:00,0
16-04-2015 05:00,0.027
16-04-2015 06:00,0.187
16-04-2015 07:00,0.36
16-04-2015 08:00,0.523
16-04-2015 09:00,0.663
16-04-2015 10:00,0.737
16-04-2015 11:00,0.719
16-04-2015 12:00,0.623
16-04-2015 13:00,0.567
16-04-2015 14:00,0.459
16-04-2015 15:00,0.252
16-04-2015 16:00,0.105
16-04-2015 17:00,0.019
16-04-2015 18:00,0
16-04-2015 19:00,0
16-04-2015 20:00,0
16-04-2015 21:00,0
16-04-2015 22:00,0
16-04-2015 23:00,0
17-04-2015 00:00,0
17-04-2015 01:00,0
17-04-2015 02:00,0
17-04-2015 03:00,0
17-04-2015 04:00,0
17-04-2015 05:00,0.012
17-04-2015 06:00,0.076
17-04-2015 07:00,0.205
17-04-2015 08:00,0.427
17-04-2015 09:00,0.678
17-04-2015 10:00,0.715
17-04-2015 11:00,0.737
17-04-2015 12:00,0.762
17-04-2015 13:00,0.7
17-04-2015 14:00,0.47
17-04-2015 15:00,0.25
17-04-2015 16:00,0.129
17-04-2015 17:00,0.033
17-04-2015 18:00,0
17-04-2015 19:00,0
17-04-2015 20:00,0
17-04-2015 21:00,0
17-04-2015 22:00,0
17-04-2015 23:00,0
18-04-2015 00:00,0
18-04-2015 01:00,0
18-04-2015 02:00,0
18-04-2015 03:00,0
18-04-2015 04:00,0
18-04-2015 05:00,0.036
18-04-2015 06:00,0.215
18-04-2015 07:00,0.378
18-04-2015 08:00,0.508
18-04-2015 09:00,0.524
18-04-2015 10:00,0.447
18-04-2015 11:00,0.496
18-04-2015 12:00,0.569
18-04-2015 13:00,0.621
18-04-2015 14:00,0.561
18-04-2015 15:00,0.429
18-04-2015 16:00,0.24
18-04-2015 17:00,0.053
18-04-2015 18:00,0
18-04-2015 19:00,0
18-04-2015 20:00,0
18-04-2015 21:00,0
18-04-2015 22:00,0
18-04-2015 23:00,0
19-04-2015 00:00,0
19-04-2015 01:00,0
19-04-2015 02:00,0
19-04-2015 03:00,0
19-04-2015 04:00,0
19-04-2015 05:00,0.039
19-04-2015 06:00,0.226
19-04-2015 07:00,0.43
19-04-2015 08:00,0.601
19-04-2015 09:00,0.73
19-04-2015 10:00,0.796
19-04-2015 11:00,0.795
19-04-2015 12:00,0.791
19-04-2015 13:00,0.728
19-04-2015 14:00,0.604
19-04-2015 15:00,0.434
19-04-2015 16:00,0.239
19-04-2015 17:00,0.055
19-04-2015 18:00,0
19-04-2015 19:00,0
19-04-2015 20:00,0
19-04-2015 21:00,0
19-04-2015 22:00,0
19-04-2015 23:00,0
20-04-2015 00:00,0
20-04-2015 01:00,0
20-04-2015 02:00,0
20-04-2015 03:00,0
20-04-2015 04:00,0
20-04-2015 05:00,0.039
20-04-2015 06:00,0.224
20-04-2015 07:00,0.434
20-04-2015 08:00,0.599
20-04-2015 09:00,0.726
20-04-2015 10:00,0.794
20-04-2015 11:00,0.826
20-04-2015 12:00,0.791
20-04-2015 13:00,0.724
20-04-2015 14:00,0.6
20-04-2015 15:00,0.434
20-04-2015 16:00,0.24
20-04-2015 17:00,0.057
20-04-2015 18:00,0
20-04-2015 19:00,0
20-04-2015 20:00,0
20-04-2015 21:00,0
20-04-2015 22:00,0
20-04-2015 23:00,0
21-04-2015 00:00,0
21-04-2015 01:00,0
21-04-2015 02:00,0
21-04-2015 03:00,0
21-04-2015 04:00,0
21-04-2015 05:00,0.043
21-04-2015 06:00,0.228
21-04-2015 07:00,0.421
21-04-2015 08:00,0.58
21-04-2015 09:00,0.717
21-04-2015 10:00,0.782
21-04-2015 11:00,0.81
21-04-2015 12:00,0.779
21-04-2015 13:00,0.711
21-04-2015 14:00,0.593
21-04-2015 15:00,0.428
21-04-2015 16:00,0.238
21-04-2015 17:00,0.056
21-04-2015 18:00,0
21-04-2015 19:00,0
21-04-2015 20:00,0
21-04-2015 21:00,0
21-04-2015 22:00,0
21-04-2015 23:00,0
22-04-2015 00:00,0
22-04-2015 01:00,0
22-04-2015 02:00,0
22-04-2015 03:00,0
22-04-2015 04:00,0
22-04-2015 05:00,0.045
22-04-2015 06:00,0.238
22-04-2015 07:00,0.443
22-04-2015 08:00,0.607
22-04-2015 09:00,0.729
22-04-2015 10:00,0.715
22-04-2015 11:00,0.4
22-04-2015 12:00,0.426
22-04-2015 13:00,0.348
22-04-2015 14:00,0.36
22-04-2015 15:00,0.156
22-04-2015 16:00,0.076
22-04-2015 17:00,0.037
22-04-2015 18:00,0
22-04-2015 19:00,0
22-04-2015 20:00,0
22-04-2015 21:00,0
22-04-2015 22:00,0
22-04-2015 23:00,0
23-04-2015 00:00,0
23-04-2015 01:00,0
23-04-2015 02:00,0
23-04-2015 03:00,0
23-04-2015 04:00,0
23-04-2015 05:00,0.047
23-04-2015 06:00,0.234
23-04-2015 07:00,0.436
23-04-2015 08:00,0.602
23-04-2015 09:00,0.727
23-04-2015 10:00,0.792
23-04-2015 11:00,0.814
23-04-2015 12:00,0.793
23-04-2015 13:00,0.723
23-04-2015 14:00,0.604
23-04-2015 15:00,0.435
23-04-2015 16:00,0.241
23-04-2015 17:00,0.06
23-04-2015 18:00,0
23-04-2015 19:00,0
23-04-2015 20:00,0
23-04-2015 21:00,0
23-04-2015 22:00,0
23-04-2015 23:00,0
24-04-2015 00:00,0
24-04-2015 01:00,0
24-04-2015 02:00,0
24-04-2015 03:00,0
24-04-2015 04:00,0
24-04-2015 05:00,0.049
24-04-2015 06:00,0.234
24-04-2015 07:00,0.435
24-04-2015 08:00,0.598
24-04-2015 09:00,0.724
24-04-2015 10:00,0.792
24-04-2015 11:00,0.822
24-04-2015 12:00,0.791
24-04-2015 13:00,0.719
24-04-2015 14:00,0.597
24-04-2015 15:00,0.431
24-04-2015 16:00,0.241
24-04-2015 17:00,0.06
24-04-2015 18:00,0
24-04-2015 19:00,0
24-04-2015 20:00,0
24-04-2015 21:00,0
24-04-2015 22:00,0
24-04-2015 23:00,0
25-04-2015 00:00,0
25-04-2015 01:00,0
25-04-2015 02:00,0
25-04-2015 03:00,0
25-04-2015 04:00,0
25-04-2015 05:00,0.026
25-04-2015 06:00,0.064
25-04-2015 07:00,0.167
25-04-2015 08:00,0.208
25-04-2015 09:00,0.265
25-04-2015 10:00,0.286
25-04-2015 11:00,0.285
25-04-2015 12:00,0.406
25-04-2015 13:00,0.29
25-04-2015 14:00,0.187
25-04-2015 15:00,0.137
25-04-2015 16:00,0.08
25-04-2015 17:00,0.006
25-04-2015 18:00,0
25-04-2015 19:00,0
25-04-2015 20:00,0
25-04-2015 21:00,0
25-04-2015 22:00,0
25-04-2015 23:00,0
26-04-2015 00:00,0
26-04-2015 01:00,0
26-04-2015 02:00,0
26-04-2015 03:00,0
26-04-2015 04:00,0
26-04-2015 05:00,0.01
26-04-2015 06:00,0.052
26-04-2015 07:00,0.1
26-04-2015 08:00,0.17
26-04-2015 09:00,0.288
26-04-2015 10:00,0.378
26-04-2015 11:00,0.387
26-04-2015 12:00,0.415
26-04-2015 13:00,0.243
26-04-2015 14:00,0.263
26-04-2015 15:00,0.36
26-04-2015 16:00,0.176
26-04-2015 17:00,0.04
26-04-2015 18:00,0
26-04-2015 19:00,0
26-04-2015 20:00,0
26-04-2015 21:00,0
26-04-2015 22:00,0
26-04-2015 23:00,0
27-04-2015 00:00,0
27-04-2015 01:00,0
27-04-2015 02:00,0
27-04-2015 03:00,0
27-04-2015 04:00,0
27-04-2015 05:00,0.005
27-04-2015 06:00,0.027
27-04-2015 07:00,0.069
27-04-2015 08:00,0.14
27-04-2015 09:00,0.258
27-04-2015 10:00,0.376
27-04-2015 11:00,0.305
27-04-2015 12:00,0.214
27-04-2015 13:00,0.095
27-04-2015 14:00,0.096
27-04-2015 15:00,0.142
27-04-2015 16:00,0.088
27-04-2015 17:00,0.003
27-04-2015 18:00,0
27-04-2015 19:00,0
27-04-2015 20:00,0
27-04-2015 21:00,0
27-04-2015 22:00,0
27-04-2015 23:00,0
28-04-2015 00:00,0
28-04-2015 01:00,0
28-04-2015 02:00,0
28-04-2015 03:00,0
28-04-2015 04:00,0
28-04-2015 05:00,0.01
28-04-2015 06:00,0.043
28-04-2015 07:00,0.102
28-04-2015 08:00,0.297
28-04-2015 09:00,0.492
28-04-2015 10:00,0.667
28-04-2015 11:00,0.781
28-04-2015 12:00,0.653
28-04-2015 13:00,0.515
28-04-2015 14:00,0.376
28-04-2015 15:00,0.317
28-04-2015 16:00,0.132
28-04-2015 17:00,0.057
28-04-2015 18:00,0
28-04-2015 19:00,0
28-04-2015 20:00,0
28-04-2015 21:00,0
28-04-2015 22:00,0
28-04-2015 23:00,0
29-04-2015 00:00,0
29-04-2015 01:00,0
29-04-2015 02:00,0
29-04-2015 03:00,0
29-04-2015 04:00,0
29-04-2015 05:00,0.061
29-04-2015 06:00,0.242
29-04-2015 07:00,0.405
29-04-2015 08:00,0.556
29-04-2015 09:00,0.683
29-04-2015 10:00,0.713
29-04-2015 11:00,0.714
29-04-2015 12:00,0.627
29-04-2015 13:00,0.637
29-04-2015 14:00,0.554
29-04-2015 15:00,0.393
29-04-2015 16:00,0.17
29-04-2015 17:00,0.046
29-04-2015 18:00,0
29-04-2015 19:00,0
29-04-2015 20:00,0
29-04-2015 21:00,0
29-04-2015 22:00,0
29-04-2015 23:00,0
30-04-2015 00:00,0
30-04-2015 01:00,0
30-04-2015 02:00,0
30-04-2015 03:00,0
30-04-2015 04:00,0
30-04-2015 05:00,0.054
30-04-2015 06:00,0.247
30-04-2015 07:00,0.407
30-04-2015 08:00,0.4
30-04-2015 09:00,0.578
30-04-2015 10:00,0.538
30-04-2015 11:00,0.388
30-04-2015 12:00,0.266
30-04-2015 13:00,0.601
30-04-2015 14:00,0.408
30-04-2015 15:00,0.147
30-04-2015 16:00,0.146
30-04-2015 17:00,0.025
30-04-2015 18:00,0
30-04-2015 19:00,0
30-04-2015 20:00,0
30-04-2015 21:00,0
30-04-2015 22:00,0
30-04-2015 23:00,0
01-05-2015 00:00,0
01-05-2015 01:00,0
01-05-2015 02:00,0
01-05-2015 03:00,0
01-05-2015 04:00,0
01-05-2015 05:00,0.029
01-05-2015 06:00,0.134
01-05-2015 07:00,0.185
01-05-2015 08:00,0.224
01-05-2015 09:00,0.218
01-05-2015 10:00,0.221
01-05-2015 11:00,0.31
01-05-2015 12:00,0.374
01-05-2015 13:00,0.266
01-05-2015 14:00,0.119
01-05-2015 15:00,0.12
01-05-2015 16:00,0.077
01-05-2015 17:00,0.018
01-05-2015 18:00,0
01-05-2015 19:00,0
01-05-2015 20:00,0
01-05-2015 21:00,0
01-05-2015 22:00,0
01-05-2015 23:00,0
02-05-2015 00:00,0
02-05-2015 01:00,0
02-05-2015 02:00,0
02-05-2015 03:00,0
02-05-2015 04:00,0
02-05-2015 05:00,0.06
02-05-2015 06:00,0.211
02-05-2015 07:00,0.398
02-05-2015 08:00,0.569
02-05-2015 09:00,0.55
02-05-2015 10:00,0.583
02-05-2015 11:00,0.604
02-05-2015 12:00,0.571
02-05-2015 13:00,0.513
02-05-2015 14:00,0.427
02-05-2015 15:00,0.282
02-05-2015 16:00,0.135
02-05-2015 17:00,0.031
02-05-2015 18:00,0
02-05-2015 19:00,0
02-05-2015 20:00,0
02-05-2015 21:00,0
02-05-2015 22:00,0
02-05-2015 23:00,0
03-05-2015 00:00,0
03-05-2015 01:00,0
03-05-2015 02:00,0
03-05-2015 03:00,0
03-05-2015 04:00,0
03-05-2015 05:00,0.013
03-05-2015 06:00,0.034
03-05-2015 07:00,0.05
03-05-2015 08:00,0.062
03-05-2015 09:00,0.094
03-05-2015 10:00,0.102
03-05-2015 11:00,0.109
03-05-2015 12:00,0.089
03-05-2015 13:00,0.101
03-05-2015 14:00,0.077
03-05-2015 15:00,0.051
03-05-2015 16:00,0.03
03-05-2015 17:00,0.013
03-05-2015 18:00,0
03-05-2015 19:00,0
03-05-2015 20:00,0
03-05-2015 21:00,0
03-05-2015 22:00,0
03-05-2015 23:00,0
04-05-2015 00:00,0
04-05-2015 01:00,0
04-05-2015 02:00,0
04-05-2015 03:00,0
04-05-2015 04:00,0
04-05-2015 05:00,0.016
04-05-2015 06:00,0.057
04-05-2015 07:00,0.201
04-05-2015 08:00,0.415
04-05-2015 09:00,0.52
04-05-2015 10:00,0.522
04-05-2015 11:00,0.611
04-05-2015 12:00,0.595
04-05-2015 13:00,0.657
04-05-2015 14:00,0.554
04-05-2015 15:00,0.307
04-05-2015 16:00,0.138
04-05-2015 17:00,0.033
04-05-2015 18:00,0
04-05-2015 19:00,0
04-05-2015 20:00,0
04-05-2015 21:00,0
04-05-2015 22:00,0
04-05-2015 23:00,0
05-05-2015 00:00,0
05-05-2015 01:00,0
05-05-2015 02:00,0
05-05-2015 03:00,0
05-05-2015 04:00,0
05-05-2015 05:00,0.008
05-05-2015 06:00,0.022
05-05-2015 07:00,0.061
05-05-2015 08:00,0.08
05-05-2015 09:00,0.38
05-05-2015 10:00,0.304
05-05-2015 11:00,0.349
05-05-2015 12:00,0.392
05-05-2015 13:00,0.552
05-05-2015 14:00,0.368
05-05-2015 15:00,0.178
05-05-2015 16:00,0.168
05-05-2015 17:00,0.074
05-05-2015 18:00,0.01
05-05-2015 19:00,0
05-05-2015 20:00,0
05-05-2015 21:00,0
05-05-2015 22:00,0
05-05-2015 23:00,0
06-05-2015 00:00,0
06-05-2015 01:00,0
06-05-2015 02:00,0
06-05-2015 03:00,0
06-05-2015 04:00,0
06-05-2015 05:00,0.076
06-05-2015 06:00,0.193
06-05-2015 07:00,0.138
06-05-2015 08:00,0.402
06-05-2015 09:00,0.624
06-05-2015 10:00,0.794
06-05-2015 11:00,0.815
06-05-2015 12:00,0.801
06-05-2015 13:00,0.564
06-05-2015 14:00,0.263
06-05-2015 15:00,0.211
06-05-2015 16:00,0.165
06-05-2015 17:00,0.077
06-05-2015 18:00,0.013
06-05-2015 19:00,0
06-05-2015 20:00,0
06-05-2015 21:00,0
06-05-2015 22:00,0
06-05-2015 23:00,0
07-05-2015 00:00,0
07-05-2015 01:00,0
07-05-2015 02:00,0
07-05-2015 03:00,0
07-05-2015 04:00,0
07-05-2015 05:00,0.052
07-05-2015 06:00,0.19
07-05-2015 07:00,0.216
07-05-2015 08:00,0.308
07-05-2015 09:00,0.365
07-05-2015 10:00,0.331
07-05-2015 11:00,0.511
07-05-2015 12:00,0.524
07-05-2015 13:00,0.479
07-05-2015 14:00,0.381
07-05-2015 15:00,0.357
07-05-2015 16:00,0.222
07-05-2015 17:00,0.078
07-05-2015 18:00,0.013
07-05-2015 19:00,0
07-05-2015 20:00,0
07-05-2015 21:00,0
07-05-2015 22:00,0
07-05-2015 23:00,0
08-05-2015 00:00,0
08-05-2015 01:00,0
08-05-2015 02:00,0
08-05-2015 03:00,0
08-05-2015 04:00,0
08-05-2015 05:00,0.031
08-05-2015 06:00,0.189
08-05-2015 07:00,0.434
08-05-2015 08:00,0.568
08-05-2015 09:00,0.633
08-05-2015 10:00,0.744
08-05-2015 11:00,0.61
08-05-2015 12:00,0.543
08-05-2015 13:00,0.569
08-05-2015 14:00,0.346
08-05-2015 15:00,0.261
08-05-2015 16:00,0.183
08-05-2015 17:00,0.079
08-05-2015 18:00,0.008
08-05-2015 19:00,0
08-05-2015 20:00,0
08-05-2015 21:00,0
08-05-2015 22:00,0
08-05-2015 23:00,0
09-05-2015 00:00,0
09-05-2015 01:00,0
09-05-2015 02:00,0
09-05-2015 03:00,0
09-05-2015 04:00,0.003
09-05-2015 05:00,0.04
09-05-2015 06:00,0.107
09-05-2015 07:00,0.202
09-05-2015 08:00,0.173
09-05-2015 09:00,0.213
09-05-2015 10:00,0.22
09-05-2015 11:00,0.365
09-05-2015 12:00,0.468
09-05-2015 13:00,0.42
09-05-2015 14:00,0.434
09-05-2015 15:00,0.349
09-05-2015 16:00,0.236
09-05-2015 17:00,0.065
09-05-2015 18:00,0.017
09-05-2015 19:00,0
09-05-2015 20:00,0
09-05-2015 21:00,0
09-05-2015 22:00,0
09-05-2015 23:00,0
10-05-2015 00:00,0
10-05-2015 01:00,0
10-05-2015 02:00,0
10-05-2015 03:00,0
10-05-2015 04:00,0
10-05-2015 05:00,0.065
10-05-2015 06:00,0.222
10-05-2015 07:00,0.382
10-05-2015 08:00,0.428
10-05-2015 09:00,0.442
10-05-2015 10:00,0.504
10-05-2015 11:00,0.591
10-05-2015 12:00,0.636
10-05-2015 13:00,0.66
10-05-2015 14:00,0.579
10-05-2015 15:00,0.443
10-05-2015 16:00,0.266
10-05-2015 17:00,0.082
10-05-2015 18:00,0.018
10-05-2015 19:00,0
10-05-2015 20:00,0
10-05-2015 21:00,0
10-05-2015 22:00,0
10-05-2015 23:00,0
11-05-2015 00:00,0
11-05-2015 01:00,0
11-05-2015 02:00,0
11-05-2015 03:00,0
11-05-2015 04:00,0
11-05-2015 05:00,0.061
11-05-2015 06:00,0.193
11-05-2015 07:00,0.432
11-05-2015 08:00,0.424
11-05-2015 09:00,0.412
11-05-2015 10:00,0.5
11-05-2015 11:00,0.616
11-05-2015 12:00,0.56
11-05-2015 13:00,0.435
11-05-2015 14:00,0.432
11-05-2015 15:00,0.43
11-05-2015 16:00,0.262
11-05-2015 17:00,0.086
11-05-2015 18:00,0.019
11-05-2015 19:00,0
11-05-2015 20:00,0
11-05-2015 21:00,0
11-05-2015 22:00,0
11-05-2015 23:00,0
12-05-2015 00:00,0
12-05-2015 01:00,0
12-05-2015 02:00,0
12-05-2015 03:00,0
12-05-2015 04:00,0
12-05-2015 05:00,0.036
12-05-2015 06:00,0.114
12-05-2015 07:00,0.264
12-05-2015 08:00,0.437
12-05-2015 09:00,0.547
12-05-2015 10:00,0.582
12-05-2015 11:00,0.552
12-05-2015 12:00,0.63
12-05-2015 13:00,0.623
12-05-2015 14:00,0.31
12-05-2015 15:00,0.236
12-05-2015 16:00,0.063
12-05-2015 17:00,0.022
12-05-2015 18:00,0
12-05-2015 19:00,0
12-05-2015 20:00,0
12-05-2015 21:00,0
12-05-2015 22:00,0
12-05-2015 23:00,0
13-05-2015 00:00,0
13-05-2015 01:00,0
13-05-2015 02:00,0
13-05-2015 03:00,0
13-05-2015 04:00,0.007
13-05-2015 05:00,0.09
13-05-2015 06:00,0.281
13-05-2015 07:00,0.473
13-05-2015 08:00,0.617
13-05-2015 09:00,0.732
13-05-2015 10:00,0.784
13-05-2015 11:00,0.756
13-05-2015 12:00,0.754
13-05-2015 13:00,0.736
13-05-2015 14:00,0.617
13-05-2015 15:00,0.376
13-05-2015 16:00,0.162
13-05-2015 17:00,0.01
13-05-2015 18:00,0.001
13-05-2015 19:00,0
13-05-2015 20:00,0
13-05-2015 21:00,0
13-05-2015 22:00,0
13-05-2015 23:00,0
14-05-2015 00:00,0
14-05-2015 01:00,0
14-05-2015 02:00,0
14-05-2015 03:00,0
14-05-2015 04:00,0.007
14-05-2015 05:00,0.092
14-05-2015 06:00,0.273
14-05-2015 07:00,0.455
14-05-2015 08:00,0.612
14-05-2015 09:00,0.732
14-05-2015 10:00,0.794
14-05-2015 11:00,0.816
14-05-2015 12:00,0.798
14-05-2015 13:00,0.705
14-05-2015 14:00,0.55
14-05-2015 15:00,0.407
14-05-2015 16:00,0.199
14-05-2015 17:00,0.031
14-05-2015 18:00,0.005
14-05-2015 19:00,0
14-05-2015 20:00,0
14-05-2015 21:00,0
14-05-2015 22:00,0
14-05-2015 23:00,0
15-05-2015 00:00,0
15-05-2015 01:00,0
15-05-2015 02:00,0
15-05-2015 03:00,0
15-05-2015 04:00,0
15-05-2015 05:00,0.061
15-05-2015 06:00,0.137
15-05-2015 07:00,0.401
15-05-2015 08:00,0.43
15-05-2015 09:00,0.667
15-05-2015 10:00,0.754
15-05-2015 11:00,0.667
15-05-2015 12:00,0.609
15-05-2015 13:00,0.616
15-05-2015 14:00,0.518
15-05-2015 15:00,0.33
15-05-2015 16:00,0.217
15-05-2015 17:00,0.083
15-05-2015 18:00,0.026
15-05-2015 19:00,0
15-05-2015 20:00,0
15-05-2015 21:00,0
15-05-2015 22:00,0
15-05-2015 23:00,0
16-05-2015 00:00,0
16-05-2015 01:00,0
16-05-2015 02:00,0
16-05-2015 03:00,0
16-05-2015 04:00,0.009
16-05-2015 05:00,0.088
16-05-2015 06:00,0.201
16-05-2015 07:00,0.439
16-05-2015 08:00,0.61
16-05-2015 09:00,0.655
16-05-2015 10:00,0.624
16-05-2015 11:00,0.693
16-05-2015 12:00,0.485
16-05-2015 13:00,0.209
16-05-2015 14:00,0.089
16-05-2015 15:00,0.084
16-05-2015 16:00,0.064
16-05-2015 17:00,0.004
16-05-2015 18:00,0
16-05-2015 19:00,0
16-05-2015 20:00,0
16-05-2015 21:00,0
16-05-2015 22:00,0
16-05-2015 23:00,0
17-05-2015 00:00,0
17-05-2015 01:00,0
17-05-2015 02:00,0
17-05-2015 03:00,0
17-05-2015 04:00,0.01
17-05-2015 05:00,0.098
17-05-2015 06:00,0.279
17-05-2015 07:00,0.457
17-05-2015 08:00,0.617
17-05-2015 09:00,0.716
17-05-2015 10:00,0.727
17-05-2015 11:00,0.728
17-05-2015 12:00,0.707
17-05-2015 13:00,0.621
17-05-2015 14:00,0.52
17-05-2015 15:00,0.392
17-05-2015 16:00,0.254
17-05-2015 17:00,0.092
17-05-2015 18:00,0.016
17-05-2015 19:00,0
17-05-2015 20:00,0
17-05-2015 21:00,0
17-05-2015 22:00,0
17-05-2015 23:00,0
18-05-2015 00:00,0
18-05-2015 01:00,0
18-05-2015 02:00,0
18-05-2015 03:00,0
18-05-2015 04:00,0.008
18-05-2015 05:00,0.096
18-05-2015 06:00,0.277
18-05-2015 07:00,0.458
18-05-2015 08:00,0.601
18-05-2015 09:00,0.694
18-05-2015 10:00,0.655
18-05-2015 11:00,0.723
18-05-2015 12:00,0.72
18-05-2015 13:00,0.706
18-05-2015 14:00,0.612
18-05-2015 15:00,0.412
18-05-2015 16:00,0.245
18-05-2015 17:00,0.089
18-05-2015 18:00,0.015
18-05-2015 19:00,0
18-05-2015 20:00,0
18-05-2015 21:00,0
18-05-2015 22:00,0
18-05-2015 23:00,0
19-05-2015 00:00,0
19-05-2015 01:00,0
19-05-2015 02:00,0
19-05-2015 03:00,0
19-05-2015 04:00,0
19-05-2015 05:00,0.009
19-05-2015 06:00,0.049
19-05-2015 07:00,0.292
19-05-2015 08:00,0.469
19-05-2015 09:00,0.642
19-05-2015 10:00,0.791
19-05-2015 11:00,0.803
19-05-2015 12:00,0.646
19-05-2015 13:00,0.561
19-05-2015 14:00,0.488
19-05-2015 15:00,0.288
19-05-2015 16:00,0.195
19-05-2015 17:00,0.073
19-05-2015 18:00,0.02
19-05-2015 19:00,0
19-05-2015 20:00,0
19-05-2015 21:00,0
19-05-2015 22:00,0
19-05-2015 23:00,0
20-05-2015 00:00,0
20-05-2015 01:00,0
20-05-2015 02:00,0
20-05-2015 03:00,0
20-05-2015 04:00,0
20-05-2015 05:00,0.028
20-05-2015 06:00,0.068
20-05-2015 07:00,0.352
20-05-2015 08:00,0.257
20-05-2015 09:00,0.147
20-05-2015 10:00,0.144
20-05-2015 11:00,0.169
20-05-2015 12:00,0.307
20-05-2015 13:00,0.162
20-05-2015 14:00,0.17
20-05-2015 15:00,0.15
20-05-2015 16:00,0.173
20-05-2015 17:00,0.102
20-05-2015 18:00,0.011
20-05-2015 19:00,0
20-05-2015 20:00,0
20-05-2015 21:00,0
20-05-2015 22:00,0
20-05-2015 23:00,0
21-05-2015 00:00,0
21-05-2015 01:00,0
21-05-2015 02:00,0
21-05-2015 03:00,0
21-05-2015 04:00,0.009
21-05-2015 05:00,0.103
21-05-2015 06:00,0.279
21-05-2015 07:00,0.434
21-05-2015 08:00,0.509
21-05-2015 09:00,0.638
21-05-2015 10:00,0.578
21-05-2015 11:00,0.647
21-05-2015 12:00,0.674
21-05-2015 13:00,0.663
21-05-2015 14:00,0.606
21-05-2015 15:00,0.456
21-05-2015 16:00,0.272
21-05-2015 17:00,0.099
21-05-2015 18:00,0.034
21-05-2015 19:00,0
21-05-2015 20:00,0
21-05-2015 21:00,0
21-05-2015 22:00,0
21-05-2015 23:00,0
22-05-2015 00:00,0
22-05-2015 01:00,0
22-05-2015 02:00,0
22-05-2015 03:00,0
22-05-2015 04:00,0.012
22-05-2015 05:00,0.102
22-05-2015 06:00,0.274
22-05-2015 07:00,0.464
22-05-2015 08:00,0.592
22-05-2015 09:00,0.55
22-05-2015 10:00,0.385
22-05-2015 11:00,0.311
22-05-2015 12:00,0.248
22-05-2015 13:00,0.224
22-05-2015 14:00,0.325
22-05-2015 15:00,0.301
22-05-2015 16:00,0.234
22-05-2015 17:00,0.096
22-05-2015 18:00,0.021
22-05-2015 19:00,0
22-05-2015 20:00,0
22-05-2015 21:00,0
22-05-2015 22:00,0
22-05-2015 23:00,0
23-05-2015 00:00,0
23-05-2015 01:00,0
23-05-2015 02:00,0
23-05-2015 03:00,0
23-05-2015 04:00,0
23-05-2015 05:00,0.027
23-05-2015 06:00,0.07
23-05-2015 07:00,0.139
23-05-2015 08:00,0.26
23-05-2015 09:00,0.465
23-05-2015 10:00,0.307
23-05-2015 11:00,0.401
23-05-2015 12:00,0.137
23-05-2015 13:00,0.236
23-05-2015 14:00,0.2
23-05-2015 15:00,0.147
23-05-2015 16:00,0.078
23-05-2015 17:00,0.035
23-05-2015 18:00,0.008
23-05-2015 19:00,0
23-05-2015 20:00,0
23-05-2015 21:00,0
23-05-2015 22:00,0
23-05-2015 23:00,0
24-05-2015 00:00,0
24-05-2015 01:00,0
24-05-2015 02:00,0
24-05-2015 03:00,0
24-05-2015 04:00,0.001
24-05-2015 05:00,0.025
24-05-2015 06:00,0.078
24-05-2015 07:00,0.144
24-05-2015 08:00,0.265
24-05-2015 09:00,0.359
24-05-2015 10:00,0.301
24-05-2015 11:00,0.363
24-05-2015 12:00,0.391
24-05-2015 13:00,0.324
24-05-2015 14:00,0.086
24-05-2015 15:00,0.073
24-05-2015 16:00,0.098
24-05-2015 17:00,0.078
24-05-2015 18:00,0.026
24-05-2015 19:00,0
24-05-2015 20:00,0
24-05-2015 21:00,0
24-05-2015 22:00,0
24-05-2015 23:00,0
25-05-2015 00:00,0
25-05-2015 01:00,0
25-05-2015 02:00,0
25-05-2015 03:00,0
25-05-2015 04:00,0
25-05-2015 05:00,0.006
25-05-2015 06:00,0.031
25-05-2015 07:00,0.086
25-05-2015 08:00,0.267
25-05-2015 09:00,0.197
25-05-2015 10:00,0.112
25-05-2015 11:00,0.158
25-05-2015 12:00,0.122
25-05-2015 13:00,0.123
25-05-2015 14:00,0.212
25-05-2015 15:00,0.065
25-05-2015 16:00,0.055
25-05-2015 17:00,0.077
25-05-2015 18:00,0.034
25-05-2015 19:00,0
25-05-2015 20:00,0
25-05-2015 21:00,0
25-05-2015 22:00,0
25-05-2015 23:00,0
26-05-2015 00:00,0
26-05-2015 01:00,0
26-05-2015 02:00,0
26-05-2015 03:00,0
26-05-2015 04:00,0.002
26-05-2015 05:00,0.036
26-05-2015 06:00,0.044
26-05-2015 07:00,0.12
26-05-2015 08:00,0.294
26-05-2015 09:00,0.397
26-05-2015 10:00,0.236
26-05-2015 11:00,0.159
26-05-2015 12:00,0.293
26-05-2015 13:00,0.379
26-05-2015 14:00,0.277
26-05-2015 15:00,0.216
26-05-2015 16:00,0.108
26-05-2015 17:00,0.075
26-05-2015 18:00,0.022
26-05-2015 19:00,0
26-05-2015 20:00,0
26-05-2015 21:00,0
26-05-2015 22:00,0
26-05-2015 23:00,0
27-05-2015 00:00,0
27-05-2015 01:00,0
27-05-2015 02:00,0
27-05-2015 03:00,0
27-05-2015 04:00,0.009
27-05-2015 05:00,0.034
27-05-2015 06:00,0.069
27-05-2015 07:00,0.181
27-05-2015 08:00,0.17
27-05-2015 09:00,0.143
27-05-2015 10:00,0.25
27-05-2015 11:00,0.161
27-05-2015 12:00,0.269
27-05-2015 13:00,0.194
27-05-2015 14:00,0.094
27-05-2015 15:00,0.113
27-05-2015 16:00,0.102
27-05-2015 17:00,0.054
27-05-2015 18:00,0.01
27-05-2015 19:00,0
27-05-2015 20:00,0
27-05-2015 21:00,0
27-05-2015 22:00,0
27-05-2015 23:00,0
28-05-2015 00:00,0
28-05-2015 01:00,0
28-05-2015 02:00,0
28-05-2015 03:00,0
28-05-2015 04:00,0
28-05-2015 05:00,0.034
28-05-2015 06:00,0.187
28-05-2015 07:00,0.309
28-05-2015 08:00,0.42
28-05-2015 09:00,0.601
28-05-2015 10:00,0.649
28-05-2015 11:00,0.477
28-05-2015 12:00,0.495
28-05-2015 13:00,0.487
28-05-2015 14:00,0.357
28-05-2015 15:00,0.084
28-05-2015 16:00,0.028
28-05-2015 17:00,0.032
28-05-2015 18:00,0.009
28-05-2015 19:00,0
28-05-2015 20:00,0
28-05-2015 21:00,0
28-05-2015 22:00,0
28-05-2015 23:00,0
29-05-2015 00:00,0
29-05-2015 01:00,0
29-05-2015 02:00,0
29-05-2015 03:00,0
29-05-2015 04:00,0
29-05-2015 05:00,0.066
29-05-2015 06:00,0.261
29-05-2015 07:00,0.33
29-05-2015 08:00,0.426
29-05-2015 09:00,0.446
29-05-2015 10:00,0.403
29-05-2015 11:00,0.313
29-05-2015 12:00,0.334
29-05-2015 13:00,0.403
29-05-2015 14:00,0.137
29-05-2015 15:00,0.076
29-05-2015 16:00,0.07
29-05-2015 17:00,0.102
29-05-2015 18:00,0.038
29-05-2015 19:00,0
29-05-2015 20:00,0
29-05-2015 21:00,0
29-05-2015 22:00,0
29-05-2015 23:00,0
30-05-2015 00:00,0
30-05-2015 01:00,0
30-05-2015 02:00,0
30-05-2015 03:00,0
30-05-2015 04:00,0.008
30-05-2015 05:00,0.089
30-05-2015 06:00,0.262
30-05-2015 07:00,0.395
30-05-2015 08:00,0.462
30-05-2015 09:00,0.516
30-05-2015 10:00,0.58
30-05-2015 11:00,0.57
30-05-2015 12:00,0.512
30-05-2015 13:00,0.425
30-05-2015 14:00,0.347
30-05-2015 15:00,0.197
30-05-2015 16:00,0.152
30-05-2015 17:00,0.07
30-05-2015 18:00,0.001
30-05-2015 19:00,0
30-05-2015 20:00,0
30-05-2015 21:00,0
30-05-2015 22:00,0
30-05-2015 23:00,0
31-05-2015 00:00,0
31-05-2015 01:00,0
31-05-2015 02:00,0
31-05-2015 03:00,0
31-05-2015 04:00,0.016
31-05-2015 05:00,0.111
31-05-2015 06:00,0.276
31-05-2015 07:00,0.296
31-05-2015 08:00,0.298
31-05-2015 09:00,0.407
31-05-2015 10:00,0.545
31-05-2015 11:00,0.486
31-05-2015 12:00,0.37
31-05-2015 13:00,0.367
31-05-2015 14:00,0.35
31-05-2015 15:00,0.283
31-05-2015 16:00,0.216
31-05-2015 17:00,0.104
31-05-2015 18:00,0.035
31-05-2015 19:00,0
31-05-2015 20:00,0
31-05-2015 21:00,0
31-05-2015 22:00,0
31-05-2015 23:00,0
01-06-2015 00:00,0
01-06-2015 01:00,0
01-06-2015 02:00,0
01-06-2015 03:00,0
01-06-2015 04:00,0
01-06-2015 05:00,0.054
01-06-2015 06:00,0.048
01-06-2015 07:00,0.128
01-06-2015 08:00,0.209
01-06-2015 09:00,0.101
01-06-2015 10:00,0.139
01-06-2015 11:00,0.185
01-06-2015 12:00,0.161
01-06-2015 13:00,0.134
01-06-2015 14:00,0.186
01-06-2015 15:00,0.156
01-06-2015 16:00,0.141
01-06-2015 17:00,0.044
01-06-2015 18:00,0.016
01-06-2015 19:00,0
01-06-2015 20:00,0
01-06-2015 21:00,0
01-06-2015 22:00,0
01-06-2015 23:00,0
02-06-2015 00:00,0
02-06-2015 01:00,0
02-06-2015 02:00,0
02-06-2015 03:00,0
02-06-2015 04:00,0.003
02-06-2015 05:00,0.021
02-06-2015 06:00,0.069
02-06-2015 07:00,0.111
02-06-2015 08:00,0.305
02-06-2015 09:00,0.38
02-06-2015 10:00,0.401
02-06-2015 11:00,0.723
02-06-2015 12:00,0.379
02-06-2015 13:00,0.554
02-06-2015 14:00,0.575
02-06-2015 15:00,0.442
02-06-2015 16:00,0.28
02-06-2015 17:00,0.11
02-06-2015 18:00,0.041
02-06-2015 19:00,0
02-06-2015 20:00,0
02-06-2015 21:00,0
02-06-2015 22:00,0
02-06-2015 23:00,0
03-06-2015 00:00,0
03-06-2015 01:00,0
03-06-2015 02:00,0
03-06-2015 03:00,0
03-06-2015 04:00,0.013
03-06-2015 05:00,0.103
03-06-2015 06:00,0.278
03-06-2015 07:00,0.439
03-06-2015 08:00,0.557
03-06-2015 09:00,0.659
03-06-2015 10:00,0.637
03-06-2015 11:00,0.646
03-06-2015 12:00,0.688
03-06-2015 13:00,0.58
03-06-2015 14:00,0.511
03-06-2015 15:00,0.386
03-06-2015 16:00,0.268
03-06-2015 17:00,0.112
03-06-2015 18:00,0.043
03-06-2015 19:00,0
03-06-2015 20:00,0
03-06-2015 21:00,0
03-06-2015 22:00,0
03-06-2015 23:00,0
04-06-2015 00:00,0
04-06-2015 01:00,0
04-06-2015 02:00,0
04-06-2015 03:00,0
04-06-2015 04:00,0.019
04-06-2015 05:00,0.109
04-06-2015 06:00,0.277
04-06-2015 07:00,0.449
04-06-2015 08:00,0.584
04-06-2015 09:00,0.651
04-06-2015 10:00,0.745
04-06-2015 11:00,0.773
04-06-2015 12:00,0.754
04-06-2015 13:00,0.687
04-06-2015 14:00,0.578
04-06-2015 15:00,0.439
04-06-2015 16:00,0.278
04-06-2015 17:00,0.109
04-06-2015 18:00,0.043
04-06-2015 19:00,0
04-06-2015 20:00,0
04-06-2015 21:00,0
04-06-2015 22:00,0
04-06-2015 23:00,0
05-06-2015 00:00,0
05-06-2015 01:00,0
05-06-2015 02:00,0
05-06-2015 03:00,0
05-06-2015 04:00,0.016
05-06-2015 05:00,0.106
05-06-2015 06:00,0.273
05-06-2015 07:00,0.444
05-06-2015 08:00,0.589
05-06-2015 09:00,0.69
05-06-2015 10:00,0.739
05-06-2015 11:00,0.758
05-06-2015 12:00,0.735
05-06-2015 13:00,0.674
05-06-2015 14:00,0.577
05-06-2015 15:00,0.434
05-06-2015 16:00,0.272
05-06-2015 17:00,0.106
05-06-2015 18:00,0.043
05-06-2015 19:00,0
05-06-2015 20:00,0
05-06-2015 21:00,0
05-06-2015 22:00,0
05-06-2015 23:00,0
06-06-2015 00:00,0
06-06-2015 01:00,0
06-06-2015 02:00,0
06-06-2015 03:00,0
06-06-2015 04:00,0
06-06-2015 05:00,0.007
06-06-2015 06:00,0.035
06-06-2015 07:00,0.17
06-06-2015 08:00,0.375
06-06-2015 09:00,0.654
06-06-2015 10:00,0.74
06-06-2015 11:00,0.729
06-06-2015 12:00,0.583
06-06-2015 13:00,0.594
06-06-2015 14:00,0.524
06-06-2015 15:00,0.444
06-06-2015 16:00,0.266
06-06-2015 17:00,0.111
06-06-2015 18:00,0.042
06-06-2015 19:00,0
06-06-2015 20:00,0
06-06-2015 21:00,0
06-06-2015 22:00,0
06-06-2015 23:00,0
07-06-2015 00:00,0
07-06-2015 01:00,0
07-06-2015 02:00,0
07-06-2015 03:00,0
07-06-2015 04:00,0.006
07-06-2015 05:00,0.087
07-06-2015 06:00,0.244
07-06-2015 07:00,0.409
07-06-2015 08:00,0.516
07-06-2015 09:00,0.492
07-06-2015 10:00,0.544
07-06-2015 11:00,0.529
07-06-2015 12:00,0.465
07-06-2015 13:00,0.467
07-06-2015 14:00,0.43
07-06-2015 15:00,0.374
07-06-2015 16:00,0.265
07-06-2015 17:00,0.117
07-06-2015 18:00,0.043
07-06-2015 19:00,0
07-06-2015 20:00,0
07-06-2015 21:00,0
07-06-2015 22:00,0
07-06-2015 23:00,0
08-06-2015 00:00,0
08-06-2015 01:00,0
08-06-2015 02:00,0
08-06-2015 03:00,0
08-06-2015 04:00,0.018
08-06-2015 05:00,0.107
08-06-2015 06:00,0.209
08-06-2015 07:00,0.352
08-06-2015 08:00,0.357
08-06-2015 09:00,0.483
08-06-2015 10:00,0.642
08-06-2015 11:00,0.511
08-06-2015 12:00,0.142
08-06-2015 13:00,0.079
08-06-2015 14:00,0.072
08-06-2015 15:00,0.15
08-06-2015 16:00,0.136
08-06-2015 17:00,0.08
08-06-2015 18:00,0.03
08-06-2015 19:00,0
08-06-2015 20:00,0
08-06-2015 21:00,0
08-06-2015 22:00,0
08-06-2015 23:00,0
09-06-2015 00:00,0
09-06-2015 01:00,0
09-06-2015 02:00,0
09-06-2015 03:00,0
09-06-2015 04:00,0
09-06-2015 05:00,0.036
09-06-2015 06:00,0.118
09-06-2015 07:00,0.289
09-06-2015 08:00,0.412
09-06-2015 09:00,0.538
09-06-2015 10:00,0.602
09-06-2015 11:00,0.443
09-06-2015 12:00,0.345
09-06-2015 13:00,0.513
09-06-2015 14:00,0.493
09-06-2015 15:00,0.335
09-06-2015 16:00,0.144
09-06-2015 17:00,0.09
09-06-2015 18:00,0.033
09-06-2015 19:00,0
09-06-2015 20:00,0
09-06-2015 21:00,0
09-06-2015 22:00,0
09-06-2015 23:00,0
10-06-2015 00:00,0
10-06-2015 01:00,0
10-06-2015 02:00,0
10-06-2015 03:00,0
10-06-2015 04:00,0.013
10-06-2015 05:00,0.054
10-06-2015 06:00,0.126
10-06-2015 07:00,0.219
10-06-2015 08:00,0.26
10-06-2015 09:00,0.404
10-06-2015 10:00,0.452
10-06-2015 11:00,0.579
10-06-2015 12:00,0.429
10-06-2015 13:00,0.249
10-06-2015 14:00,0.281
10-06-2015 15:00,0.251
10-06-2015 16:00,0.224
10-06-2015 17:00,0.101
10-06-2015 18:00,0.032
10-06-2015 19:00,0
10-06-2015 20:00,0
10-06-2015 21:00,0
10-06-2015 22:00,0
10-06-2015 23:00,0
11-06-2015 00:00,0
11-06-2015 01:00,0
11-06-2015 02:00,0
11-06-2015 03:00,0
11-06-2015 04:00,0
11-06-2015 05:00,0.014
11-06-2015 06:00,0.065
11-06-2015 07:00,0.195
11-06-2015 08:00,0.277
11-06-2015 09:00,0.244
11-06-2015 10:00,0.164
11-06-2015 11:00,0.18
11-06-2015 12:00,0.365
11-06-2015 13:00,0.224
11-06-2015 14:00,0.091
11-06-2015 15:00,0.122
11-06-2015 16:00,0.098
11-06-2015 17:00,0.07
11-06-2015 18:00,0.023
11-06-2015 19:00,0
11-06-2015 20:00,0
11-06-2015 21:00,0
11-06-2015 22:00,0
11-06-2015 23:00,0
12-06-2015 00:00,0
12-06-2015 01:00,0
12-06-2015 02:00,0
12-06-2015 03:00,0
12-06-2015 04:00,0.022
12-06-2015 05:00,0.102
12-06-2015 06:00,0.244
12-06-2015 07:00,0.422
12-06-2015 08:00,0.575
12-06-2015 09:00,0.68
12-06-2015 10:00,0.698
12-06-2015 11:00,0.677
12-06-2015 12:00,0.669
12-06-2015 13:00,0.61
12-06-2015 14:00,0.443
12-06-2015 15:00,0.345
12-06-2015 16:00,0.258
12-06-2015 17:00,0.078
12-06-2015 18:00,0.018
12-06-2015 19:00,0
12-06-2015 20:00,0
12-06-2015 21:00,0
12-06-2015 22:00,0
12-06-2015 23:00,0
13-06-2015 00:00,0
13-06-2015 01:00,0
13-06-2015 02:00,0
13-06-2015 03:00,0
13-06-2015 04:00,0.005
13-06-2015 05:00,0.067
13-06-2015 06:00,0.171
13-06-2015 07:00,0.336
13-06-2015 08:00,0.363
13-06-2015 09:00,0.541
13-06-2015 10:00,0.556
13-06-2015 11:00,0.355
13-06-2015 12:00,0.297
13-06-2015 13:00,0.492
13-06-2015 14:00,0.406
13-06-2015 15:00,0.309
13-06-2015 16:00,0.244
13-06-2015 17:00,0.115
13-06-2015 18:00,0.046
13-06-2015 19:00,0
13-06-2015 20:00,0
13-06-2015 21:00,0
13-06-2015 22:00,0
13-06-2015 23:00,0
14-06-2015 00:00,0
14-06-2015 01:00,0
14-06-2015 02:00,0
14-06-2015 03:00,0
14-06-2015 04:00,0.02
14-06-2015 05:00,0.107
14-06-2015 06:00,0.25
14-06-2015 07:00,0.356
14-06-2015 08:00,0.535
14-06-2015 09:00,0.564
14-06-2015 10:00,0.662
14-06-2015 11:00,0.736
14-06-2015 12:00,0.744
14-06-2015 13:00,0.688
14-06-2015 14:00,0.587
14-06-2015 15:00,0.45
14-06-2015 16:00,0.288
14-06-2015 17:00,0.125
14-06-2015 18:00,0.047
14-06-2015 19:00,0
14-06-2015 20:00,0
14-06-2015 21:00,0
14-06-2015 22:00,0
14-06-2015 23:00,0
15-06-2015 00:00,0
15-06-2015 01:00,0
15-06-2015 02:00,0
15-06-2015 03:00,0
15-06-2015 04:00,0.019
15-06-2015 05:00,0.095
15-06-2015 06:00,0.155
15-06-2015 07:00,0.356
15-06-2015 08:00,0.478
15-06-2015 09:00,0.489
15-06-2015 10:00,0.54
15-06-2015 11:00,0.393
15-06-2015 12:00,0.379
15-06-2015 13:00,0.217
15-06-2015 14:00,0.3
15-06-2015 15:00,0.342
15-06-2015 16:00,0.263
15-06-2015 17:00,0.104
15-06-2015 18:00,0.029
15-06-2015 19:00,0
15-06-2015 20:00,0
15-06-2015 21:00,0
15-06-2015 22:00,0
15-06-2015 23:00,0
16-06-2015 00:00,0
16-06-2015 01:00,0
16-06-2015 02:00,0
16-06-2015 03:00,0
16-06-2015 04:00,0
16-06-2015 05:00,0.04
16-06-2015 06:00,0.216
16-06-2015 07:00,0.334
16-06-2015 08:00,0.299
16-06-2015 09:00,0.456
16-06-2015 10:00,0.418
16-06-2015 11:00,0.36
16-06-2015 12:00,0.416
16-06-2015 13:00,0.372
16-06-2015 14:00,0.272
16-06-2015 15:00,0.195
16-06-2015 16:00,0.145
16-06-2015 17:00,0.104
16-06-2015 18:00,0.044
16-06-2015 19:00,0
16-06-2015 20:00,0
16-06-2015 21:00,0
16-06-2015 22:00,0
16-06-2015 23:00,0
17-06-2015 00:00,0
17-06-2015 01:00,0
17-06-2015 02:00,0
17-06-2015 03:00,0
17-06-2015 04:00,0.016
17-06-2015 05:00,0.107
17-06-2015 06:00,0.279
17-06-2015 07:00,0.453
17-06-2015 08:00,0.597
17-06-2015 09:00,0.706
17-06-2015 10:00,0.761
17-06-2015 11:00,0.78
17-06-2015 12:00,0.753
17-06-2015 13:00,0.679
17-06-2015 14:00,0.506
17-06-2015 15:00,0.316
17-06-2015 16:00,0.229
17-06-2015 17:00,0.126
17-06-2015 18:00,0.024
17-06-2015 19:00,0
17-06-2015 20:00,0
17-06-2015 21:00,0
17-06-2015 22:00,0
17-06-2015 23:00,0
18-06-2015 00:00,0
18-06-2015 01:00,0
18-06-2015 02:00,0
18-06-2015 03:00,0
18-06-2015 04:00,0
18-06-2015 05:00,0.005
18-06-2015 06:00,0.026
18-06-2015 07:00,0.064
18-06-2015 08:00,0.157
18-06-2015 09:00,0.184
18-06-2015 10:00,0.121
18-06-2015 11:00,0.188
18-06-2015 12:00,0.374
18-06-2015 13:00,0.517
18-06-2015 14:00,0.342
18-06-2015 15:00,0.355
18-06-2015 16:00,0.209
18-06-2015 17:00,0.066
18-06-2015 18:00,0.003
18-06-2015 19:00,0
18-06-2015 20:00,0
18-06-2015 21:00,0
18-06-2015 22:00,0
18-06-2015 23:00,0
19-06-2015 00:00,0
19-06-2015 01:00,0
19-06-2015 02:00,0
19-06-2015 03:00,0
19-06-2015 04:00,0
19-06-2015 05:00,0.012
19-06-2015 06:00,0.103
19-06-2015 07:00,0.065
19-06-2015 08:00,0.133
19-06-2015 09:00,0.243
19-06-2015 10:00,0.237
19-06-2015 11:00,0.131
19-06-2015 12:00,0.083
19-06-2015 13:00,0.076
19-06-2015 14:00,0.241
19-06-2015 15:00,0.124
19-06-2015 16:00,0.087
19-06-2015 17:00,0.064
19-06-2015 18:00,0.025
19-06-2015 19:00,0
19-06-2015 20:00,0
19-06-2015 21:00,0
19-06-2015 22:00,0
19-06-2015 23:00,0
20-06-2015 00:00,0
20-06-2015 01:00,0
20-06-2015 02:00,0
20-06-2015 03:00,0
20-06-2015 04:00,0
20-06-2015 05:00,0.007
20-06-2015 06:00,0.04
20-06-2015 07:00,0.2
20-06-2015 08:00,0.313
20-06-2015 09:00,0.245
20-06-2015 10:00,0.394
20-06-2015 11:00,0.44
20-06-2015 12:00,0.335
20-06-2015 13:00,0.489
20-06-2015 14:00,0.446
20-06-2015 15:00,0.416
20-06-2015 16:00,0.237
20-06-2015 17:00,0.123
20-06-2015 18:00,0.053
20-06-2015 19:00,0
20-06-2015 20:00,0
20-06-2015 21:00,0
20-06-2015 22:00,0
20-06-2015 23:00,0
21-06-2015 00:00,0
21-06-2015 01:00,0
21-06-2015 02:00,0
21-06-2015 03:00,0
21-06-2015 04:00,0.01
21-06-2015 05:00,0.014
21-06-2015 06:00,0.034
21-06-2015 07:00,0.067
21-06-2015 08:00,0.084
21-06-2015 09:00,0.107
21-06-2015 10:00,0.107
21-06-2015 11:00,0.107
21-06-2015 12:00,0.108
21-06-2015 13:00,0.083
21-06-2015 14:00,0.17
21-06-2015 15:00,0.269
21-06-2015 16:00,0.185
21-06-2015 17:00,0.075
21-06-2015 18:00,0.036
21-06-2015 19:00,0
21-06-2015 20:00,0
21-06-2015 21:00,0
21-06-2015 22:00,0
21-06-2015 23:00,0
22-06-2015 00:00,0
22-06-2015 01:00,0
22-06-2015 02:00,0
22-06-2015 03:00,0
22-06-2015 04:00,0.012
22-06-2015 05:00,0.054
22-06-2015 06:00,0.068
22-06-2015 07:00,0.085
22-06-2015 08:00,0.117
22-06-2015 09:00,0.17
22-06-2015 10:00,0.258
22-06-2015 11:00,0.185
22-06-2015 12:00,0.137
22-06-2015 13:00,0.112
22-06-2015 14:00,0.117
22-06-2015 15:00,0.142
22-06-2015 16:00,0.088
22-06-2015 17:00,0.085
22-06-2015 18:00,0.024
22-06-2015 19:00,0
22-06-2015 20:00,0
22-06-2015 21:00,0
22-06-2015 22:00,0
22-06-2015 23:00,0
23-06-2015 00:00,0
23-06-2015 01:00,0
23-06-2015 02:00,0
23-06-2015 03:00,0
23-06-2015 04:00,0.01
23-06-2015 05:00,0.024
23-06-2015 06:00,0.055
23-06-2015 07:00,0.144
23-06-2015 08:00,0.229
23-06-2015 09:00,0.2
23-06-2015 10:00,0.413
23-06-2015 11:00,0.194
23-06-2015 12:00,0.542
23-06-2015 13:00,0.394
23-06-2015 14:00,0.289
23-06-2015 15:00,0.299
23-06-2015 16:00,0.207
23-06-2015 17:00,0.115
23-06-2015 18:00,0.051
23-06-2015 19:00,0
23-06-2015 20:00,0
23-06-2015 21:00,0
23-06-2015 22:00,0
23-06-2015 23:00,0
24-06-2015 00:00,0
24-06-2015 01:00,0
24-06-2015 02:00,0
24-06-2015 03:00,0
24-06-2015 04:00,0
24-06-2015 05:00,0.018
24-06-2015 06:00,0.056
24-06-2015 07:00,0.095
24-06-2015 08:00,0.151
24-06-2015 09:00,0.191
24-06-2015 10:00,0.232
24-06-2015 11:00,0.272
24-06-2015 12:00,0.514
24-06-2015 13:00,0.565
24-06-2015 14:00,0.485
24-06-2015 15:00,0.432
24-06-2015 16:00,0.295
24-06-2015 17:00,0.134
24-06-2015 18:00,0.051
24-06-2015 19:00,0
24-06-2015 20:00,0
24-06-2015 21:00,0
24-06-2015 22:00,0
24-06-2015 23:00,0
25-06-2015 00:00,0
25-06-2015 01:00,0
25-06-2015 02:00,0
25-06-2015 03:00,0
25-06-2015 04:00,0.017
25-06-2015 05:00,0.092
25-06-2015 06:00,0.155
25-06-2015 07:00,0.162
25-06-2015 08:00,0.348
25-06-2015 09:00,0.549
25-06-2015 10:00,0.505
25-06-2015 11:00,0.427
25-06-2015 12:00,0.568
25-06-2015 13:00,0.483
25-06-2015 14:00,0.418
25-06-2015 15:00,0.336
25-06-2015 16:00,0.237
25-06-2015 17:00,0.129
25-06-2015 18:00,0.051
25-06-2015 19:00,0
25-06-2015 20:00,0
25-06-2015 21:00,0
25-06-2015 22:00,0
25-06-2015 23:00,0
26-06-2015 00:00,0
26-06-2015 01:00,0
26-06-2015 02:00,0
26-06-2015 03:00,0
26-06-2015 04:00,0.003
26-06-2015 05:00,0.063
26-06-2015 06:00,0.155
26-06-2015 07:00,0.308
26-06-2015 08:00,0.433
26-06-2015 09:00,0.585
26-06-2015 10:00,0.603
26-06-2015 11:00,0.662
26-06-2015 12:00,0.47
26-06-2015 13:00,0.554
26-06-2015 14:00,0.433
26-06-2015 15:00,0.171
26-06-2015 16:00,0.167
26-06-2015 17:00,0.061
26-06-2015 18:00,0.015
26-06-2015 19:00,0
26-06-2015 20:00,0
26-06-2015 21:00,0
26-06-2015 22:00,0
26-06-2015 23:00,0
27-06-2015 00:00,0
27-06-2015 01:00,0
27-06-2015 02:00,0
27-06-2015 03:00,0
27-06-2015 04:00,0.004
27-06-2015 05:00,0.002
27-06-2015 06:00,0.03
27-06-2015 07:00,0.05
27-06-2015 08:00,0.08
27-06-2015 09:00,0.247
27-06-2015 10:00,0.325
27-06-2015 11:00,0.311
27-06-2015 12:00,0.362
27-06-2015 13:00,0.365
27-06-2015 14:00,0.161
27-06-2015 15:00,0.073
27-06-2015 16:00,0.178
27-06-2015 17:00,0.098
27-06-2015 18:00,0.028
27-06-2015 19:00,0
27-06-2015 20:00,0
27-06-2015 21:00,0
27-06-2015 22:00,0
27-06-2015 23:00,0
28-06-2015 00:00,0
28-06-2015 01:00,0
28-06-2015 02:00,0
28-06-2015 03:00,0
28-06-2015 04:00,0.013
28-06-2015 05:00,0.097
28-06-2015 06:00,0.271
28-06-2015 07:00,0.442
28-06-2015 08:00,0.584
28-06-2015 09:00,0.684
28-06-2015 10:00,0.664
28-06-2015 11:00,0.63
28-06-2015 12:00,0.7
28-06-2015 13:00,0.627
28-06-2015 14:00,0.526
28-06-2015 15:00,0.385
28-06-2015 16:00,0.233
28-06-2015 17:00,0.121
28-06-2015 18:00,0.031
28-06-2015 19:00,0
28-06-2015 20:00,0
28-06-2015 21:00,0
28-06-2015 22:00,0
28-06-2015 23:00,0
29-06-2015 00:00,0
29-06-2015 01:00,0
29-06-2015 02:00,0
29-06-2015 03:00,0
29-06-2015 04:00,0.007
29-06-2015 05:00,0.074
29-06-2015 06:00,0.227
29-06-2015 07:00,0.356
29-06-2015 08:00,0.458
29-06-2015 09:00,0.547
29-06-2015 10:00,0.454
29-06-2015 11:00,0.599
29-06-2015 12:00,0.671
29-06-2015 13:00,0.463
29-06-2015 14:00,0.556
29-06-2015 15:00,0.432
29-06-2015 16:00,0.274
29-06-2015 17:00,0.127
29-06-2015 18:00,0.05
29-06-2015 19:00,0
29-06-2015 20:00,0
29-06-2015 21:00,0
29-06-2015 22:00,0
29-06-2015 23:00,0
30-06-2015 00:00,0
30-06-2015 01:00,0
30-06-2015 02:00,0
30-06-2015 03:00,0
30-06-2015 04:00,0.014
30-06-2015 05:00,0.097
30-06-2015 06:00,0.261
30-06-2015 07:00,0.431
30-06-2015 08:00,0.58
30-06-2015 09:00,0.691
30-06-2015 10:00,0.749
30-06-2015 11:00,0.77
30-06-2015 12:00,0.751
30-06-2015 13:00,0.691
30-06-2015 14:00,0.595
30-06-2015 15:00,0.458
30-06-2015 16:00,0.295
30-06-2015 17:00,0.124
30-06-2015 18:00,0.049
30-06-2015 19:00,0
30-06-2015 20:00,0
30-06-2015 21:00,0
30-06-2015 22:00,0
30-06-2015 23:00,0
01-07-2015 00:00,0
01-07-2015 01:00,0
01-07-2015 02:00,0
01-07-2015 03:00,0
01-07-2015 04:00,0.015
01-07-2015 05:00,0.096
01-07-2015 06:00,0.257
01-07-2015 07:00,0.422
01-07-2015 08:00,0.568
01-07-2015 09:00,0.668
01-07-2015 10:00,0.729
01-07-2015 11:00,0.75
01-07-2015 12:00,0.735
01-07-2015 13:00,0.671
01-07-2015 14:00,0.578
01-07-2015 15:00,0.446
01-07-2015 16:00,0.289
01-07-2015 17:00,0.123
01-07-2015 18:00,0.049
01-07-2015 19:00,0
01-07-2015 20:00,0
01-07-2015 21:00,0
01-07-2015 22:00,0
01-07-2015 23:00,0
02-07-2015 00:00,0
02-07-2015 01:00,0
02-07-2015 02:00,0
02-07-2015 03:00,0
02-07-2015 04:00,0.016
02-07-2015 05:00,0.095
02-07-2015 06:00,0.252
02-07-2015 07:00,0.413
02-07-2015 08:00,0.556
02-07-2015 09:00,0.654
02-07-2015 10:00,0.717
02-07-2015 11:00,0.74
02-07-2015 12:00,0.723
02-07-2015 13:00,0.66
02-07-2015 14:00,0.569
02-07-2015 15:00,0.44
02-07-2015 16:00,0.284
02-07-2015 17:00,0.124
02-07-2015 18:00,0.05
02-07-2015 19:00,0
02-07-2015 20:00,0
02-07-2015 21:00,0
02-07-2015 22:00,0
02-07-2015 23:00,0
03-07-2015 00:00,0
03-07-2015 01:00,0
03-07-2015 02:00,0
03-07-2015 03:00,0
03-07-2015 04:00,0.015
03-07-2015 05:00,0.091
03-07-2015 06:00,0.227
03-07-2015 07:00,0.342
03-07-2015 08:00,0.421
03-07-2015 09:00,0.44
03-07-2015 10:00,0.596
03-07-2015 11:00,0.641
03-07-2015 12:00,0.709
03-07-2015 13:00,0.649
03-07-2015 14:00,0.556
03-07-2015 15:00,0.411
03-07-2015 16:00,0.272
03-07-2015 17:00,0.125
03-07-2015 18:00,0.05
03-07-2015 19:00,0
03-07-2015 20:00,0
03-07-2015 21:00,0
03-07-2015 22:00,0
03-07-2015 23:00,0
04-07-2015 00:00,0
04-07-2015 01:00,0
04-07-2015 02:00,0
04-07-2015 03:00,0
04-07-2015 04:00,0.016
04-07-2015 05:00,0.092
04-07-2015 06:00,0.24
04-07-2015 07:00,0.394
04-07-2015 08:00,0.526
04-07-2015 09:00,0.626
04-07-2015 10:00,0.686
04-07-2015 11:00,0.686
04-07-2015 12:00,0.647
04-07-2015 13:00,0.602
04-07-2015 14:00,0.524
04-07-2015 15:00,0.378
04-07-2015 16:00,0.247
04-07-2015 17:00,0.123
04-07-2015 18:00,0.047
04-07-2015 19:00,0
04-07-2015 20:00,0
04-07-2015 21:00,0
04-07-2015 22:00,0
04-07-2015 23:00,0
05-07-2015 00:00,0
05-07-2015 01:00,0
05-07-2015 02:00,0
05-07-2015 03:00,0
05-07-2015 04:00,0.007
05-07-2015 05:00,0.09
05-07-2015 06:00,0.197
05-07-2015 07:00,0.352
05-07-2015 08:00,0.532
05-07-2015 09:00,0.6
05-07-2015 10:00,0.651
05-07-2015 11:00,0.666
05-07-2015 12:00,0.681
05-07-2015 13:00,0.575
05-07-2015 14:00,0.515
05-07-2015 15:00,0.286
05-07-2015 16:00,0.237
05-07-2015 17:00,0.124
05-07-2015 18:00,0.046
05-07-2015 19:00,0
05-07-2015 20:00,0
05-07-2015 21:00,0
05-07-2015 22:00,0
05-07-2015 23:00,0
06-07-2015 00:00,0
06-07-2015 01:00,0
06-07-2015 02:00,0
06-07-2015 03:00,0
06-07-2015 04:00,0.014
06-07-2015 05:00,0.094
06-07-2015 06:00,0.249
06-07-2015 07:00,0.391
06-07-2015 08:00,0.527
06-07-2015 09:00,0.626
06-07-2015 10:00,0.71
06-07-2015 11:00,0.749
06-07-2015 12:00,0.737
06-07-2015 13:00,0.675
06-07-2015 14:00,0.583
06-07-2015 15:00,0.452
06-07-2015 16:00,0.293
06-07-2015 17:00,0.126
06-07-2015 18:00,0.049
06-07-2015 19:00,0
06-07-2015 20:00,0
06-07-2015 21:00,0
06-07-2015 22:00,0
06-07-2015 23:00,0
07-07-2015 00:00,0
07-07-2015 01:00,0
07-07-2015 02:00,0
07-07-2015 03:00,0
07-07-2015 04:00,0.011
07-07-2015 05:00,0.088
07-07-2015 06:00,0.253
07-07-2015 07:00,0.414
07-07-2015 08:00,0.541
07-07-2015 09:00,0.639
07-07-2015 10:00,0.709
07-07-2015 11:00,0.732
07-07-2015 12:00,0.677
07-07-2015 13:00,0.597
07-07-2015 14:00,0.524
07-07-2015 15:00,0.429
07-07-2015 16:00,0.098
07-07-2015 17:00,0.011
07-07-2015 18:00,0.022
07-07-2015 19:00,0
07-07-2015 20:00,0
07-07-2015 21:00,0
07-07-2015 22:00,0
07-07-2015 23:00,0
08-07-2015 00:00,0
08-07-2015 01:00,0
08-07-2015 02:00,0
08-07-2015 03:00,0
08-07-2015 04:00,0
08-07-2015 05:00,0.02
08-07-2015 06:00,0.139
08-07-2015 07:00,0.281
08-07-2015 08:00,0.551
08-07-2015 09:00,0.603
08-07-2015 10:00,0.588
08-07-2015 11:00,0.439
08-07-2015 12:00,0.41
08-07-2015 13:00,0.424
08-07-2015 14:00,0.183
08-07-2015 15:00,0.218
08-07-2015 16:00,0.05
08-07-2015 17:00,0.092
08-07-2015 18:00,0.024
08-07-2015 19:00,0
08-07-2015 20:00,0
08-07-2015 21:00,0
08-07-2015 22:00,0
08-07-2015 23:00,0
09-07-2015 00:00,0
09-07-2015 01:00,0
09-07-2015 02:00,0
09-07-2015 03:00,0
09-07-2015 04:00,0
09-07-2015 05:00,0.019
09-07-2015 06:00,0.116
09-07-2015 07:00,0.361
09-07-2015 08:00,0.46
09-07-2015 09:00,0.526
09-07-2015 10:00,0.452
09-07-2015 11:00,0.337
09-07-2015 12:00,0.197
09-07-2015 13:00,0.415
09-07-2015 14:00,0.241
09-07-2015 15:00,0.399
09-07-2015 16:00,0.24
09-07-2015 17:00,0.111
09-07-2015 18:00,0.05
09-07-2015 19:00,0
09-07-2015 20:00,0
09-07-2015 21:00,0
09-07-2015 22:00,0
09-07-2015 23:00,0
10-07-2015 00:00,0
10-07-2015 01:00,0
10-07-2015 02:00,0
10-07-2015 03:00,0
10-07-2015 04:00,0.011
10-07-2015 05:00,0.089
10-07-2015 06:00,0.259
10-07-2015 07:00,0.434
10-07-2015 08:00,0.587
10-07-2015 09:00,0.694
10-07-2015 10:00,0.757
10-07-2015 11:00,0.778
10-07-2015 12:00,0.763
10-07-2015 13:00,0.697
10-07-2015 14:00,0.601
10-07-2015 15:00,0.464
10-07-2015 16:00,0.301
10-07-2015 17:00,0.129
10-07-2015 18:00,0.049
10-07-2015 19:00,0
10-07-2015 20:00,0
10-07-2015 21:00,0
10-07-2015 22:00,0
10-07-2015 23:00,0
11-07-2015 00:00,0
11-07-2015 01:00,0
11-07-2015 02:00,0
11-07-2015 03:00,0
11-07-2015 04:00,0.009
11-07-2015 05:00,0.056
11-07-2015 06:00,0.162
11-07-2015 07:00,0.3
11-07-2015 08:00,0.494
11-07-2015 09:00,0.409
11-07-2015 10:00,0.527
11-07-2015 11:00,0.731
11-07-2015 12:00,0.725
11-07-2015 13:00,0.669
11-07-2015 14:00,0.577
11-07-2015 15:00,0.439
11-07-2015 16:00,0.285
11-07-2015 17:00,0.127
11-07-2015 18:00,0.046
11-07-2015 19:00,0
11-07-2015 20:00,0
11-07-2015 21:00,0
11-07-2015 22:00,0
11-07-2015 23:00,0
12-07-2015 00:00,0
12-07-2015 01:00,0
12-07-2015 02:00,0
12-07-2015 03:00,0
12-07-2015 04:00,0.012
12-07-2015 05:00,0.087
12-07-2015 06:00,0.213
12-07-2015 07:00,0.272
12-07-2015 08:00,0.439
12-07-2015 09:00,0.596
12-07-2015 10:00,0.517
12-07-2015 11:00,0.668
12-07-2015 12:00,0.484
12-07-2015 13:00,0.394
12-07-2015 14:00,0.226
12-07-2015 15:00,0.121
12-07-2015 16:00,0.048
12-07-2015 17:00,0.015
12-07-2015 18:00,0.002
12-07-2015 19:00,0
12-07-2015 20:00,0
12-07-2015 21:00,0
12-07-2015 22:00,0
12-07-2015 23:00,0
13-07-2015 00:00,0
13-07-2015 01:00,0
13-07-2015 02:00,0
13-07-2015 03:00,0
13-07-2015 04:00,0
13-07-2015 05:00,0.006
13-07-2015 06:00,0.038
13-07-2015 07:00,0.065
13-07-2015 08:00,0.236
13-07-2015 09:00,0.255
13-07-2015 10:00,0.206
13-07-2015 11:00,0.136
13-07-2015 12:00,0.115
13-07-2015 13:00,0.103
13-07-2015 14:00,0.06
13-07-2015 15:00,0.055
13-07-2015 16:00,0.044
13-07-2015 17:00,0.042
13-07-2015 18:00,0.001
13-07-2015 19:00,0
13-07-2015 20:00,0
13-07-2015 21:00,0
13-07-2015 22:00,0
13-07-2015 23:00,0
14-07-2015 00:00,0
14-07-2015 01:00,0
14-07-2015 02:00,0
14-07-2015 03:00,0
14-07-2015 04:00,0
14-07-2015 05:00,0.028
14-07-2015 06:00,0.101
14-07-2015 07:00,0.104
14-07-2015 08:00,0.167
14-07-2015 09:00,0.182
14-07-2015 10:00,0.251
14-07-2015 11:00,0.246
14-07-2015 12:00,0.098
14-07-2015 13:00,0.201
14-07-2015 14:00,0.24
14-07-2015 15:00,0.082
14-07-2015 16:00,0.069
14-07-2015 17:00,0.101
14-07-2015 18:00,0.012
14-07-2015 19:00,0
14-07-2015 20:00,0
14-07-2015 21:00,0
14-07-2015 22:00,0
14-07-2015 23:00,0
15-07-2015 00:00,0
15-07-2015 01:00,0
15-07-2015 02:00,0
15-07-2015 03:00,0
15-07-2015 04:00,0
15-07-2015 05:00,0.025
15-07-2015 06:00,0.117
15-07-2015 07:00,0.263
15-07-2015 08:00,0.231
15-07-2015 09:00,0.453
15-07-2015 10:00,0.415
15-07-2015 11:00,0.495
15-07-2015 12:00,0.42
15-07-2015 13:00,0.51
15-07-2015 14:00,0.397
15-07-2015 15:00,0.297
15-07-2015 16:00,0.258
15-07-2015 17:00,0.121
15-07-2015 18:00,0.045
15-07-2015 19:00,0
15-07-2015 20:00,0
15-07-2015 21:00,0
15-07-2015 22:00,0
15-07-2015 23:00,0
16-07-2015 00:00,0
16-07-2015 01:00,0
16-07-2015 02:00,0
16-07-2015 03:00,0
16-07-2015 04:00,0.009
16-07-2015 05:00,0.08
16-07-2015 06:00,0.239
16-07-2015 07:00,0.389
16-07-2015 08:00,0.501
16-07-2015 09:00,0.516
16-07-2015 10:00,0.455
16-07-2015 11:00,0.435
16-07-2015 12:00,0.432
16-07-2015 13:00,0.498
16-07-2015 14:00,0.507
16-07-2015 15:00,0.409
16-07-2015 16:00,0.277
16-07-2015 17:00,0.122
16-07-2015 18:00,0.045
16-07-2015 19:00,0
16-07-2015 20:00,0
16-07-2015 21:00,0
16-07-2015 22:00,0
16-07-2015 23:00,0
17-07-2015 00:00,0
17-07-2015 01:00,0
17-07-2015 02:00,0
17-07-2015 03:00,0
17-07-2015 04:00,0
17-07-2015 05:00,0.001
17-07-2015 06:00,0.058
17-07-2015 07:00,0.12
17-07-2015 08:00,0.202
17-07-2015 09:00,0.123
17-07-2015 10:00,0.285
17-07-2015 11:00,0.461
17-07-2015 12:00,0.653
17-07-2015 13:00,0.503
17-07-2015 14:00,0.495
17-07-2015 15:00,0.405
17-07-2015 16:00,0.271
17-07-2015 17:00,0.121
17-07-2015 18:00,0.044
17-07-2015 19:00,0
17-07-2015 20:00,0
17-07-2015 21:00,0
17-07-2015 22:00,0
17-07-2015 23:00,0
18-07-2015 00:00,0
18-07-2015 01:00,0
18-07-2015 02:00,0
18-07-2015 03:00,0
18-07-2015 04:00,0.005
18-07-2015 05:00,0.073
18-07-2015 06:00,0.231
18-07-2015 07:00,0.373
18-07-2015 08:00,0.297
18-07-2015 09:00,0.254
18-07-2015 10:00,0.274
18-07-2015 11:00,0.322
18-07-2015 12:00,0.511
18-07-2015 13:00,0.49
18-07-2015 14:00,0.47
18-07-2015 15:00,0.368
18-07-2015 16:00,0.251
18-07-2015 17:00,0.07
18-07-2015 18:00,0.021
18-07-2015 19:00,0
18-07-2015 20:00,0
18-07-2015 21:00,0
18-07-2015 22:00,0
18-07-2015 23:00,0
19-07-2015 00:00,0
19-07-2015 01:00,0
19-07-2015 02:00,0
19-07-2015 03:00,0
19-07-2015 04:00,0
19-07-2015 05:00,0.03
19-07-2015 06:00,0.2
19-07-2015 07:00,0.166
19-07-2015 08:00,0.242
19-07-2015 09:00,0.224
19-07-2015 10:00,0.573
19-07-2015 11:00,0.456
19-07-2015 12:00,0.461
19-07-2015 13:00,0.437
19-07-2015 14:00,0.197
19-07-2015 15:00,0.212
19-07-2015 16:00,0.139
19-07-2015 17:00,0.058
19-07-2015 18:00,0.005
19-07-2015 19:00,0
19-07-2015 20:00,0
19-07-2015 21:00,0
19-07-2015 22:00,0
19-07-2015 23:00,0
20-07-2015 00:00,0
20-07-2015 01:00,0
20-07-2015 02:00,0
20-07-2015 03:00,0
20-07-2015 04:00,0
20-07-2015 05:00,0.005
20-07-2015 06:00,0.058
20-07-2015 07:00,0.084
20-07-2015 08:00,0.139
20-07-2015 09:00,0.11
20-07-2015 10:00,0.156
20-07-2015 11:00,0.171
20-07-2015 12:00,0.315
20-07-2015 13:00,0.285
20-07-2015 14:00,0.353
20-07-2015 15:00,0.224
20-07-2015 16:00,0.177
20-07-2015 17:00,0.069
20-07-2015 18:00,0.038
20-07-2015 19:00,0
20-07-2015 20:00,0
20-07-2015 21:00,0
20-07-2015 22:00,0
20-07-2015 23:00,0
21-07-2015 00:00,0
21-07-2015 01:00,0
21-07-2015 02:00,0
21-07-2015 03:00,0
21-07-2015 04:00,0.007
21-07-2015 05:00,0.073
21-07-2015 06:00,0.182
21-07-2015 07:00,0.245
21-07-2015 08:00,0.366
21-07-2015 09:00,0.335
21-07-2015 10:00,0.398
21-07-2015 11:00,0.563
21-07-2015 12:00,0.672
21-07-2015 13:00,0.559
21-07-2015 14:00,0.47
21-07-2015 15:00,0.375
21-07-2015 16:00,0.271
21-07-2015 17:00,0.117
21-07-2015 18:00,0.04
21-07-2015 19:00,0
21-07-2015 20:00,0
21-07-2015 21:00,0
21-07-2015 22:00,0
21-07-2015 23:00,0
22-07-2015 00:00,0
22-07-2015 01:00,0
22-07-2015 02:00,0
22-07-2015 03:00,0
22-07-2015 04:00,0.007
22-07-2015 05:00,0.073
22-07-2015 06:00,0.23
22-07-2015 07:00,0.389
22-07-2015 08:00,0.523
22-07-2015 09:00,0.577
22-07-2015 10:00,0.662
22-07-2015 11:00,0.534
22-07-2015 12:00,0.547
22-07-2015 13:00,0.541
22-07-2015 14:00,0.442
22-07-2015 15:00,0.38
22-07-2015 16:00,0.188
22-07-2015 17:00,0.081
22-07-2015 18:00,0
22-07-2015 19:00,0
22-07-2015 20:00,0
22-07-2015 21:00,0
22-07-2015 22:00,0
22-07-2015 23:00,0
23-07-2015 00:00,0
23-07-2015 01:00,0
23-07-2015 02:00,0
23-07-2015 03:00,0
23-07-2015 04:00,0.002
23-07-2015 05:00,0.036
23-07-2015 06:00,0.13
23-07-2015 07:00,0.391
23-07-2015 08:00,0.463
23-07-2015 09:00,0.462
23-07-2015 10:00,0.477
23-07-2015 11:00,0.464
23-07-2015 12:00,0.369
23-07-2015 13:00,0.344
23-07-2015 14:00,0.278
23-07-2015 15:00,0.261
23-07-2015 16:00,0.215
23-07-2015 17:00,0.057
23-07-2015 18:00,0.034
23-07-2015 19:00,0
23-07-2015 20:00,0
23-07-2015 21:00,0
23-07-2015 22:00,0
23-07-2015 23:00,0
24-07-2015 00:00,0
24-07-2015 01:00,0
24-07-2015 02:00,0
24-07-2015 03:00,0
24-07-2015 04:00,0.006
24-07-2015 05:00,0.072
24-07-2015 06:00,0.23
24-07-2015 07:00,0.401
24-07-2015 08:00,0.553
24-07-2015 09:00,0.655
24-07-2015 10:00,0.606
24-07-2015 11:00,0.501
24-07-2015 12:00,0.443
24-07-2015 13:00,0.465
24-07-2015 14:00,0.402
24-07-2015 15:00,0.351
24-07-2015 16:00,0.26
24-07-2015 17:00,0.113
24-07-2015 18:00,0.038
24-07-2015 19:00,0
24-07-2015 20:00,0
24-07-2015 21:00,0
24-07-2015 22:00,0
24-07-2015 23:00,0
25-07-2015 00:00,0
25-07-2015 01:00,0
25-07-2015 02:00,0
25-07-2015 03:00,0
25-07-2015 04:00,0
25-07-2015 05:00,0.055
25-07-2015 06:00,0.176
25-07-2015 07:00,0.225
25-07-2015 08:00,0.244
25-07-2015 09:00,0.346
25-07-2015 10:00,0.434
25-07-2015 11:00,0.567
25-07-2015 12:00,0.654
25-07-2015 13:00,0.342
25-07-2015 14:00,0.219
25-07-2015 15:00,0.343
25-07-2015 16:00,0.246
25-07-2015 17:00,0.068
25-07-2015 18:00,0.025
25-07-2015 19:00,0
25-07-2015 20:00,0
25-07-2015 21:00,0
25-07-2015 22:00,0
25-07-2015 23:00,0
26-07-2015 00:00,0
26-07-2015 01:00,0
26-07-2015 02:00,0
26-07-2015 03:00,0
26-07-2015 04:00,0
26-07-2015 05:00,0.056
26-07-2015 06:00,0.147
26-07-2015 07:00,0.343
26-07-2015 08:00,0.559
26-07-2015 09:00,0.677
26-07-2015 10:00,0.719
26-07-2015 11:00,0.688
26-07-2015 12:00,0.727
26-07-2015 13:00,0.682
26-07-2015 14:00,0.593
26-07-2015 15:00,0.425
26-07-2015 16:00,0.161
26-07-2015 17:00,0.056
26-07-2015 18:00,0
26-07-2015 19:00,0
26-07-2015 20:00,0
26-07-2015 21:00,0
26-07-2015 22:00,0
26-07-2015 23:00,0
27-07-2015 00:00,0
27-07-2015 01:00,0
27-07-2015 02:00,0
27-07-2015 03:00,0
27-07-2015 04:00,0
27-07-2015 05:00,0.015
27-07-2015 06:00,0.049
27-07-2015 07:00,0.077
27-07-2015 08:00,0.144
27-07-2015 09:00,0.212
27-07-2015 10:00,0.179
27-07-2015 11:00,0.248
27-07-2015 12:00,0.166
27-07-2015 13:00,0.201
27-07-2015 14:00,0.287
27-07-2015 15:00,0.329
27-07-2015 16:00,0.221
27-07-2015 17:00,0.099
27-07-2015 18:00,0.035
27-07-2015 19:00,0
27-07-2015 20:00,0
27-07-2015 21:00,0
27-07-2015 22:00,0
27-07-2015 23:00,0
28-07-2015 00:00,0
28-07-2015 01:00,0
28-07-2015 02:00,0
28-07-2015 03:00,0
28-07-2015 04:00,0
28-07-2015 05:00,0.035
28-07-2015 06:00,0.129
28-07-2015 07:00,0.207
28-07-2015 08:00,0.303
28-07-2015 09:00,0.465
28-07-2015 10:00,0.552
28-07-2015 11:00,0.367
28-07-2015 12:00,0.22
28-07-2015 13:00,0.341
28-07-2015 14:00,0.192
28-07-2015 15:00,0.166
28-07-2015 16:00,0.082
28-07-2015 17:00,0.033
28-07-2015 18:00,0.015
28-07-2015 19:00,0
28-07-2015 20:00,0
28-07-2015 21:00,0
28-07-2015 22:00,0
28-07-2015 23:00,0
29-07-2015 00:00,0
29-07-2015 01:00,0
29-07-2015 02:00,0
29-07-2015 03:00,0
29-07-2015 04:00,0
29-07-2015 05:00,0.025
29-07-2015 06:00,0.082
29-07-2015 07:00,0.121
29-07-2015 08:00,0.174
29-07-2015 09:00,0.137
29-07-2015 10:00,0.104
29-07-2015 11:00,0.138
29-07-2015 12:00,0.335
29-07-2015 13:00,0.542
29-07-2015 14:00,0.463
29-07-2015 15:00,0.143
29-07-2015 16:00,0.193
29-07-2015 17:00,0.105
29-07-2015 18:00,0.037
29-07-2015 19:00,0
29-07-2015 20:00,0
29-07-2015 21:00,0
29-07-2015 22:00,0
29-07-2015 23:00,0
30-07-2015 00:00,0
30-07-2015 01:00,0
30-07-2015 02:00,0
30-07-2015 03:00,0
30-07-2015 04:00,0.001
30-07-2015 05:00,0.067
30-07-2015 06:00,0.227
30-07-2015 07:00,0.395
30-07-2015 08:00,0.457
30-07-2015 09:00,0.58
30-07-2015 10:00,0.558
30-07-2015 11:00,0.434
30-07-2015 12:00,0.424
30-07-2015 13:00,0.384
30-07-2015 14:00,0.28
30-07-2015 15:00,0.323
30-07-2015 16:00,0.138
30-07-2015 17:00,0.079
30-07-2015 18:00,0.029
30-07-2015 19:00,0
30-07-2015 20:00,0
30-07-2015 21:00,0
30-07-2015 22:00,0
30-07-2015 23:00,0
31-07-2015 00:00,0
31-07-2015 01:00,0
31-07-2015 02:00,0
31-07-2015 03:00,0
31-07-2015 04:00,0.001
31-07-2015 05:00,0.065
31-07-2015 06:00,0.229
31-07-2015 07:00,0.411
31-07-2015 08:00,0.527
31-07-2015 09:00,0.502
31-07-2015 10:00,0.294
31-07-2015 11:00,0.459
31-07-2015 12:00,0.456
31-07-2015 13:00,0.44
31-07-2015 14:00,0.491
31-07-2015 15:00,0.363
31-07-2015 16:00,0.251
31-07-2015 17:00,0.112
31-07-2015 18:00,0.034
31-07-2015 19:00,0
31-07-2015 20:00,0
31-07-2015 21:00,0
31-07-2015 22:00,0
31-07-2015 23:00,0
01-08-2015 00:00,0
01-08-2015 01:00,0
01-08-2015 02:00,0
01-08-2015 03:00,0
01-08-2015 04:00,0
01-08-2015 05:00,0.056
01-08-2015 06:00,0.142
01-08-2015 07:00,0.185
01-08-2015 08:00,0.297
01-08-2015 09:00,0.362
01-08-2015 10:00,0.391
01-08-2015 11:00,0.609
01-08-2015 12:00,0.74
01-08-2015 13:00,0.682
01-08-2015 14:00,0.565
01-08-2015 15:00,0.39
01-08-2015 16:00,0.231
01-08-2015 17:00,0.09
01-08-2015 18:00,0.008
01-08-2015 19:00,0
01-08-2015 20:00,0
01-08-2015 21:00,0
01-08-2015 22:00,0
01-08-2015 23:00,0
02-08-2015 00:00,0
02-08-2015 01:00,0
02-08-2015 02:00,0
02-08-2015 03:00,0
02-08-2015 04:00,0
02-08-2015 05:00,0.059
02-08-2015 06:00,0.222
02-08-2015 07:00,0.399
02-08-2015 08:00,0.544
02-08-2015 09:00,0.651
02-08-2015 10:00,0.713
02-08-2015 11:00,0.737
02-08-2015 12:00,0.725
02-08-2015 13:00,0.673
02-08-2015 14:00,0.583
02-08-2015 15:00,0.442
02-08-2015 16:00,0.273
02-08-2015 17:00,0.103
02-08-2015 18:00,0.03
02-08-2015 19:00,0
02-08-2015 20:00,0
02-08-2015 21:00,0
02-08-2015 22:00,0
02-08-2015 23:00,0
03-08-2015 00:00,0
03-08-2015 01:00,0
03-08-2015 02:00,0
03-08-2015 03:00,0
03-08-2015 04:00,0
03-08-2015 05:00,0.059
03-08-2015 06:00,0.216
03-08-2015 07:00,0.391
03-08-2015 08:00,0.541
03-08-2015 09:00,0.652
03-08-2015 10:00,0.721
03-08-2015 11:00,0.751
03-08-2015 12:00,0.731
03-08-2015 13:00,0.672
03-08-2015 14:00,0.577
03-08-2015 15:00,0.435
03-08-2015 16:00,0.27
03-08-2015 17:00,0.101
03-08-2015 18:00,0.027
03-08-2015 19:00,0
03-08-2015 20:00,0
03-08-2015 21:00,0
03-08-2015 22:00,0
03-08-2015 23:00,0
04-08-2015 00:00,0
04-08-2015 01:00,0
04-08-2015 02:00,0
04-08-2015 03:00,0
04-08-2015 04:00,0
04-08-2015 05:00,0.056
04-08-2015 06:00,0.22
04-08-2015 07:00,0.395
04-08-2015 08:00,0.538
04-08-2015 09:00,0.634
04-08-2015 10:00,0.665
04-08-2015 11:00,0.596
04-08-2015 12:00,0.45
04-08-2015 13:00,0.501
04-08-2015 14:00,0.128
04-08-2015 15:00,0.057
04-08-2015 16:00,0.148
04-08-2015 17:00,0.092
04-08-2015 18:00,0.017
04-08-2015 19:00,0
04-08-2015 20:00,0
04-08-2015 21:00,0
04-08-2015 22:00,0
04-08-2015 23:00,0
05-08-2015 00:00,0
05-08-2015 01:00,0
05-08-2015 02:00,0
05-08-2015 03:00,0
05-08-2015 04:00,0
05-08-2015 05:00,0.026
05-08-2015 06:00,0.224
05-08-2015 07:00,0.299
05-08-2015 08:00,0.447
05-08-2015 09:00,0.668
05-08-2015 10:00,0.74
05-08-2015 11:00,0.764
05-08-2015 12:00,0.746
05-08-2015 13:00,0.683
05-08-2015 14:00,0.588
05-08-2015 15:00,0.44
05-08-2015 16:00,0.271
05-08-2015 17:00,0.099
05-08-2015 18:00,0.025
05-08-2015 19:00,0
05-08-2015 20:00,0
05-08-2015 21:00,0
05-08-2015 22:00,0
05-08-2015 23:00,0
06-08-2015 00:00,0
06-08-2015 01:00,0
06-08-2015 02:00,0
06-08-2015 03:00,0
06-08-2015 04:00,0
06-08-2015 05:00,0.054
06-08-2015 06:00,0.188
06-08-2015 07:00,0.365
06-08-2015 08:00,0.518
06-08-2015 09:00,0.625
06-08-2015 10:00,0.68
06-08-2015 11:00,0.69
06-08-2015 12:00,0.626
06-08-2015 13:00,0.598
06-08-2015 14:00,0.519
06-08-2015 15:00,0.296
06-08-2015 16:00,0.255
06-08-2015 17:00,0.094
06-08-2015 18:00,0.02
06-08-2015 19:00,0
06-08-2015 20:00,0
06-08-2015 21:00,0
06-08-2015 22:00,0
06-08-2015 23:00,0
07-08-2015 00:00,0
07-08-2015 01:00,0
07-08-2015 02:00,0
07-08-2015 03:00,0
07-08-2015 04:00,0
07-08-2015 05:00,0.052
07-08-2015 06:00,0.204
07-08-2015 07:00,0.375
07-08-2015 08:00,0.517
07-08-2015 09:00,0.572
07-08-2015 10:00,0.561
07-08-2015 11:00,0.711
07-08-2015 12:00,0.674
07-08-2015 13:00,0.572
07-08-2015 14:00,0.455
07-08-2015 15:00,0.404
07-08-2015 16:00,0.219
07-08-2015 17:00,0.059
07-08-2015 18:00,0.009
07-08-2015 19:00,0
07-08-2015 20:00,0
07-08-2015 21:00,0
07-08-2015 22:00,0
07-08-2015 23:00,0
08-08-2015 00:00,0
08-08-2015 01:00,0
08-08-2015 02:00,0
08-08-2015 03:00,0
08-08-2015 04:00,0
08-08-2015 05:00,0.044
08-08-2015 06:00,0.054
08-08-2015 07:00,0.076
08-08-2015 08:00,0.337
08-08-2015 09:00,0.513
08-08-2015 10:00,0.656
08-08-2015 11:00,0.731
08-08-2015 12:00,0.675
08-08-2015 13:00,0.545
08-08-2015 14:00,0.124
08-08-2015 15:00,0.16
08-08-2015 16:00,0.175
08-08-2015 17:00,0.09
08-08-2015 18:00,0.02
08-08-2015 19:00,0
08-08-2015 20:00,0
08-08-2015 21:00,0
08-08-2015 22:00,0
08-08-2015 23:00,0
09-08-2015 00:00,0
09-08-2015 01:00,0
09-08-2015 02:00,0
09-08-2015 03:00,0
09-08-2015 04:00,0
09-08-2015 05:00,0.049
09-08-2015 06:00,0.188
09-08-2015 07:00,0.359
09-08-2015 08:00,0.329
09-08-2015 09:00,0.371
09-08-2015 10:00,0.476
09-08-2015 11:00,0.663
09-08-2015 12:00,0.612
09-08-2015 13:00,0.618
09-08-2015 14:00,0.549
09-08-2015 15:00,0.409
09-08-2015 16:00,0.25
09-08-2015 17:00,0.092
09-08-2015 18:00,0.018
09-08-2015 19:00,0
09-08-2015 20:00,0
09-08-2015 21:00,0
09-08-2015 22:00,0
09-08-2015 23:00,0
10-08-2015 00:00,0
10-08-2015 01:00,0
10-08-2015 02:00,0
10-08-2015 03:00,0
10-08-2015 04:00,0
10-08-2015 05:00,0.038
10-08-2015 06:00,0.176
10-08-2015 07:00,0.358
10-08-2015 08:00,0.515
10-08-2015 09:00,0.627
10-08-2015 10:00,0.693
10-08-2015 11:00,0.725
10-08-2015 12:00,0.674
10-08-2015 13:00,0.549
10-08-2015 14:00,0.468
10-08-2015 15:00,0.382
10-08-2015 16:00,0.23
10-08-2015 17:00,0.036
10-08-2015 18:00,0
10-08-2015 19:00,0
10-08-2015 20:00,0
10-08-2015 21:00,0
10-08-2015 22:00,0
10-08-2015 23:00,0
11-08-2015 00:00,0
11-08-2015 01:00,0
11-08-2015 02:00,0
11-08-2015 03:00,0
11-08-2015 04:00,0
11-08-2015 05:00,0.047
11-08-2015 06:00,0.202
11-08-2015 07:00,0.367
11-08-2015 08:00,0.513
11-08-2015 09:00,0.623
11-08-2015 10:00,0.694
11-08-2015 11:00,0.63
11-08-2015 12:00,0.364
11-08-2015 13:00,0.24
11-08-2015 14:00,0.051
11-08-2015 15:00,0.201
11-08-2015 16:00,0.173
11-08-2015 17:00,0.078
11-08-2015 18:00,0.014
11-08-2015 19:00,0
11-08-2015 20:00,0
11-08-2015 21:00,0
11-08-2015 22:00,0
11-08-2015 23:00,0
12-08-2015 00:00,0
12-08-2015 01:00,0
12-08-2015 02:00,0
12-08-2015 03:00,0
12-08-2015 04:00,0
12-08-2015 05:00,0.044
12-08-2015 06:00,0.17
12-08-2015 07:00,0.371
12-08-2015 08:00,0.516
12-08-2015 09:00,0.63
12-08-2015 10:00,0.69
12-08-2015 11:00,0.712
12-08-2015 12:00,0.61
12-08-2015 13:00,0.46
12-08-2015 14:00,0.248
12-08-2015 15:00,0.072
12-08-2015 16:00,0.167
12-08-2015 17:00,0.075
12-08-2015 18:00,0.01
12-08-2015 19:00,0
12-08-2015 20:00,0
12-08-2015 21:00,0
12-08-2015 22:00,0
12-08-2015 23:00,0
13-08-2015 00:00,0
13-08-2015 01:00,0
13-08-2015 02:00,0
13-08-2015 03:00,0
13-08-2015 04:00,0
13-08-2015 05:00,0.02
13-08-2015 06:00,0.134
13-08-2015 07:00,0.317
13-08-2015 08:00,0.513
13-08-2015 09:00,0.626
13-08-2015 10:00,0.693
13-08-2015 11:00,0.717
13-08-2015 12:00,0.693
13-08-2015 13:00,0.606
13-08-2015 14:00,0.494
13-08-2015 15:00,0.261
13-08-2015 16:00,0.072
13-08-2015 17:00,0.023
13-08-2015 18:00,0
13-08-2015 19:00,0
13-08-2015 20:00,0
13-08-2015 21:00,0
13-08-2015 22:00,0
13-08-2015 23:00,0
14-08-2015 00:00,0
14-08-2015 01:00,0
14-08-2015 02:00,0
14-08-2015 03:00,0
14-08-2015 04:00,0
14-08-2015 05:00,0
14-08-2015 06:00,0.05
14-08-2015 07:00,0.105
14-08-2015 08:00,0.092
14-08-2015 09:00,0.201
14-08-2015 10:00,0.368
14-08-2015 11:00,0.631
14-08-2015 12:00,0.711
14-08-2015 13:00,0.641
14-08-2015 14:00,0.55
14-08-2015 15:00,0.358
14-08-2015 16:00,0.144
14-08-2015 17:00,0.015
14-08-2015 18:00,0
14-08-2015 19:00,0
14-08-2015 20:00,0
14-08-2015 21:00,0
14-08-2015 22:00,0
14-08-2015 23:00,0
15-08-2015 00:00,0
15-08-2015 01:00,0
15-08-2015 02:00,0
15-08-2015 03:00,0
15-08-2015 04:00,0
15-08-2015 05:00,0.041
15-08-2015 06:00,0.184
15-08-2015 07:00,0.274
15-08-2015 08:00,0.283
15-08-2015 09:00,0.41
15-08-2015 10:00,0.345
15-08-2015 11:00,0.388
15-08-2015 12:00,0.614
15-08-2015 13:00,0.442
15-08-2015 14:00,0.438
15-08-2015 15:00,0.338
15-08-2015 16:00,0.238
15-08-2015 17:00,0.081
15-08-2015 18:00,0.007
15-08-2015 19:00,0
15-08-2015 20:00,0
15-08-2015 21:00,0
15-08-2015 22:00,0
15-08-2015 23:00,0
16-08-2015 00:00,0
16-08-2015 01:00,0
16-08-2015 02:00,0
16-08-2015 03:00,0
16-08-2015 04:00,0
16-08-2015 05:00,0.002
16-08-2015 06:00,0.027
16-08-2015 07:00,0.074
16-08-2015 08:00,0.047
16-08-2015 09:00,0.048
16-08-2015 10:00,0.062
16-08-2015 11:00,0.076
16-08-2015 12:00,0.109
16-08-2015 13:00,0.105
16-08-2015 14:00,0.055
16-08-2015 15:00,0.028
16-08-2015 16:00,0.032
16-08-2015 17:00,0.047
16-08-2015 18:00,0.004
16-08-2015 19:00,0
16-08-2015 20:00,0
16-08-2015 21:00,0
16-08-2015 22:00,0
16-08-2015 23:00,0
17-08-2015 00:00,0
17-08-2015 01:00,0
17-08-2015 02:00,0
17-08-2015 03:00,0
17-08-2015 04:00,0
17-08-2015 05:00,0
17-08-2015 06:00,0.026
17-08-2015 07:00,0.077
17-08-2015 08:00,0.078
17-08-2015 09:00,0.074
17-08-2015 10:00,0.072
17-08-2015 11:00,0.081
17-08-2015 12:00,0.071
17-08-2015 13:00,0.076
17-08-2015 14:00,0.092
17-08-2015 15:00,0.12
17-08-2015 16:00,0.105
17-08-2015 17:00,0.054
17-08-2015 18:00,0.003
17-08-2015 19:00,0
17-08-2015 20:00,0
17-08-2015 21:00,0
17-08-2015 22:00,0
17-08-2015 23:00,0
18-08-2015 00:00,0
18-08-2015 01:00,0
18-08-2015 02:00,0
18-08-2015 03:00,0
18-08-2015 04:00,0
18-08-2015 05:00,0.005
18-08-2015 06:00,0.028
18-08-2015 07:00,0.071
18-08-2015 08:00,0.053
18-08-2015 09:00,0.075
18-08-2015 10:00,0.112
18-08-2015 11:00,0.195
18-08-2015 12:00,0.252
18-08-2015 13:00,0.23
18-08-2015 14:00,0.189
18-08-2015 15:00,0.172
18-08-2015 16:00,0.146
18-08-2015 17:00,0.069
18-08-2015 18:00,0.001
18-08-2015 19:00,0
18-08-2015 20:00,0
18-08-2015 21:00,0
18-08-2015 22:00,0
18-08-2015 23:00,0
19-08-2015 00:00,0
19-08-2015 01:00,0
19-08-2015 02:00,0
19-08-2015 03:00,0
19-08-2015 04:00,0
19-08-2015 05:00,0.037
19-08-2015 06:00,0.199
19-08-2015 07:00,0.362
19-08-2015 08:00,0.48
19-08-2015 09:00,0.511
19-08-2015 10:00,0.175
19-08-2015 11:00,0.1
19-08-2015 12:00,0.19
19-08-2015 13:00,0.227
19-08-2015 14:00,0.177
19-08-2015 15:00,0.133
19-08-2015 16:00,0.1
19-08-2015 17:00,0.041
19-08-2015 18:00,0
19-08-2015 19:00,0
19-08-2015 20:00,0
19-08-2015 21:00,0
19-08-2015 22:00,0
19-08-2015 23:00,0
20-08-2015 00:00,0
20-08-2015 01:00,0
20-08-2015 02:00,0
20-08-2015 03:00,0
20-08-2015 04:00,0
20-08-2015 05:00,0.007
20-08-2015 06:00,0.032
20-08-2015 07:00,0.119
20-08-2015 08:00,0.208
20-08-2015 09:00,0.206
20-08-2015 10:00,0.173
20-08-2015 11:00,0.101
20-08-2015 12:00,0.077
20-08-2015 13:00,0.133
20-08-2015 14:00,0.211
20-08-2015 15:00,0.166
20-08-2015 16:00,0.084
20-08-2015 17:00,0.017
20-08-2015 18:00,0
20-08-2015 19:00,0
20-08-2015 20:00,0
20-08-2015 21:00,0
20-08-2015 22:00,0
20-08-2015 23:00,0
21-08-2015 00:00,0
21-08-2015 01:00,0
21-08-2015 02:00,0
21-08-2015 03:00,0
21-08-2015 04:00,0
21-08-2015 05:00,0.033
21-08-2015 06:00,0.191
21-08-2015 07:00,0.382
21-08-2015 08:00,0.54
21-08-2015 09:00,0.655
21-08-2015 10:00,0.726
21-08-2015 11:00,0.695
21-08-2015 12:00,0.641
21-08-2015 13:00,0.434
21-08-2015 14:00,0.309
21-08-2015 15:00,0.254
21-08-2015 16:00,0.223
21-08-2015 17:00,0.067
21-08-2015 18:00,0
21-08-2015 19:00,0
21-08-2015 20:00,0
21-08-2015 21:00,0
21-08-2015 22:00,0
21-08-2015 23:00,0
22-08-2015 00:00,0
22-08-2015 01:00,0
22-08-2015 02:00,0
22-08-2015 03:00,0
22-08-2015 04:00,0
22-08-2015 05:00,0.031
22-08-2015 06:00,0.185
22-08-2015 07:00,0.375
22-08-2015 08:00,0.53
22-08-2015 09:00,0.645
22-08-2015 10:00,0.683
22-08-2015 11:00,0.711
22-08-2015 12:00,0.696
22-08-2015 13:00,0.619
22-08-2015 14:00,0.531
22-08-2015 15:00,0.363
22-08-2015 16:00,0.214
22-08-2015 17:00,0.064
22-08-2015 18:00,0
22-08-2015 19:00,0
22-08-2015 20:00,0
22-08-2015 21:00,0
22-08-2015 22:00,0
22-08-2015 23:00,0
23-08-2015 00:00,0
23-08-2015 01:00,0
23-08-2015 02:00,0
23-08-2015 03:00,0
23-08-2015 04:00,0
23-08-2015 05:00,0.028
23-08-2015 06:00,0.183
23-08-2015 07:00,0.373
23-08-2015 08:00,0.53
23-08-2015 09:00,0.645
23-08-2015 10:00,0.718
23-08-2015 11:00,0.745
23-08-2015 12:00,0.715
23-08-2015 13:00,0.588
23-08-2015 14:00,0.485
23-08-2015 15:00,0.36
23-08-2015 16:00,0.153
23-08-2015 17:00,0.038
23-08-2015 18:00,0
23-08-2015 19:00,0
23-08-2015 20:00,0
23-08-2015 21:00,0
23-08-2015 22:00,0
23-08-2015 23:00,0
24-08-2015 00:00,0
24-08-2015 01:00,0
24-08-2015 02:00,0
24-08-2015 03:00,0
24-08-2015 04:00,0
24-08-2015 05:00,0.009
24-08-2015 06:00,0.078
24-08-2015 07:00,0.075
24-08-2015 08:00,0.071
24-08-2015 09:00,0.065
24-08-2015 10:00,0.061
24-08-2015 11:00,0.055
24-08-2015 12:00,0.049
24-08-2015 13:00,0
24-08-2015 14:00,0
24-08-2015 15:00,0
24-08-2015 16:00,0
24-08-2015 17:00,0
24-08-2015 18:00,0
24-08-2015 19:00,0
24-08-2015 20:00,0
24-08-2015 21:00,0
24-08-2015 22:00,0
24-08-2015 23:00,0
25-08-2015 00:00,0
25-08-2015 01:00,0
25-08-2015 02:00,0
25-08-2015 03:00,0
25-08-2015 04:00,0
25-08-2015 05:00,0
25-08-2015 06:00,0.051
25-08-2015 07:00,0.068
25-08-2015 08:00,0.063
25-08-2015 09:00,0.075
25-08-2015 10:00,0.114
25-08-2015 11:00,0.148
25-08-2015 12:00,0.101
25-08-2015 13:00,0.295
25-08-2015 14:00,0.31
25-08-2015 15:00,0.242
25-08-2015 16:00,0.154
25-08-2015 17:00,0.058
25-08-2015 18:00,0
25-08-2015 19:00,0
25-08-2015 20:00,0
25-08-2015 21:00,0
25-08-2015 22:00,0
25-08-2015 23:00,0
26-08-2015 00:00,0
26-08-2015 01:00,0
26-08-2015 02:00,0
26-08-2015 03:00,0
26-08-2015 04:00,0
26-08-2015 05:00,0.026
26-08-2015 06:00,0.18
26-08-2015 07:00,0.38
26-08-2015 08:00,0.537
26-08-2015 09:00,0.648
26-08-2015 10:00,0.701
26-08-2015 11:00,0.716
26-08-2015 12:00,0.688
26-08-2015 13:00,0.608
26-08-2015 14:00,0.522
26-08-2015 15:00,0.355
26-08-2015 16:00,0.196
26-08-2015 17:00,0.054
26-08-2015 18:00,0
26-08-2015 19:00,0
26-08-2015 20:00,0
26-08-2015 21:00,0
26-08-2015 22:00,0
26-08-2015 23:00,0
27-08-2015 00:00,0
27-08-2015 01:00,0
27-08-2015 02:00,0
27-08-2015 03:00,0
27-08-2015 04:00,0
27-08-2015 05:00,0.01
27-08-2015 06:00,0.159
27-08-2015 07:00,0.343
27-08-2015 08:00,0.47
27-08-2015 09:00,0.435
27-08-2015 10:00,0.51
27-08-2015 11:00,0.385
27-08-2015 12:00,0.473
27-08-2015 13:00,0.524
27-08-2015 14:00,0.287
27-08-2015 15:00,0.307
27-08-2015 16:00,0.182
27-08-2015 17:00,0.047
27-08-2015 18:00,0
27-08-2015 19:00,0
27-08-2015 20:00,0
27-08-2015 21:00,0
27-08-2015 22:00,0
27-08-2015 23:00,0
28-08-2015 00:00,0
28-08-2015 01:00,0
28-08-2015 02:00,0
28-08-2015 03:00,0
28-08-2015 04:00,0
28-08-2015 05:00,0
28-08-2015 06:00,0.019
28-08-2015 07:00,0.052
28-08-2015 08:00,0.072
28-08-2015 09:00,0.087
28-08-2015 10:00,0.066
28-08-2015 11:00,0.11
28-08-2015 12:00,0.075
28-08-2015 13:00,0.11
28-08-2015 14:00,0.178
28-08-2015 15:00,0.087
28-08-2015 16:00,0.105
28-08-2015 17:00,0.025
28-08-2015 18:00,0
28-08-2015 19:00,0
28-08-2015 20:00,0
28-08-2015 21:00,0
28-08-2015 22:00,0
28-08-2015 23:00,0
29-08-2015 00:00,0
29-08-2015 01:00,0
29-08-2015 02:00,0
29-08-2015 03:00,0
29-08-2015 04:00,0
29-08-2015 05:00,0
29-08-2015 06:00,0.028
29-08-2015 07:00,0.12
29-08-2015 08:00,0.332
29-08-2015 09:00,0.434
29-08-2015 10:00,0.679
29-08-2015 11:00,0.727
29-08-2015 12:00,0.708
29-08-2015 13:00,0.629
29-08-2015 14:00,0.513
29-08-2015 15:00,0.369
29-08-2015 16:00,0.203
29-08-2015 17:00,0.044
29-08-2015 18:00,0
29-08-2015 19:00,0
29-08-2015 20:00,0
29-08-2015 21:00,0
29-08-2015 22:00,0
29-08-2015 23:00,0
30-08-2015 00:00,0
30-08-2015 01:00,0
30-08-2015 02:00,0
30-08-2015 03:00,0
30-08-2015 04:00,0
30-08-2015 05:00,0.022
30-08-2015 06:00,0.173
30-08-2015 07:00,0.359
30-08-2015 08:00,0.511
30-08-2015 09:00,0.623
30-08-2015 10:00,0.687
30-08-2015 11:00,0.656
30-08-2015 12:00,0.644
30-08-2015 13:00,0.623
30-08-2015 14:00,0.525
30-08-2015 15:00,0.375
30-08-2015 16:00,0.2
30-08-2015 17:00,0.04
30-08-2015 18:00,0
30-08-2015 19:00,0
30-08-2015 20:00,0
30-08-2015 21:00,0
30-08-2015 22:00,0
30-08-2015 23:00,0
31-08-2015 00:00,0
31-08-2015 01:00,0
31-08-2015 02:00,0
31-08-2015 03:00,0
31-08-2015 04:00,0
31-08-2015 05:00,0.018
31-08-2015 06:00,0.165
31-08-2015 07:00,0.326
31-08-2015 08:00,0.468
31-08-2015 09:00,0.594
31-08-2015 10:00,0.659
31-08-2015 11:00,0.682
31-08-2015 12:00,0.673
31-08-2015 13:00,0.612
31-08-2015 14:00,0.509
31-08-2015 15:00,0.365
31-08-2015 16:00,0.194
31-08-2015 17:00,0.041
31-08-2015 18:00,0
31-08-2015 19:00,0
31-08-2015 20:00,0
31-08-2015 21:00,0
31-08-2015 22:00,0
31-08-2015 23:00,0
01-09-2015 00:00,0
01-09-2015 01:00,0
01-09-2015 02:00,0
01-09-2015 03:00,0
01-09-2015 04:00,0
01-09-2015 05:00,0.018
01-09-2015 06:00,0.136
01-09-2015 07:00,0.332
01-09-2015 08:00,0.308
01-09-2015 09:00,0.098
01-09-2015 10:00,0.212
01-09-2015 11:00,0.092
01-09-2015 12:00,0.125
01-09-2015 13:00,0.367
01-09-2015 14:00,0.231
01-09-2015 15:00,0.102
01-09-2015 16:00,0.04
01-09-2015 17:00,0.013
01-09-2015 18:00,0
01-09-2015 19:00,0
01-09-2015 20:00,0
01-09-2015 21:00,0
01-09-2015 22:00,0
01-09-2015 23:00,0
02-09-2015 00:00,0
02-09-2015 01:00,0
02-09-2015 02:00,0
02-09-2015 03:00,0
02-09-2015 04:00,0
02-09-2015 05:00,0
02-09-2015 06:00,0.112
02-09-2015 07:00,0.315
02-09-2015 08:00,0.429
02-09-2015 09:00,0.383
02-09-2015 10:00,0.385
02-09-2015 11:00,0.406
02-09-2015 12:00,0.28
02-09-2015 13:00,0.249
02-09-2015 14:00,0.267
02-09-2015 15:00,0.233
02-09-2015 16:00,0.145
02-09-2015 17:00,0.031
02-09-2015 18:00,0
02-09-2015 19:00,0
02-09-2015 20:00,0
02-09-2015 21:00,0
02-09-2015 22:00,0
02-09-2015 23:00,0
03-09-2015 00:00,0
03-09-2015 01:00,0
03-09-2015 02:00,0
03-09-2015 03:00,0
03-09-2015 04:00,0
03-09-2015 05:00,0.01
03-09-2015 06:00,0.088
03-09-2015 07:00,0.211
03-09-2015 08:00,0.457
03-09-2015 09:00,0.413
03-09-2015 10:00,0.228
03-09-2015 11:00,0.165
03-09-2015 12:00,0.356
03-09-2015 13:00,0.552
03-09-2015 14:00,0.465
03-09-2015 15:00,0.336
03-09-2015 16:00,0.134
03-09-2015 17:00,0.031
03-09-2015 18:00,0
03-09-2015 19:00,0
03-09-2015 20:00,0
03-09-2015 21:00,0
03-09-2015 22:00,0
03-09-2015 23:00,0
04-09-2015 00:00,0
04-09-2015 01:00,0
04-09-2015 02:00,0
04-09-2015 03:00,0
04-09-2015 04:00,0
04-09-2015 05:00,0.019
04-09-2015 06:00,0.192
04-09-2015 07:00,0.391
04-09-2015 08:00,0.555
04-09-2015 09:00,0.31
04-09-2015 10:00,0.239
04-09-2015 11:00,0.52
04-09-2015 12:00,0.499
04-09-2015 13:00,0.196
04-09-2015 14:00,0.277
04-09-2015 15:00,0.222
04-09-2015 16:00,0.197
04-09-2015 17:00,0.035
04-09-2015 18:00,0
04-09-2015 19:00,0
04-09-2015 20:00,0
04-09-2015 21:00,0
04-09-2015 22:00,0
04-09-2015 23:00,0
05-09-2015 00:00,0
05-09-2015 01:00,0
05-09-2015 02:00,0
05-09-2015 03:00,0
05-09-2015 04:00,0
05-09-2015 05:00,0.007
05-09-2015 06:00,0.045
05-09-2015 07:00,0.122
05-09-2015 08:00,0.242
05-09-2015 09:00,0.447
05-09-2015 10:00,0.501
05-09-2015 11:00,0.4
05-09-2015 12:00,0.262
05-09-2015 13:00,0.294
05-09-2015 14:00,0.245
05-09-2015 15:00,0.341
05-09-2015 16:00,0.086
05-09-2015 17:00,0.023
05-09-2015 18:00,0
05-09-2015 19:00,0
05-09-2015 20:00,0
05-09-2015 21:00,0
05-09-2015 22:00,0
05-09-2015 23:00,0
06-09-2015 00:00,0
06-09-2015 01:00,0
06-09-2015 02:00,0
06-09-2015 03:00,0
06-09-2015 04:00,0
06-09-2015 05:00,0.004
06-09-2015 06:00,0.073
06-09-2015 07:00,0.229
06-09-2015 08:00,0.265
06-09-2015 09:00,0.215
06-09-2015 10:00,0.165
06-09-2015 11:00,0.282
06-09-2015 12:00,0.382
06-09-2015 13:00,0.103
06-09-2015 14:00,0.145
06-09-2015 15:00,0.18
06-09-2015 16:00,0.153
06-09-2015 17:00,0.024
06-09-2015 18:00,0
06-09-2015 19:00,0
06-09-2015 20:00,0
06-09-2015 21:00,0
06-09-2015 22:00,0
06-09-2015 23:00,0
07-09-2015 00:00,0
07-09-2015 01:00,0
07-09-2015 02:00,0
07-09-2015 03:00,0
07-09-2015 04:00,0
07-09-2015 05:00,0
07-09-2015 06:00,0.019
07-09-2015 07:00,0.094
07-09-2015 08:00,0.108
07-09-2015 09:00,0.188
07-09-2015 10:00,0.188
07-09-2015 11:00,0.26
07-09-2015 12:00,0.29
07-09-2015 13:00,0.155
07-09-2015 14:00,0.14
07-09-2015 15:00,0.187
07-09-2015 16:00,0.079
07-09-2015 17:00,0.017
07-09-2015 18:00,0
07-09-2015 19:00,0
07-09-2015 20:00,0
07-09-2015 21:00,0
07-09-2015 22:00,0
07-09-2015 23:00,0
08-09-2015 00:00,0
08-09-2015 01:00,0
08-09-2015 02:00,0
08-09-2015 03:00,0
08-09-2015 04:00,0
08-09-2015 05:00,0
08-09-2015 06:00,0.067
08-09-2015 07:00,0.201
08-09-2015 08:00,0.271
08-09-2015 09:00,0.307
08-09-2015 10:00,0.052
08-09-2015 11:00,0.094
08-09-2015 12:00,0.191
08-09-2015 13:00,0.13
08-09-2015 14:00,0.13
08-09-2015 15:00,0.161
08-09-2015 16:00,0.14
08-09-2015 17:00,0.022
08-09-2015 18:00,0
08-09-2015 19:00,0
08-09-2015 20:00,0
08-09-2015 21:00,0
08-09-2015 22:00,0
08-09-2015 23:00,0
09-09-2015 00:00,0
09-09-2015 01:00,0
09-09-2015 02:00,0
09-09-2015 03:00,0
09-09-2015 04:00,0
09-09-2015 05:00,0.012
09-09-2015 06:00,0.172
09-09-2015 07:00,0.336
09-09-2015 08:00,0.499
09-09-2015 09:00,0.492
09-09-2015 10:00,0.507
09-09-2015 11:00,0.423
09-09-2015 12:00,0.543
09-09-2015 13:00,0.487
09-09-2015 14:00,0.436
09-09-2015 15:00,0.307
09-09-2015 16:00,0.173
09-09-2015 17:00,0.021
09-09-2015 18:00,0
09-09-2015 19:00,0
09-09-2015 20:00,0
09-09-2015 21:00,0
09-09-2015 22:00,0
09-09-2015 23:00,0
10-09-2015 00:00,0
10-09-2015 01:00,0
10-09-2015 02:00,0
10-09-2015 03:00,0
10-09-2015 04:00,0
10-09-2015 05:00,0.011
10-09-2015 06:00,0.179
10-09-2015 07:00,0.381
10-09-2015 08:00,0.552
10-09-2015 09:00,0.548
10-09-2015 10:00,0.455
10-09-2015 11:00,0.543
10-09-2015 12:00,0.463
10-09-2015 13:00,0.468
10-09-2015 14:00,0.296
10-09-2015 15:00,0.218
10-09-2015 16:00,0.158
10-09-2015 17:00,0.018
10-09-2015 18:00,0
10-09-2015 19:00,0
10-09-2015 20:00,0
10-09-2015 21:00,0
10-09-2015 22:00,0
10-09-2015 23:00,0
11-09-2015 00:00,0
11-09-2015 01:00,0
11-09-2015 02:00,0
11-09-2015 03:00,0
11-09-2015 04:00,0
11-09-2015 05:00,0.009
11-09-2015 06:00,0.163
11-09-2015 07:00,0.367
11-09-2015 08:00,0.538
11-09-2015 09:00,0.671
11-09-2015 10:00,0.758
11-09-2015 11:00,0.764
11-09-2015 12:00,0.624
11-09-2015 13:00,0.408
11-09-2015 14:00,0.317
11-09-2015 15:00,0.269
11-09-2015 16:00,0.155
11-09-2015 17:00,0.015
11-09-2015 18:00,0
11-09-2015 19:00,0
11-09-2015 20:00,0
11-09-2015 21:00,0
11-09-2015 22:00,0
11-09-2015 23:00,0
12-09-2015 00:00,0
12-09-2015 01:00,0
12-09-2015 02:00,0
12-09-2015 03:00,0
12-09-2015 04:00,0
12-09-2015 05:00,0.006
12-09-2015 06:00,0.092
12-09-2015 07:00,0.194
12-09-2015 08:00,0.527
12-09-2015 09:00,0.637
12-09-2015 10:00,0.595
12-09-2015 11:00,0.654
12-09-2015 12:00,0.741
12-09-2015 13:00,0.647
12-09-2015 14:00,0.41
12-09-2015 15:00,0.124
12-09-2015 16:00,0.065
12-09-2015 17:00,0.004
12-09-2015 18:00,0
12-09-2015 19:00,0
12-09-2015 20:00,0
12-09-2015 21:00,0
12-09-2015 22:00,0
12-09-2015 23:00,0
13-09-2015 00:00,0
13-09-2015 01:00,0
13-09-2015 02:00,0
13-09-2015 03:00,0
13-09-2015 04:00,0
13-09-2015 05:00,0.002
13-09-2015 06:00,0.117
13-09-2015 07:00,0.331
13-09-2015 08:00,0.327
13-09-2015 09:00,0.418
13-09-2015 10:00,0.254
13-09-2015 11:00,0.179
13-09-2015 12:00,0.205
13-09-2015 13:00,0.225
13-09-2015 14:00,0.132
13-09-2015 15:00,0.069
13-09-2015 16:00,0.024
13-09-2015 17:00,0
13-09-2015 18:00,0
13-09-2015 19:00,0
13-09-2015 20:00,0
13-09-2015 21:00,0
13-09-2015 22:00,0
13-09-2015 23:00,0
14-09-2015 00:00,0
14-09-2015 01:00,0
14-09-2015 02:00,0
14-09-2015 03:00,0
14-09-2015 04:00,0
14-09-2015 05:00,0
14-09-2015 06:00,0.004
14-09-2015 07:00,0.015
14-09-2015 08:00,0.037
14-09-2015 09:00,0.047
14-09-2015 10:00,0.097
14-09-2015 11:00,0.23
14-09-2015 12:00,0.353
14-09-2015 13:00,0.289
14-09-2015 14:00,0.342
14-09-2015 15:00,0.16
14-09-2015 16:00,0.008
14-09-2015 17:00,0
14-09-2015 18:00,0
14-09-2015 19:00,0
14-09-2015 20:00,0
14-09-2015 21:00,0
14-09-2015 22:00,0
14-09-2015 23:00,0
15-09-2015 00:00,0
15-09-2015 01:00,0
15-09-2015 02:00,0
15-09-2015 03:00,0
15-09-2015 04:00,0
15-09-2015 05:00,0
15-09-2015 06:00,0.043
15-09-2015 07:00,0.148
15-09-2015 08:00,0.181
15-09-2015 09:00,0.151
15-09-2015 10:00,0.153
15-09-2015 11:00,0.17
15-09-2015 12:00,0.239
15-09-2015 13:00,0.168
15-09-2015 14:00,0.193
15-09-2015 15:00,0.17
15-09-2015 16:00,0.075
15-09-2015 17:00,0
15-09-2015 18:00,0
15-09-2015 19:00,0
15-09-2015 20:00,0
15-09-2015 21:00,0
15-09-2015 22:00,0
15-09-2015 23:00,0
16-09-2015 00:00,0
16-09-2015 01:00,0
16-09-2015 02:00,0
16-09-2015 03:00,0
16-09-2015 04:00,0
16-09-2015 05:00,0
16-09-2015 06:00,0.018
16-09-2015 07:00,0.015
16-09-2015 08:00,0.049
16-09-2015 09:00,0.072
16-09-2015 10:00,0.082
16-09-2015 11:00,0.073
16-09-2015 12:00,0.072
16-09-2015 13:00,0.082
16-09-2015 14:00,0.023
16-09-2015 15:00,0.096
16-09-2015 16:00,0.046
16-09-2015 17:00,0
16-09-2015 18:00,0
16-09-2015 19:00,0
16-09-2015 20:00,0
16-09-2015 21:00,0
16-09-2015 22:00,0
16-09-2015 23:00,0
17-09-2015 00:00,0
17-09-2015 01:00,0
17-09-2015 02:00,0
17-09-2015 03:00,0
17-09-2015 04:00,0
17-09-2015 05:00,0
17-09-2015 06:00,0.038
17-09-2015 07:00,0.114
17-09-2015 08:00,0.057
17-09-2015 09:00,0.071
17-09-2015 10:00,0.058
17-09-2015 11:00,0.059
17-09-2015 12:00,0.04
17-09-2015 13:00,0.043
17-09-2015 14:00,0.039
17-09-2015 15:00,0.043
17-09-2015 16:00,0.013
17-09-2015 17:00,0
17-09-2015 18:00,0
17-09-2015 19:00,0
17-09-2015 20:00,0
17-09-2015 21:00,0
17-09-2015 22:00,0
17-09-2015 23:00,0
18-09-2015 00:00,0
18-09-2015 01:00,0
18-09-2015 02:00,0
18-09-2015 03:00,0
18-09-2015 04:00,0
18-09-2015 05:00,0
18-09-2015 06:00,0.064
18-09-2015 07:00,0.133
18-09-2015 08:00,0.115
18-09-2015 09:00,0.17
18-09-2015 10:00,0.115
18-09-2015 11:00,0.212
18-09-2015 12:00,0.225
18-09-2015 13:00,0.474
18-09-2015 14:00,0.484
18-09-2015 15:00,0.259
18-09-2015 16:00,0.036
18-09-2015 17:00,0
18-09-2015 18:00,0
18-09-2015 19:00,0
18-09-2015 20:00,0
18-09-2015 21:00,0
18-09-2015 22:00,0
18-09-2015 23:00,0
19-09-2015 00:00,0
19-09-2015 01:00,0
19-09-2015 02:00,0
19-09-2015 03:00,0
19-09-2015 04:00,0
19-09-2015 05:00,0
19-09-2015 06:00,0.029
19-09-2015 07:00,0.081
19-09-2015 08:00,0.078
19-09-2015 09:00,0.069
19-09-2015 10:00,0.068
19-09-2015 11:00,0.099
19-09-2015 12:00,0.147
19-09-2015 13:00,0.286
19-09-2015 14:00,0.353
19-09-2015 15:00,0.171
19-09-2015 16:00,0.103
19-09-2015 17:00,0
19-09-2015 18:00,0
19-09-2015 19:00,0
19-09-2015 20:00,0
19-09-2015 21:00,0
19-09-2015 22:00,0
19-09-2015 23:00,0
20-09-2015 00:00,0
20-09-2015 01:00,0
20-09-2015 02:00,0
20-09-2015 03:00,0
20-09-2015 04:00,0
20-09-2015 05:00,0
20-09-2015 06:00,0.043
20-09-2015 07:00,0.137
20-09-2015 08:00,0.16
20-09-2015 09:00,0.163
20-09-2015 10:00,0.292
20-09-2015 11:00,0.269
20-09-2015 12:00,0.344
20-09-2015 13:00,0.239
20-09-2015 14:00,0.11
20-09-2015 15:00,0.182
20-09-2015 16:00,0.134
20-09-2015 17:00,0
20-09-2015 18:00,0
20-09-2015 19:00,0
20-09-2015 20:00,0
20-09-2015 21:00,0
20-09-2015 22:00,0
20-09-2015 23:00,0
21-09-2015 00:00,0
21-09-2015 01:00,0
21-09-2015 02:00,0
21-09-2015 03:00,0
21-09-2015 04:00,0
21-09-2015 05:00,0
21-09-2015 06:00,0.095
21-09-2015 07:00,0.285
21-09-2015 08:00,0.305
21-09-2015 09:00,0.325
21-09-2015 10:00,0.566
21-09-2015 11:00,0.549
21-09-2015 12:00,0.538
21-09-2015 13:00,0.485
21-09-2015 14:00,0.323
21-09-2015 15:00,0.221
21-09-2015 16:00,0.119
21-09-2015 17:00,0
21-09-2015 18:00,0
21-09-2015 19:00,0
21-09-2015 20:00,0
21-09-2015 21:00,0
21-09-2015 22:00,0
21-09-2015 23:00,0
22-09-2015 00:00,0
22-09-2015 01:00,0
22-09-2015 02:00,0
22-09-2015 03:00,0
22-09-2015 04:00,0
22-09-2015 05:00,0
22-09-2015 06:00,0.059
22-09-2015 07:00,0.202
22-09-2015 08:00,0.129
22-09-2015 09:00,0.132
22-09-2015 10:00,0.098
22-09-2015 11:00,0.103
22-09-2015 12:00,0.104
22-09-2015 13:00,0.066
22-09-2015 14:00,0.046
22-09-2015 15:00,0.041
22-09-2015 16:00,0.006
22-09-2015 17:00,0
22-09-2015 18:00,0
22-09-2015 19:00,0
22-09-2015 20:00,0
22-09-2015 21:00,0
22-09-2015 22:00,0
22-09-2015 23:00,0
23-09-2015 00:00,0
23-09-2015 01:00,0
23-09-2015 02:00,0
23-09-2015 03:00,0
23-09-2015 04:00,0
23-09-2015 05:00,0
23-09-2015 06:00,0.037
23-09-2015 07:00,0.129
23-09-2015 08:00,0.122
23-09-2015 09:00,0.225
23-09-2015 10:00,0.121
23-09-2015 11:00,0.168
23-09-2015 12:00,0.303
23-09-2015 13:00,0.154
23-09-2015 14:00,0.123
23-09-2015 15:00,0.177
23-09-2015 16:00,0.048
23-09-2015 17:00,0
23-09-2015 18:00,0
23-09-2015 19:00,0
23-09-2015 20:00,0
23-09-2015 21:00,0
23-09-2015 22:00,0
23-09-2015 23:00,0
24-09-2015 00:00,0
24-09-2015 01:00,0
24-09-2015 02:00,0
24-09-2015 03:00,0
24-09-2015 04:00,0
24-09-2015 05:00,0
24-09-2015 06:00,0.013
24-09-2015 07:00,0.109
24-09-2015 08:00,0.125
24-09-2015 09:00,0.075
24-09-2015 10:00,0.203
24-09-2015 11:00,0.265
24-09-2015 12:00,0.402
24-09-2015 13:00,0.354
24-09-2015 14:00,0.214
24-09-2015 15:00,0.137
24-09-2015 16:00,0.106
24-09-2015 17:00,0
24-09-2015 18:00,0
24-09-2015 19:00,0
24-09-2015 20:00,0
24-09-2015 21:00,0
24-09-2015 22:00,0
24-09-2015 23:00,0
25-09-2015 00:00,0
25-09-2015 01:00,0
25-09-2015 02:00,0
25-09-2015 03:00,0
25-09-2015 04:00,0
25-09-2015 05:00,0
25-09-2015 06:00,0.031
25-09-2015 07:00,0.096
25-09-2015 08:00,0.13
25-09-2015 09:00,0.153
25-09-2015 10:00,0.315
25-09-2015 11:00,0.264
25-09-2015 12:00,0.146
25-09-2015 13:00,0.202
25-09-2015 14:00,0.217
25-09-2015 15:00,0.174
25-09-2015 16:00,0.074
25-09-2015 17:00,0
25-09-2015 18:00,0
25-09-2015 19:00,0
25-09-2015 20:00,0
25-09-2015 21:00,0
25-09-2015 22:00,0
25-09-2015 23:00,0
26-09-2015 00:00,0
26-09-2015 01:00,0
26-09-2015 02:00,0
26-09-2015 03:00,0
26-09-2015 04:00,0
26-09-2015 05:00,0
26-09-2015 06:00,0.055
26-09-2015 07:00,0.162
26-09-2015 08:00,0.205
26-09-2015 09:00,0.254
26-09-2015 10:00,0.389
26-09-2015 11:00,0.296
26-09-2015 12:00,0.177
26-09-2015 13:00,0.239
26-09-2015 14:00,0.141
26-09-2015 15:00,0.059
26-09-2015 16:00,0.023
26-09-2015 17:00,0
26-09-2015 18:00,0
26-09-2015 19:00,0
26-09-2015 20:00,0
26-09-2015 21:00,0
26-09-2015 22:00,0
26-09-2015 23:00,0
27-09-2015 00:00,0
27-09-2015 01:00,0
27-09-2015 02:00,0
27-09-2015 03:00,0
27-09-2015 04:00,0
27-09-2015 05:00,0
27-09-2015 06:00,0.117
27-09-2015 07:00,0.333
27-09-2015 08:00,0.508
27-09-2015 09:00,0.537
27-09-2015 10:00,0.408
27-09-2015 11:00,0.288
27-09-2015 12:00,0.333
27-09-2015 13:00,0.244
27-09-2015 14:00,0.159
27-09-2015 15:00,0.135
27-09-2015 16:00,0.038
27-09-2015 17:00,0
27-09-2015 18:00,0
27-09-2015 19:00,0
27-09-2015 20:00,0
27-09-2015 21:00,0
27-09-2015 22:00,0
27-09-2015 23:00,0
28-09-2015 00:00,0
28-09-2015 01:00,0
28-09-2015 02:00,0
28-09-2015 03:00,0
28-09-2015 04:00,0
28-09-2015 05:00,0
28-09-2015 06:00,0.116
28-09-2015 07:00,0.333
28-09-2015 08:00,0.505
28-09-2015 09:00,0.6
28-09-2015 10:00,0.582
28-09-2015 11:00,0.505
28-09-2015 12:00,0.568
28-09-2015 13:00,0.567
28-09-2015 14:00,0.454
28-09-2015 15:00,0.28
28-09-2015 16:00,0.085
28-09-2015 17:00,0
28-09-2015 18:00,0
28-09-2015 19:00,0
28-09-2015 20:00,0
28-09-2015 21:00,0
28-09-2015 22:00,0
28-09-2015 23:00,0
29-09-2015 00:00,0
29-09-2015 01:00,0
29-09-2015 02:00,0
29-09-2015 03:00,0
29-09-2015 04:00,0
29-09-2015 05:00,0
29-09-2015 06:00,0.11
29-09-2015 07:00,0.326
29-09-2015 08:00,0.501
29-09-2015 09:00,0.603
29-09-2015 10:00,0.463
29-09-2015 11:00,0.312
29-09-2015 12:00,0.272
29-09-2015 13:00,0.165
29-09-2015 14:00,0.165
29-09-2015 15:00,0.172
29-09-2015 16:00,0.036
29-09-2015 17:00,0
29-09-2015 18:00,0
29-09-2015 19:00,0
29-09-2015 20:00,0
29-09-2015 21:00,0
29-09-2015 22:00,0
29-09-2015 23:00,0
30-09-2015 00:00,0
30-09-2015 01:00,0
30-09-2015 02:00,0
30-09-2015 03:00,0
30-09-2015 04:00,0
30-09-2015 05:00,0
30-09-2015 06:00,0.102
30-09-2015 07:00,0.316
30-09-2015 08:00,0.493
30-09-2015 09:00,0.587
30-09-2015 10:00,0.635
30-09-2015 11:00,0.348
30-09-2015 12:00,0.644
30-09-2015 13:00,0.62
30-09-2015 14:00,0.473
30-09-2015 15:00,0.283
30-09-2015 16:00,0.075
30-09-2015 17:00,0
30-09-2015 18:00,0
30-09-2015 19:00,0
30-09-2015 20:00,0
30-09-2015 21:00,0
30-09-2015 22:00,0
30-09-2015 23:00,0
01-10-2015 00:00,0
01-10-2015 01:00,0
01-10-2015 02:00,0
01-10-2015 03:00,0
01-10-2015 04:00,0
01-10-2015 05:00,0
01-10-2015 06:00,0.112
01-10-2015 07:00,0.169
01-10-2015 08:00,0.523
01-10-2015 09:00,0.655
01-10-2015 10:00,0.735
01-10-2015 11:00,0.761
01-10-2015 12:00,0.724
01-10-2015 13:00,0.631
01-10-2015 14:00,0.476
01-10-2015 15:00,0.291
01-10-2015 16:00,0.083
01-10-2015 17:00,0
01-10-2015 18:00,0
01-10-2015 19:00,0
01-10-2015 20:00,0
01-10-2015 21:00,0
01-10-2015 22:00,0
01-10-2015 23:00,0
02-10-2015 00:00,0
02-10-2015 01:00,0
02-10-2015 02:00,0
02-10-2015 03:00,0
02-10-2015 04:00,0
02-10-2015 05:00,0
02-10-2015 06:00,0.112
02-10-2015 07:00,0.334
02-10-2015 08:00,0.521
02-10-2015 09:00,0.65
02-10-2015 10:00,0.731
02-10-2015 11:00,0.747
02-10-2015 12:00,0.705
02-10-2015 13:00,0.614
02-10-2015 14:00,0.463
02-10-2015 15:00,0.288
02-10-2015 16:00,0.08
02-10-2015 17:00,0
02-10-2015 18:00,0
02-10-2015 19:00,0
02-10-2015 20:00,0
02-10-2015 21:00,0
02-10-2015 22:00,0
02-10-2015 23:00,0
03-10-2015 00:00,0
03-10-2015 01:00,0
03-10-2015 02:00,0
03-10-2015 03:00,0
03-10-2015 04:00,0
03-10-2015 05:00,0
03-10-2015 06:00,0.1
03-10-2015 07:00,0.35
03-10-2015 08:00,0.458
03-10-2015 09:00,0.198
03-10-2015 10:00,0.186
03-10-2015 11:00,0.156
03-10-2015 12:00,0.198
03-10-2015 13:00,0.14
03-10-2015 14:00,0.089
03-10-2015 15:00,0.138
03-10-2015 16:00,0.065
03-10-2015 17:00,0
03-10-2015 18:00,0
03-10-2015 19:00,0
03-10-2015 20:00,0
03-10-2015 21:00,0
03-10-2015 22:00,0
03-10-2015 23:00,0
04-10-2015 00:00,0
04-10-2015 01:00,0
04-10-2015 02:00,0
04-10-2015 03:00,0
04-10-2015 04:00,0
04-10-2015 05:00,0
04-10-2015 06:00,0.019
04-10-2015 07:00,0.075
04-10-2015 08:00,0.15
04-10-2015 09:00,0.191
04-10-2015 10:00,0.349
04-10-2015 11:00,0.193
04-10-2015 12:00,0.251
04-10-2015 13:00,0.142
04-10-2015 14:00,0.064
04-10-2015 15:00,0.008
04-10-2015 16:00,0
04-10-2015 17:00,0
04-10-2015 18:00,0
04-10-2015 19:00,0
04-10-2015 20:00,0
04-10-2015 21:00,0
04-10-2015 22:00,0
04-10-2015 23:00,0
05-10-2015 00:00,0
05-10-2015 01:00,0
05-10-2015 02:00,0
05-10-2015 03:00,0
05-10-2015 04:00,0
05-10-2015 05:00,0
05-10-2015 06:00,0.007
05-10-2015 07:00,0.055
05-10-2015 08:00,0.135
05-10-2015 09:00,0.131
05-10-2015 10:00,0.157
05-10-2015 11:00,0.364
05-10-2015 12:00,0.377
05-10-2015 13:00,0.434
05-10-2015 14:00,0.321
05-10-2015 15:00,0.09
05-10-2015 16:00,0.034
05-10-2015 17:00,0
05-10-2015 18:00,0
05-10-2015 19:00,0
05-10-2015 20:00,0
05-10-2015 21:00,0
05-10-2015 22:00,0
05-10-2015 23:00,0
06-10-2015 00:00,0
06-10-2015 01:00,0
06-10-2015 02:00,0
06-10-2015 03:00,0
06-10-2015 04:00,0
06-10-2015 05:00,0
06-10-2015 06:00,0.011
06-10-2015 07:00,0.04
06-10-2015 08:00,0.047
06-10-2015 09:00,0.033
06-10-2015 10:00,0.057
06-10-2015 11:00,0.062
06-10-2015 12:00,0.096
06-10-2015 13:00,0.115
06-10-2015 14:00,0.106
06-10-2015 15:00,0.067
06-10-2015 16:00,0
06-10-2015 17:00,0
06-10-2015 18:00,0
06-10-2015 19:00,0
06-10-2015 20:00,0
06-10-2015 21:00,0
06-10-2015 22:00,0
06-10-2015 23:00,0
07-10-2015 00:00,0
07-10-2015 01:00,0
07-10-2015 02:00,0
07-10-2015 03:00,0
07-10-2015 04:00,0
07-10-2015 05:00,0
07-10-2015 06:00,0.007
07-10-2015 07:00,0.032
07-10-2015 08:00,0.083
07-10-2015 09:00,0.075
07-10-2015 10:00,0.141
07-10-2015 11:00,0.075
07-10-2015 12:00,0.133
07-10-2015 13:00,0.131
07-10-2015 14:00,0.065
07-10-2015 15:00,0.019
07-10-2015 16:00,0
07-10-2015 17:00,0
07-10-2015 18:00,0
07-10-2015 19:00,0
07-10-2015 20:00,0
07-10-2015 21:00,0
07-10-2015 22:00,0
07-10-2015 23:00,0
08-10-2015 00:00,0
08-10-2015 01:00,0
08-10-2015 02:00,0
08-10-2015 03:00,0
08-10-2015 04:00,0
08-10-2015 05:00,0
08-10-2015 06:00,0.039
08-10-2015 07:00,0.098
08-10-2015 08:00,0.097
08-10-2015 09:00,0.051
08-10-2015 10:00,0.07
08-10-2015 11:00,0.079
08-10-2015 12:00,0.095
08-10-2015 13:00,0.069
08-10-2015 14:00,0.065
08-10-2015 15:00,0.1
08-10-2015 16:00,0.026
08-10-2015 17:00,0
08-10-2015 18:00,0
08-10-2015 19:00,0
08-10-2015 20:00,0
08-10-2015 21:00,0
08-10-2015 22:00,0
08-10-2015 23:00,0
09-10-2015 00:00,0
09-10-2015 01:00,0
09-10-2015 02:00,0
09-10-2015 03:00,0
09-10-2015 04:00,0
09-10-2015 05:00,0
09-10-2015 06:00,0.031
09-10-2015 07:00,0.162
09-10-2015 08:00,0.226
09-10-2015 09:00,0.144
09-10-2015 10:00,0.145
09-10-2015 11:00,0.259
09-10-2015 12:00,0.19
09-10-2015 13:00,0.053
09-10-2015 14:00,0.039
09-10-2015 15:00,0.057
09-10-2015 16:00,0.011
09-10-2015 17:00,0
09-10-2015 18:00,0
09-10-2015 19:00,0
09-10-2015 20:00,0
09-10-2015 21:00,0
09-10-2015 22:00,0
09-10-2015 23:00,0
10-10-2015 00:00,0
10-10-2015 01:00,0
10-10-2015 02:00,0
10-10-2015 03:00,0
10-10-2015 04:00,0
10-10-2015 05:00,0
10-10-2015 06:00,0.013
10-10-2015 07:00,0.056
10-10-2015 08:00,0.107
10-10-2015 09:00,0.196
10-10-2015 10:00,0.214
10-10-2015 11:00,0.113
10-10-2015 12:00,0.076
10-10-2015 13:00,0.082
10-10-2015 14:00,0.047
10-10-2015 15:00,0.119
10-10-2015 16:00,0.007
10-10-2015 17:00,0
10-10-2015 18:00,0
10-10-2015 19:00,0
10-10-2015 20:00,0
10-10-2015 21:00,0
10-10-2015 22:00,0
10-10-2015 23:00,0
11-10-2015 00:00,0
11-10-2015 01:00,0
11-10-2015 02:00,0
11-10-2015 03:00,0
11-10-2015 04:00,0
11-10-2015 05:00,0
11-10-2015 06:00,0.068
11-10-2015 07:00,0.171
11-10-2015 08:00,0.456
11-10-2015 09:00,0.627
11-10-2015 10:00,0.712
11-10-2015 11:00,0.717
11-10-2015 12:00,0.68
11-10-2015 13:00,0.59
11-10-2015 14:00,0.425
11-10-2015 15:00,0.231
11-10-2015 16:00,0.034
11-10-2015 17:00,0
11-10-2015 18:00,0
11-10-2015 19:00,0
11-10-2015 20:00,0
11-10-2015 21:00,0
11-10-2015 22:00,0
11-10-2015 23:00,0
12-10-2015 00:00,0
12-10-2015 01:00,0
12-10-2015 02:00,0
12-10-2015 03:00,0
12-10-2015 04:00,0
12-10-2015 05:00,0
12-10-2015 06:00,0.062
12-10-2015 07:00,0.283
12-10-2015 08:00,0.483
12-10-2015 09:00,0.613
12-10-2015 10:00,0.697
12-10-2015 11:00,0.696
12-10-2015 12:00,0.658
12-10-2015 13:00,0.511
12-10-2015 14:00,0.232
12-10-2015 15:00,0.093
12-10-2015 16:00,0.013
12-10-2015 17:00,0
12-10-2015 18:00,0
12-10-2015 19:00,0
12-10-2015 20:00,0
12-10-2015 21:00,0
12-10-2015 22:00,0
12-10-2015 23:00,0
13-10-2015 00:00,0
13-10-2015 01:00,0
13-10-2015 02:00,0
13-10-2015 03:00,0
13-10-2015 04:00,0
13-10-2015 05:00,0
13-10-2015 06:00,0.041
13-10-2015 07:00,0.252
13-10-2015 08:00,0.456
13-10-2015 09:00,0.593
13-10-2015 10:00,0.683
13-10-2015 11:00,0.702
13-10-2015 12:00,0.526
13-10-2015 13:00,0.404
13-10-2015 14:00,0.266
13-10-2015 15:00,0.035
13-10-2015 16:00,0
13-10-2015 17:00,0
13-10-2015 18:00,0
13-10-2015 19:00,0
13-10-2015 20:00,0
13-10-2015 21:00,0
13-10-2015 22:00,0
13-10-2015 23:00,0
14-10-2015 00:00,0
14-10-2015 01:00,0
14-10-2015 02:00,0
14-10-2015 03:00,0
14-10-2015 04:00,0
14-10-2015 05:00,0
14-10-2015 06:00,0
14-10-2015 07:00,0.007
14-10-2015 08:00,0.056
14-10-2015 09:00,0.049
14-10-2015 10:00,0.069
14-10-2015 11:00,0.09
14-10-2015 12:00,0.102
14-10-2015 13:00,0.039
14-10-2015 14:00,0.047
14-10-2015 15:00,0.037
14-10-2015 16:00,0
14-10-2015 17:00,0
14-10-2015 18:00,0
14-10-2015 19:00,0
14-10-2015 20:00,0
14-10-2015 21:00,0
14-10-2015 22:00,0
14-10-2015 23:00,0
15-10-2015 00:00,0
15-10-2015 01:00,0
15-10-2015 02:00,0
15-10-2015 03:00,0
15-10-2015 04:00,0
15-10-2015 05:00,0
15-10-2015 06:00,0.001
15-10-2015 07:00,0.051
15-10-2015 08:00,0.041
15-10-2015 09:00,0.052
15-10-2015 10:00,0.036
15-10-2015 11:00,0.032
15-10-2015 12:00,0.028
15-10-2015 13:00,0.051
15-10-2015 14:00,0.037
15-10-2015 15:00,0.073
15-10-2015 16:00,0
15-10-2015 17:00,0
15-10-2015 18:00,0
15-10-2015 19:00,0
15-10-2015 20:00,0
15-10-2015 21:00,0
15-10-2015 22:00,0
15-10-2015 23:00,0
16-10-2015 00:00,0
16-10-2015 01:00,0
16-10-2015 02:00,0
16-10-2015 03:00,0
16-10-2015 04:00,0
16-10-2015 05:00,0
16-10-2015 06:00,0.006
16-10-2015 07:00,0.042
16-10-2015 08:00,0.053
16-10-2015 09:00,0.07
16-10-2015 10:00,0.065
16-10-2015 11:00,0.031
16-10-2015 12:00,0.035
16-10-2015 13:00,0.03
16-10-2015 14:00,0.016
16-10-2015 15:00,0.021
16-10-2015 16:00,0
16-10-2015 17:00,0
16-10-2015 18:00,0
16-10-2015 19:00,0
16-10-2015 20:00,0
16-10-2015 21:00,0
16-10-2015 22:00,0
16-10-2015 23:00,0
17-10-2015 00:00,0
17-10-2015 01:00,0
17-10-2015 02:00,0
17-10-2015 03:00,0
17-10-2015 04:00,0
17-10-2015 05:00,0
17-10-2015 06:00,0.003
17-10-2015 07:00,0.036
17-10-2015 08:00,0.048
17-10-2015 09:00,0.025
17-10-2015 10:00,0.043
17-10-2015 11:00,0.044
17-10-2015 12:00,0.031
17-10-2015 13:00,0.039
17-10-2015 14:00,0.039
17-10-2015 15:00,0.052
17-10-2015 16:00,0
17-10-2015 17:00,0
17-10-2015 18:00,0
17-10-2015 19:00,0
17-10-2015 20:00,0
17-10-2015 21:00,0
17-10-2015 22:00,0
17-10-2015 23:00,0
18-10-2015 00:00,0
18-10-2015 01:00,0
18-10-2015 02:00,0
18-10-2015 03:00,0
18-10-2015 04:00,0
18-10-2015 05:00,0
18-10-2015 06:00,0.011
18-10-2015 07:00,0.047
18-10-2015 08:00,0.118
18-10-2015 09:00,0.195
18-10-2015 10:00,0.183
18-10-2015 11:00,0.185
18-10-2015 12:00,0.22
18-10-2015 13:00,0.124
18-10-2015 14:00,0.09
18-10-2015 15:00,0.084
18-10-2015 16:00,0.003
18-10-2015 17:00,0
18-10-2015 18:00,0
18-10-2015 19:00,0
18-10-2015 20:00,0
18-10-2015 21:00,0
18-10-2015 22:00,0
18-10-2015 23:00,0
19-10-2015 00:00,0
19-10-2015 01:00,0
19-10-2015 02:00,0
19-10-2015 03:00,0
19-10-2015 04:00,0
19-10-2015 05:00,0
19-10-2015 06:00,0.003
19-10-2015 07:00,0.099
19-10-2015 08:00,0.2
19-10-2015 09:00,0.244
19-10-2015 10:00,0.121
19-10-2015 11:00,0.039
19-10-2015 12:00,0.042
19-10-2015 13:00,0.046
19-10-2015 14:00,0.062
19-10-2015 15:00,0.015
19-10-2015 16:00,0
19-10-2015 17:00,0
19-10-2015 18:00,0
19-10-2015 19:00,0
19-10-2015 20:00,0
19-10-2015 21:00,0
19-10-2015 22:00,0
19-10-2015 23:00,0
20-10-2015 00:00,0
20-10-2015 01:00,0
20-10-2015 02:00,0
20-10-2015 03:00,0
20-10-2015 04:00,0
20-10-2015 05:00,0
20-10-2015 06:00,0
20-10-2015 07:00,0.038
20-10-2015 08:00,0.099
20-10-2015 09:00,0.109
20-10-2015 10:00,0.108
20-10-2015 11:00,0.059
20-10-2015 12:00,0.041
20-10-2015 13:00,0.041
20-10-2015 14:00,0.024
20-10-2015 15:00,0.017
20-10-2015 16:00,0
20-10-2015 17:00,0
20-10-2015 18:00,0
20-10-2015 19:00,0
20-10-2015 20:00,0
20-10-2015 21:00,0
20-10-2015 22:00,0
20-10-2015 23:00,0
21-10-2015 00:00,0
21-10-2015 01:00,0
21-10-2015 02:00,0
21-10-2015 03:00,0
21-10-2015 04:00,0
21-10-2015 05:00,0
21-10-2015 06:00,0
21-10-2015 07:00,0.033
21-10-2015 08:00,0.038
21-10-2015 09:00,0.031
21-10-2015 10:00,0.05
21-10-2015 11:00,0.062
21-10-2015 12:00,0.1
21-10-2015 13:00,0.086
21-10-2015 14:00,0.056
21-10-2015 15:00,0.027
21-10-2015 16:00,0
21-10-2015 17:00,0
21-10-2015 18:00,0
21-10-2015 19:00,0
21-10-2015 20:00,0
21-10-2015 21:00,0
21-10-2015 22:00,0
21-10-2015 23:00,0
22-10-2015 00:00,0
22-10-2015 01:00,0
22-10-2015 02:00,0
22-10-2015 03:00,0
22-10-2015 04:00,0
22-10-2015 05:00,0
22-10-2015 06:00,0.001
22-10-2015 07:00,0.051
22-10-2015 08:00,0.112
22-10-2015 09:00,0.044
22-10-2015 10:00,0.027
22-10-2015 11:00,0.035
22-10-2015 12:00,0.037
22-10-2015 13:00,0.054
22-10-2015 14:00,0.04
22-10-2015 15:00,0.02
22-10-2015 16:00,0
22-10-2015 17:00,0
22-10-2015 18:00,0
22-10-2015 19:00,0
22-10-2015 20:00,0
22-10-2015 21:00,0
22-10-2015 22:00,0
22-10-2015 23:00,0
23-10-2015 00:00,0
23-10-2015 01:00,0
23-10-2015 02:00,0
23-10-2015 03:00,0
23-10-2015 04:00,0
23-10-2015 05:00,0
23-10-2015 06:00,0
23-10-2015 07:00,0.076
23-10-2015 08:00,0.165
23-10-2015 09:00,0.128
23-10-2015 10:00,0.142
23-10-2015 11:00,0.233
23-10-2015 12:00,0.427
23-10-2015 13:00,0.382
23-10-2015 14:00,0.235
23-10-2015 15:00,0.119
23-10-2015 16:00,0
23-10-2015 17:00,0
23-10-2015 18:00,0
23-10-2015 19:00,0
23-10-2015 20:00,0
23-10-2015 21:00,0
23-10-2015 22:00,0
23-10-2015 23:00,0
24-10-2015 00:00,0
24-10-2015 01:00,0
24-10-2015 02:00,0
24-10-2015 03:00,0
24-10-2015 04:00,0
24-10-2015 05:00,0
24-10-2015 06:00,0
24-10-2015 07:00,0.113
24-10-2015 08:00,0.089
24-10-2015 09:00,0.065
24-10-2015 10:00,0.059
24-10-2015 11:00,0.039
24-10-2015 12:00,0.029
24-10-2015 13:00,0.042
24-10-2015 14:00,0.033
24-10-2015 15:00,0.017
24-10-2015 16:00,0
24-10-2015 17:00,0
24-10-2015 18:00,0
24-10-2015 19:00,0
24-10-2015 20:00,0
24-10-2015 21:00,0
24-10-2015 22:00,0
24-10-2015 23:00,0
25-10-2015 00:00,0
25-10-2015 01:00,0
25-10-2015 02:00,0
25-10-2015 03:00,0
25-10-2015 04:00,0
25-10-2015 05:00,0
25-10-2015 06:00,0
25-10-2015 07:00,0.014
25-10-2015 08:00,0.051
25-10-2015 09:00,0.059
25-10-2015 10:00,0.122
25-10-2015 11:00,0.086
25-10-2015 12:00,0.062
25-10-2015 13:00,0.064
25-10-2015 14:00,0.088
25-10-2015 15:00,0.041
25-10-2015 16:00,0
25-10-2015 17:00,0
25-10-2015 18:00,0
25-10-2015 19:00,0
25-10-2015 20:00,0
25-10-2015 21:00,0
25-10-2015 22:00,0
25-10-2015 23:00,0
26-10-2015 00:00,0
26-10-2015 01:00,0
26-10-2015 02:00,0
26-10-2015 03:00,0
26-10-2015 04:00,0
26-10-2015 05:00,0
26-10-2015 06:00,0
26-10-2015 07:00,0.023
26-10-2015 08:00,0.06
26-10-2015 09:00,0.116
26-10-2015 10:00,0.227
26-10-2015 11:00,0.356
26-10-2015 12:00,0.281
26-10-2015 13:00,0.266
26-10-2015 14:00,0.107
26-10-2015 15:00,0.086
26-10-2015 16:00,0
26-10-2015 17:00,0
26-10-2015 18:00,0
26-10-2015 19:00,0
26-10-2015 20:00,0
26-10-2015 21:00,0
26-10-2015 22:00,0
26-10-2015 23:00,0
27-10-2015 00:00,0
27-10-2015 01:00,0
27-10-2015 02:00,0
27-10-2015 03:00,0
27-10-2015 04:00,0
27-10-2015 05:00,0
27-10-2015 06:00,0.002
27-10-2015 07:00,0.162
27-10-2015 08:00,0.351
27-10-2015 09:00,0.449
27-10-2015 10:00,0.58
27-10-2015 11:00,0.601
27-10-2015 12:00,0.575
27-10-2015 13:00,0.459
27-10-2015 14:00,0.297
27-10-2015 15:00,0.105
27-10-2015 16:00,0
27-10-2015 17:00,0
27-10-2015 18:00,0
27-10-2015 19:00,0
27-10-2015 20:00,0
27-10-2015 21:00,0
27-10-2015 22:00,0
27-10-2015 23:00,0
28-10-2015 00:00,0
28-10-2015 01:00,0
28-10-2015 02:00,0
28-10-2015 03:00,0
28-10-2015 04:00,0
28-10-2015 05:00,0
28-10-2015 06:00,0
28-10-2015 07:00,0.022
28-10-2015 08:00,0.039
28-10-2015 09:00,0.032
28-10-2015 10:00,0.034
28-10-2015 11:00,0.035
28-10-2015 12:00,0.09
28-10-2015 13:00,0.1
28-10-2015 14:00,0.03
28-10-2015 15:00,0
28-10-2015 16:00,0
28-10-2015 17:00,0
28-10-2015 18:00,0
28-10-2015 19:00,0
28-10-2015 20:00,0
28-10-2015 21:00,0
28-10-2015 22:00,0
28-10-2015 23:00,0
29-10-2015 00:00,0
29-10-2015 01:00,0
29-10-2015 02:00,0
29-10-2015 03:00,0
29-10-2015 04:00,0
29-10-2015 05:00,0
29-10-2015 06:00,0
29-10-2015 07:00,0.037
29-10-2015 08:00,0.071
29-10-2015 09:00,0.043
29-10-2015 10:00,0.049
29-10-2015 11:00,0.048
29-10-2015 12:00,0.099
29-10-2015 13:00,0.083
29-10-2015 14:00,0.094
29-10-2015 15:00,0.035
29-10-2015 16:00,0
29-10-2015 17:00,0
29-10-2015 18:00,0
29-10-2015 19:00,0
29-10-2015 20:00,0
29-10-2015 21:00,0
29-10-2015 22:00,0
29-10-2015 23:00,0
30-10-2015 00:00,0
30-10-2015 01:00,0
30-10-2015 02:00,0
30-10-2015 03:00,0
30-10-2015 04:00,0
30-10-2015 05:00,0
30-10-2015 06:00,0
30-10-2015 07:00,0.025
30-10-2015 08:00,0.07
30-10-2015 09:00,0.059
30-10-2015 10:00,0.075
30-10-2015 11:00,0.207
30-10-2015 12:00,0.379
30-10-2015 13:00,0.38
30-10-2015 14:00,0.212
30-10-2015 15:00,0.047
30-10-2015 16:00,0
30-10-2015 17:00,0
30-10-2015 18:00,0
30-10-2015 19:00,0
30-10-2015 20:00,0
30-10-2015 21:00,0
30-10-2015 22:00,0
30-10-2015 23:00,0
31-10-2015 00:00,0
31-10-2015 01:00,0
31-10-2015 02:00,0
31-10-2015 03:00,0
31-10-2015 04:00,0
31-10-2015 05:00,0
31-10-2015 06:00,0
31-10-2015 07:00,0.125
31-10-2015 08:00,0.337
31-10-2015 09:00,0.481
31-10-2015 10:00,0.574
31-10-2015 11:00,0.596
31-10-2015 12:00,0.561
31-10-2015 13:00,0.437
31-10-2015 14:00,0.21
31-10-2015 15:00,0.048
31-10-2015 16:00,0
31-10-2015 17:00,0
31-10-2015 18:00,0
31-10-2015 19:00,0
31-10-2015 20:00,0
31-10-2015 21:00,0
31-10-2015 22:00,0
31-10-2015 23:00,0
01-11-2015 00:00,0
01-11-2015 01:00,0
01-11-2015 02:00,0
01-11-2015 03:00,0
01-11-2015 04:00,0
01-11-2015 05:00,0
01-11-2015 06:00,0
01-11-2015 07:00,0.155
01-11-2015 08:00,0.423
01-11-2015 09:00,0.576
01-11-2015 10:00,0.643
01-11-2015 11:00,0.65
01-11-2015 12:00,0.601
01-11-2015 13:00,0.512
01-11-2015 14:00,0.345
01-11-2015 15:00,0.127
01-11-2015 16:00,0
01-11-2015 17:00,0
01-11-2015 18:00,0
01-11-2015 19:00,0
01-11-2015 20:00,0
01-11-2015 21:00,0
01-11-2015 22:00,0
01-11-2015 23:00,0
02-11-2015 00:00,0
02-11-2015 01:00,0
02-11-2015 02:00,0
02-11-2015 03:00,0
02-11-2015 04:00,0
02-11-2015 05:00,0
02-11-2015 06:00,0
02-11-2015 07:00,0.146
02-11-2015 08:00,0.419
02-11-2015 09:00,0.572
02-11-2015 10:00,0.636
02-11-2015 11:00,0.636
02-11-2015 12:00,0.584
02-11-2015 13:00,0.479
02-11-2015 14:00,0.32
02-11-2015 15:00,0.105
02-11-2015 16:00,0
02-11-2015 17:00,0
02-11-2015 18:00,0
02-11-2015 19:00,0
02-11-2015 20:00,0
02-11-2015 21:00,0
02-11-2015 22:00,0
02-11-2015 23:00,0
03-11-2015 00:00,0
03-11-2015 01:00,0
03-11-2015 02:00,0
03-11-2015 03:00,0
03-11-2015 04:00,0
03-11-2015 05:00,0
03-11-2015 06:00,0
03-11-2015 07:00,0.144
03-11-2015 08:00,0.419
03-11-2015 09:00,0.576
03-11-2015 10:00,0.641
03-11-2015 11:00,0.654
03-11-2015 12:00,0.613
03-11-2015 13:00,0.504
03-11-2015 14:00,0.316
03-11-2015 15:00,0.045
03-11-2015 16:00,0
03-11-2015 17:00,0
03-11-2015 18:00,0
03-11-2015 19:00,0
03-11-2015 20:00,0
03-11-2015 21:00,0
03-11-2015 22:00,0
03-11-2015 23:00,0
04-11-2015 00:00,0
04-11-2015 01:00,0
04-11-2015 02:00,0
04-11-2015 03:00,0
04-11-2015 04:00,0
04-11-2015 05:00,0
04-11-2015 06:00,0
04-11-2015 07:00,0.117
04-11-2015 08:00,0.42
04-11-2015 09:00,0.532
04-11-2015 10:00,0.506
04-11-2015 11:00,0.428
04-11-2015 12:00,0.426
04-11-2015 13:00,0.283
04-11-2015 14:00,0.175
04-11-2015 15:00,0.032
04-11-2015 16:00,0
04-11-2015 17:00,0
04-11-2015 18:00,0
04-11-2015 19:00,0
04-11-2015 20:00,0
04-11-2015 21:00,0
04-11-2015 22:00,0
04-11-2015 23:00,0
05-11-2015 00:00,0
05-11-2015 01:00,0
05-11-2015 02:00,0
05-11-2015 03:00,0
05-11-2015 04:00,0
05-11-2015 05:00,0
05-11-2015 06:00,0
05-11-2015 07:00,0.165
05-11-2015 08:00,0.393
05-11-2015 09:00,0.544
05-11-2015 10:00,0.616
05-11-2015 11:00,0.634
05-11-2015 12:00,0.594
05-11-2015 13:00,0.489
05-11-2015 14:00,0.317
05-11-2015 15:00,0.099
05-11-2015 16:00,0
05-11-2015 17:00,0
05-11-2015 18:00,0
05-11-2015 19:00,0
05-11-2015 20:00,0
05-11-2015 21:00,0
05-11-2015 22:00,0
05-11-2015 23:00,0
06-11-2015 00:00,0
06-11-2015 01:00,0
06-11-2015 02:00,0
06-11-2015 03:00,0
06-11-2015 04:00,0
06-11-2015 05:00,0
06-11-2015 06:00,0
06-11-2015 07:00,0.021
06-11-2015 08:00,0.088
06-11-2015 09:00,0.136
06-11-2015 10:00,0.3
06-11-2015 11:00,0.229
06-11-2015 12:00,0.176
06-11-2015 13:00,0.103
06-11-2015 14:00,0.06
06-11-2015 15:00,0.001
06-11-2015 16:00,0
06-11-2015 17:00,0
06-11-2015 18:00,0
06-11-2015 19:00,0
06-11-2015 20:00,0
06-11-2015 21:00,0
06-11-2015 22:00,0
06-11-2015 23:00,0
07-11-2015 00:00,0
07-11-2015 01:00,0
07-11-2015 02:00,0
07-11-2015 03:00,0
07-11-2015 04:00,0
07-11-2015 05:00,0
07-11-2015 06:00,0
07-11-2015 07:00,0.041
07-11-2015 08:00,0.085
07-11-2015 09:00,0.039
07-11-2015 10:00,0.031
07-11-2015 11:00,0.039
07-11-2015 12:00,0.067
07-11-2015 13:00,0.055
07-11-2015 14:00,0.013
07-11-2015 15:00,0.003
07-11-2015 16:00,0
07-11-2015 17:00,0
07-11-2015 18:00,0
07-11-2015 19:00,0
07-11-2015 20:00,0
07-11-2015 21:00,0
07-11-2015 22:00,0
07-11-2015 23:00,0
08-11-2015 00:00,0
08-11-2015 01:00,0
08-11-2015 02:00,0
08-11-2015 03:00,0
08-11-2015 04:00,0
08-11-2015 05:00,0
08-11-2015 06:00,0
08-11-2015 07:00,0.099
08-11-2015 08:00,0.334
08-11-2015 09:00,0.44
08-11-2015 10:00,0.519
08-11-2015 11:00,0.56
08-11-2015 12:00,0.348
08-11-2015 13:00,0.309
08-11-2015 14:00,0.113
08-11-2015 15:00,0.024
08-11-2015 16:00,0
08-11-2015 17:00,0
08-11-2015 18:00,0
08-11-2015 19:00,0
08-11-2015 20:00,0
08-11-2015 21:00,0
08-11-2015 22:00,0
08-11-2015 23:00,0
09-11-2015 00:00,0
09-11-2015 01:00,0
09-11-2015 02:00,0
09-11-2015 03:00,0
09-11-2015 04:00,0
09-11-2015 05:00,0
09-11-2015 06:00,0
09-11-2015 07:00,0.015
09-11-2015 08:00,0.034
09-11-2015 09:00,0.035
09-11-2015 10:00,0.105
09-11-2015 11:00,0.054
09-11-2015 12:00,0.206
09-11-2015 13:00,0.096
09-11-2015 14:00,0.029
09-11-2015 15:00,0.011
09-11-2015 16:00,0
09-11-2015 17:00,0
09-11-2015 18:00,0
09-11-2015 19:00,0
09-11-2015 20:00,0
09-11-2015 21:00,0
09-11-2015 22:00,0
09-11-2015 23:00,0
10-11-2015 00:00,0
10-11-2015 01:00,0
10-11-2015 02:00,0
10-11-2015 03:00,0
10-11-2015 04:00,0
10-11-2015 05:00,0
10-11-2015 06:00,0
10-11-2015 07:00,0.038
10-11-2015 08:00,0.127
10-11-2015 09:00,0.065
10-11-2015 10:00,0.062
10-11-2015 11:00,0.123
10-11-2015 12:00,0.065
10-11-2015 13:00,0.076
10-11-2015 14:00,0.09
10-11-2015 15:00,0.071
10-11-2015 16:00,0
10-11-2015 17:00,0
10-11-2015 18:00,0
10-11-2015 19:00,0
10-11-2015 20:00,0
10-11-2015 21:00,0
10-11-2015 22:00,0
10-11-2015 23:00,0
11-11-2015 00:00,0
11-11-2015 01:00,0
11-11-2015 02:00,0
11-11-2015 03:00,0
11-11-2015 04:00,0
11-11-2015 05:00,0
11-11-2015 06:00,0
11-11-2015 07:00,0
11-11-2015 08:00,0.016
11-11-2015 09:00,0.017
11-11-2015 10:00,0.017
11-11-2015 11:00,0.037
11-11-2015 12:00,0.118
11-11-2015 13:00,0.2
11-11-2015 14:00,0.131
11-11-2015 15:00,0.03
11-11-2015 16:00,0
11-11-2015 17:00,0
11-11-2015 18:00,0
11-11-2015 19:00,0
11-11-2015 20:00,0
11-11-2015 21:00,0
11-11-2015 22:00,0
11-11-2015 23:00,0
12-11-2015 00:00,0
12-11-2015 01:00,0
12-11-2015 02:00,0
12-11-2015 03:00,0
12-11-2015 04:00,0
12-11-2015 05:00,0
12-11-2015 06:00,0
12-11-2015 07:00,0
12-11-2015 08:00,0.074
12-11-2015 09:00,0.167
12-11-2015 10:00,0.145
12-11-2015 11:00,0.266
12-11-2015 12:00,0.212
12-11-2015 13:00,0.081
12-11-2015 14:00,0.073
12-11-2015 15:00,0.02
12-11-2015 16:00,0
12-11-2015 17:00,0
12-11-2015 18:00,0
12-11-2015 19:00,0
12-11-2015 20:00,0
12-11-2015 21:00,0
12-11-2015 22:00,0
12-11-2015 23:00,0
13-11-2015 00:00,0
13-11-2015 01:00,0
13-11-2015 02:00,0
13-11-2015 03:00,0
13-11-2015 04:00,0
13-11-2015 05:00,0
13-11-2015 06:00,0
13-11-2015 07:00,0.003
13-11-2015 08:00,0.05
13-11-2015 09:00,0.046
13-11-2015 10:00,0.024
13-11-2015 11:00,0.015
13-11-2015 12:00,0.076
13-11-2015 13:00,0.087
13-11-2015 14:00,0.034
13-11-2015 15:00,0
13-11-2015 16:00,0
13-11-2015 17:00,0
13-11-2015 18:00,0
13-11-2015 19:00,0
13-11-2015 20:00,0
13-11-2015 21:00,0
13-11-2015 22:00,0
13-11-2015 23:00,0
14-11-2015 00:00,0
14-11-2015 01:00,0
14-11-2015 02:00,0
14-11-2015 03:00,0
14-11-2015 04:00,0
14-11-2015 05:00,0
14-11-2015 06:00,0
14-11-2015 07:00,0
14-11-2015 08:00,0.039
14-11-2015 09:00,0.118
14-11-2015 10:00,0.176
14-11-2015 11:00,0.115
14-11-2015 12:00,0.181
14-11-2015 13:00,0.113
14-11-2015 14:00,0.045
14-11-2015 15:00,0
14-11-2015 16:00,0
14-11-2015 17:00,0
14-11-2015 18:00,0
14-11-2015 19:00,0
14-11-2015 20:00,0
14-11-2015 21:00,0
14-11-2015 22:00,0
14-11-2015 23:00,0
15-11-2015 00:00,0
15-11-2015 01:00,0
15-11-2015 02:00,0
15-11-2015 03:00,0
15-11-2015 04:00,0
15-11-2015 05:00,0
15-11-2015 06:00,0
15-11-2015 07:00,0
15-11-2015 08:00,0.001
15-11-2015 09:00,0.009
15-11-2015 10:00,0.018
15-11-2015 11:00,0.027
15-11-2015 12:00,0.024
15-11-2015 13:00,0.027
15-11-2015 14:00,0.007
15-11-2015 15:00,0
15-11-2015 16:00,0
15-11-2015 17:00,0
15-11-2015 18:00,0
15-11-2015 19:00,0
15-11-2015 20:00,0
15-11-2015 21:00,0
15-11-2015 22:00,0
15-11-2015 23:00,0
16-11-2015 00:00,0
16-11-2015 01:00,0
16-11-2015 02:00,0
16-11-2015 03:00,0
16-11-2015 04:00,0
16-11-2015 05:00,0
16-11-2015 06:00,0
16-11-2015 07:00,0.07
16-11-2015 08:00,0.236
16-11-2015 09:00,0.408
16-11-2015 10:00,0.567
16-11-2015 11:00,0.462
16-11-2015 12:00,0.203
16-11-2015 13:00,0.04
16-11-2015 14:00,0.049
16-11-2015 15:00,0.002
16-11-2015 16:00,0
16-11-2015 17:00,0
16-11-2015 18:00,0
16-11-2015 19:00,0
16-11-2015 20:00,0
16-11-2015 21:00,0
16-11-2015 22:00,0
16-11-2015 23:00,0
17-11-2015 00:00,0
17-11-2015 01:00,0
17-11-2015 02:00,0
17-11-2015 03:00,0
17-11-2015 04:00,0
17-11-2015 05:00,0
17-11-2015 06:00,0
17-11-2015 07:00,0.03
17-11-2015 08:00,0.046
17-11-2015 09:00,0.035
17-11-2015 10:00,0.042
17-11-2015 11:00,0.045
17-11-2015 12:00,0.044
17-11-2015 13:00,0.05
17-11-2015 14:00,0.025
17-11-2015 15:00,0
17-11-2015 16:00,0
17-11-2015 17:00,0
17-11-2015 18:00,0
17-11-2015 19:00,0
17-11-2015 20:00,0
17-11-2015 21:00,0
17-11-2015 22:00,0
17-11-2015 23:00,0
18-11-2015 00:00,0
18-11-2015 01:00,0
18-11-2015 02:00,0
18-11-2015 03:00,0
18-11-2015 04:00,0
18-11-2015 05:00,0
18-11-2015 06:00,0
18-11-2015 07:00,0.023
18-11-2015 08:00,0.166
18-11-2015 09:00,0.3
18-11-2015 10:00,0.277
18-11-2015 11:00,0.211
18-11-2015 12:00,0.103
18-11-2015 13:00,0.045
18-11-2015 14:00,0.002
18-11-2015 15:00,0
18-11-2015 16:00,0
18-11-2015 17:00,0
18-11-2015 18:00,0
18-11-2015 19:00,0
18-11-2015 20:00,0
18-11-2015 21:00,0
18-11-2015 22:00,0
18-11-2015 23:00,0
19-11-2015 00:00,0
19-11-2015 01:00,0
19-11-2015 02:00,0
19-11-2015 03:00,0
19-11-2015 04:00,0
19-11-2015 05:00,0
19-11-2015 06:00,0
19-11-2015 07:00,0
19-11-2015 08:00,0.028
19-11-2015 09:00,0.055
19-11-2015 10:00,0.316
19-11-2015 11:00,0.15
19-11-2015 12:00,0.012
19-11-2015 13:00,0.014
19-11-2015 14:00,0.001
19-11-2015 15:00,0
19-11-2015 16:00,0
19-11-2015 17:00,0
19-11-2015 18:00,0
19-11-2015 19:00,0
19-11-2015 20:00,0
19-11-2015 21:00,0
19-11-2015 22:00,0
19-11-2015 23:00,0
20-11-2015 00:00,0
20-11-2015 01:00,0
20-11-2015 02:00,0
20-11-2015 03:00,0
20-11-2015 04:00,0
20-11-2015 05:00,0
20-11-2015 06:00,0
20-11-2015 07:00,0
20-11-2015 08:00,0.009
20-11-2015 09:00,0.016
20-11-2015 10:00,0.021
20-11-2015 11:00,0.022
20-11-2015 12:00,0.021
20-11-2015 13:00,0.026
20-11-2015 14:00,0.015
20-11-2015 15:00,0
20-11-2015 16:00,0
20-11-2015 17:00,0
20-11-2015 18:00,0
20-11-2015 19:00,0
20-11-2015 20:00,0
20-11-2015 21:00,0
20-11-2015 22:00,0
20-11-2015 23:00,0
21-11-2015 00:00,0
21-11-2015 01:00,0
21-11-2015 02:00,0
21-11-2015 03:00,0
21-11-2015 04:00,0
21-11-2015 05:00,0
21-11-2015 06:00,0
21-11-2015 07:00,0
21-11-2015 08:00,0.032
21-11-2015 09:00,0.029
21-11-2015 10:00,0.211
21-11-2015 11:00,0.43
21-11-2015 12:00,0.227
21-11-2015 13:00,0.092
21-11-2015 14:00,0.029
21-11-2015 15:00,0
21-11-2015 16:00,0
21-11-2015 17:00,0
21-11-2015 18:00,0
21-11-2015 19:00,0
21-11-2015 20:00,0
21-11-2015 21:00,0
21-11-2015 22:00,0
21-11-2015 23:00,0
22-11-2015 00:00,0
22-11-2015 01:00,0
22-11-2015 02:00,0
22-11-2015 03:00,0
22-11-2015 04:00,0
22-11-2015 05:00,0
22-11-2015 06:00,0
22-11-2015 07:00,0.029
22-11-2015 08:00,0.11
22-11-2015 09:00,0.183
22-11-2015 10:00,0.119
22-11-2015 11:00,0.198
22-11-2015 12:00,0.288
22-11-2015 13:00,0.025
22-11-2015 14:00,0.022
22-11-2015 15:00,0
22-11-2015 16:00,0
22-11-2015 17:00,0
22-11-2015 18:00,0
22-11-2015 19:00,0
22-11-2015 20:00,0
22-11-2015 21:00,0
22-11-2015 22:00,0
22-11-2015 23:00,0
23-11-2015 00:00,0
23-11-2015 01:00,0
23-11-2015 02:00,0
23-11-2015 03:00,0
23-11-2015 04:00,0
23-11-2015 05:00,0
23-11-2015 06:00,0
23-11-2015 07:00,0.009
23-11-2015 08:00,0.067
23-11-2015 09:00,0.07
23-11-2015 10:00,0.091
23-11-2015 11:00,0.071
23-11-2015 12:00,0.047
23-11-2015 13:00,0.037
23-11-2015 14:00,0.01
23-11-2015 15:00,0
23-11-2015 16:00,0
23-11-2015 17:00,0
23-11-2015 18:00,0
23-11-2015 19:00,0
23-11-2015 20:00,0
23-11-2015 21:00,0
23-11-2015 22:00,0
23-11-2015 23:00,0
24-11-2015 00:00,0
24-11-2015 01:00,0
24-11-2015 02:00,0
24-11-2015 03:00,0
24-11-2015 04:00,0
24-11-2015 05:00,0
24-11-2015 06:00,0
24-11-2015 07:00,0
24-11-2015 08:00,0.004
24-11-2015 09:00,0.038
24-11-2015 10:00,0.106
24-11-2015 11:00,0.067
24-11-2015 12:00,0.09
24-11-2015 13:00,0.093
24-11-2015 14:00,0.06
24-11-2015 15:00,0
24-11-2015 16:00,0
24-11-2015 17:00,0
24-11-2015 18:00,0
24-11-2015 19:00,0
24-11-2015 20:00,0
24-11-2015 21:00,0
24-11-2015 22:00,0
24-11-2015 23:00,0
25-11-2015 00:00,0
25-11-2015 01:00,0
25-11-2015 02:00,0
25-11-2015 03:00,0
25-11-2015 04:00,0
25-11-2015 05:00,0
25-11-2015 06:00,0
25-11-2015 07:00,0.003
25-11-2015 08:00,0.05
25-11-2015 09:00,0.051
25-11-2015 10:00,0.019
25-11-2015 11:00,0.016
25-11-2015 12:00,0.028
25-11-2015 13:00,0.015
25-11-2015 14:00,0
25-11-2015 15:00,0
25-11-2015 16:00,0
25-11-2015 17:00,0
25-11-2015 18:00,0
25-11-2015 19:00,0
25-11-2015 20:00,0
25-11-2015 21:00,0
25-11-2015 22:00,0
25-11-2015 23:00,0
26-11-2015 00:00,0
26-11-2015 01:00,0
26-11-2015 02:00,0
26-11-2015 03:00,0
26-11-2015 04:00,0
26-11-2015 05:00,0
26-11-2015 06:00,0
26-11-2015 07:00,0.003
26-11-2015 08:00,0.055
26-11-2015 09:00,0.065
26-11-2015 10:00,0.123
26-11-2015 11:00,0.122
26-11-2015 12:00,0.119
26-11-2015 13:00,0.128
26-11-2015 14:00,0.118
26-11-2015 15:00,0
26-11-2015 16:00,0
26-11-2015 17:00,0
26-11-2015 18:00,0
26-11-2015 19:00,0
26-11-2015 20:00,0
26-11-2015 21:00,0
26-11-2015 22:00,0
26-11-2015 23:00,0
27-11-2015 00:00,0
27-11-2015 01:00,0
27-11-2015 02:00,0
27-11-2015 03:00,0
27-11-2015 04:00,0
27-11-2015 05:00,0
27-11-2015 06:00,0
27-11-2015 07:00,0.009
27-11-2015 08:00,0.185
27-11-2015 09:00,0.288
27-11-2015 10:00,0.276
27-11-2015 11:00,0.162
27-11-2015 12:00,0.105
27-11-2015 13:00,0.071
27-11-2015 14:00,0.014
27-11-2015 15:00,0
27-11-2015 16:00,0
27-11-2015 17:00,0
27-11-2015 18:00,0
27-11-2015 19:00,0
27-11-2015 20:00,0
27-11-2015 21:00,0
27-11-2015 22:00,0
27-11-2015 23:00,0
28-11-2015 00:00,0
28-11-2015 01:00,0
28-11-2015 02:00,0
28-11-2015 03:00,0
28-11-2015 04:00,0
28-11-2015 05:00,0
28-11-2015 06:00,0
28-11-2015 07:00,0
28-11-2015 08:00,0.006
28-11-2015 09:00,0.019
28-11-2015 10:00,0.08
28-11-2015 11:00,0.147
28-11-2015 12:00,0.042
28-11-2015 13:00,0.062
28-11-2015 14:00,0.09
28-11-2015 15:00,0.002
28-11-2015 16:00,0
28-11-2015 17:00,0
28-11-2015 18:00,0
28-11-2015 19:00,0
28-11-2015 20:00,0
28-11-2015 21:00,0
28-11-2015 22:00,0
28-11-2015 23:00,0
29-11-2015 00:00,0
29-11-2015 01:00,0
29-11-2015 02:00,0
29-11-2015 03:00,0
29-11-2015 04:00,0
29-11-2015 05:00,0
29-11-2015 06:00,0
29-11-2015 07:00,0
29-11-2015 08:00,0.008
29-11-2015 09:00,0.021
29-11-2015 10:00,0.028
29-11-2015 11:00,0.018
29-11-2015 12:00,0.033
29-11-2015 13:00,0.019
29-11-2015 14:00,0.006
29-11-2015 15:00,0
29-11-2015 16:00,0
29-11-2015 17:00,0
29-11-2015 18:00,0
29-11-2015 19:00,0
29-11-2015 20:00,0
29-11-2015 21:00,0
29-11-2015 22:00,0
29-11-2015 23:00,0
30-11-2015 00:00,0
30-11-2015 01:00,0
30-11-2015 02:00,0
30-11-2015 03:00,0
30-11-2015 04:00,0
30-11-2015 05:00,0
30-11-2015 06:00,0
30-11-2015 07:00,0
30-11-2015 08:00,0.018
30-11-2015 09:00,0.049
30-11-2015 10:00,0.039
30-11-2015 11:00,0.088
30-11-2015 12:00,0.102
30-11-2015 13:00,0.047
30-11-2015 14:00,0.022
30-11-2015 15:00,0
30-11-2015 16:00,0
30-11-2015 17:00,0
30-11-2015 18:00,0
30-11-2015 19:00,0
30-11-2015 20:00,0
30-11-2015 21:00,0
30-11-2015 22:00,0
30-11-2015 23:00,0
01-12-2015 00:00,0
01-12-2015 01:00,0
01-12-2015 02:00,0
01-12-2015 03:00,0
01-12-2015 04:00,0
01-12-2015 05:00,0
01-12-2015 06:00,0
01-12-2015 07:00,0.008
01-12-2015 08:00,0.091
01-12-2015 09:00,0.099
01-12-2015 10:00,0.137
01-12-2015 11:00,0.108
01-12-2015 12:00,0.054
01-12-2015 13:00,0.046
01-12-2015 14:00,0.018
01-12-2015 15:00,0
01-12-2015 16:00,0
01-12-2015 17:00,0
01-12-2015 18:00,0
01-12-2015 19:00,0
01-12-2015 20:00,0
01-12-2015 21:00,0
01-12-2015 22:00,0
01-12-2015 23:00,0
02-12-2015 00:00,0
02-12-2015 01:00,0
02-12-2015 02:00,0
02-12-2015 03:00,0
02-12-2015 04:00,0
02-12-2015 05:00,0
02-12-2015 06:00,0
02-12-2015 07:00,0
02-12-2015 08:00,0.018
02-12-2015 09:00,0.023
02-12-2015 10:00,0.023
02-12-2015 11:00,0.026
02-12-2015 12:00,0.023
02-12-2015 13:00,0.018
02-12-2015 14:00,0.003
02-12-2015 15:00,0
02-12-2015 16:00,0
02-12-2015 17:00,0
02-12-2015 18:00,0
02-12-2015 19:00,0
02-12-2015 20:00,0
02-12-2015 21:00,0
02-12-2015 22:00,0
02-12-2015 23:00,0
03-12-2015 00:00,0
03-12-2015 01:00,0
03-12-2015 02:00,0
03-12-2015 03:00,0
03-12-2015 04:00,0
03-12-2015 05:00,0
03-12-2015 06:00,0
03-12-2015 07:00,0
03-12-2015 08:00,0.029
03-12-2015 09:00,0.043
03-12-2015 10:00,0.037
03-12-2015 11:00,0.037
03-12-2015 12:00,0.043
03-12-2015 13:00,0.027
03-12-2015 14:00,0.008
03-12-2015 15:00,0
03-12-2015 16:00,0
03-12-2015 17:00,0
03-12-2015 18:00,0
03-12-2015 19:00,0
03-12-2015 20:00,0
03-12-2015 21:00,0
03-12-2015 22:00,0
03-12-2015 23:00,0
04-12-2015 00:00,0
04-12-2015 01:00,0
04-12-2015 02:00,0
04-12-2015 03:00,0
04-12-2015 04:00,0
04-12-2015 05:00,0
04-12-2015 06:00,0
04-12-2015 07:00,0
04-12-2015 08:00,0.022
04-12-2015 09:00,0.009
04-12-2015 10:00,0.046
04-12-2015 11:00,0.052
04-12-2015 12:00,0.052
04-12-2015 13:00,0.033
04-12-2015 14:00,0.004
04-12-2015 15:00,0
04-12-2015 16:00,0
04-12-2015 17:00,0
04-12-2015 18:00,0
04-12-2015 19:00,0
04-12-2015 20:00,0
04-12-2015 21:00,0
04-12-2015 22:00,0
04-12-2015 23:00,0
05-12-2015 00:00,0
05-12-2015 01:00,0
05-12-2015 02:00,0
05-12-2015 03:00,0
05-12-2015 04:00,0
05-12-2015 05:00,0
05-12-2015 06:00,0
05-12-2015 07:00,0.025
05-12-2015 08:00,0.162
05-12-2015 09:00,0.103
05-12-2015 10:00,0.136
05-12-2015 11:00,0.243
05-12-2015 12:00,0.264
05-12-2015 13:00,0.141
05-12-2015 14:00,0.048
05-12-2015 15:00,0
05-12-2015 16:00,0
05-12-2015 17:00,0
05-12-2015 18:00,0
05-12-2015 19:00,0
05-12-2015 20:00,0
05-12-2015 21:00,0
05-12-2015 22:00,0
05-12-2015 23:00,0
06-12-2015 00:00,0
06-12-2015 01:00,0
06-12-2015 02:00,0
06-12-2015 03:00,0
06-12-2015 04:00,0
06-12-2015 05:00,0
06-12-2015 06:00,0
06-12-2015 07:00,0
06-12-2015 08:00,0.038
06-12-2015 09:00,0.045
06-12-2015 10:00,0.046
06-12-2015 11:00,0.06
06-12-2015 12:00,0.017
06-12-2015 13:00,0.032
06-12-2015 14:00,0.06
06-12-2015 15:00,0
06-12-2015 16:00,0
06-12-2015 17:00,0
06-12-2015 18:00,0
06-12-2015 19:00,0
06-12-2015 20:00,0
06-12-2015 21:00,0
06-12-2015 22:00,0
06-12-2015 23:00,0
07-12-2015 00:00,0
07-12-2015 01:00,0
07-12-2015 02:00,0
07-12-2015 03:00,0
07-12-2015 04:00,0
07-12-2015 05:00,0
07-12-2015 06:00,0
07-12-2015 07:00,0
07-12-2015 08:00,0.119
07-12-2015 09:00,0.296
07-12-2015 10:00,0.316
07-12-2015 11:00,0.495
07-12-2015 12:00,0.513
07-12-2015 13:00,0.409
07-12-2015 14:00,0.235
07-12-2015 15:00,0.018
07-12-2015 16:00,0
07-12-2015 17:00,0
07-12-2015 18:00,0
07-12-2015 19:00,0
07-12-2015 20:00,0
07-12-2015 21:00,0
07-12-2015 22:00,0
07-12-2015 23:00,0
08-12-2015 00:00,0
08-12-2015 01:00,0
08-12-2015 02:00,0
08-12-2015 03:00,0
08-12-2015 04:00,0
08-12-2015 05:00,0
08-12-2015 06:00,0
08-12-2015 07:00,0.013
08-12-2015 08:00,0.267
08-12-2015 09:00,0.477
08-12-2015 10:00,0.542
08-12-2015 11:00,0.548
08-12-2015 12:00,0.504
08-12-2015 13:00,0.403
08-12-2015 14:00,0.214
08-12-2015 15:00,0.009
08-12-2015 16:00,0
08-12-2015 17:00,0
08-12-2015 18:00,0
08-12-2015 19:00,0
08-12-2015 20:00,0
08-12-2015 21:00,0
08-12-2015 22:00,0
08-12-2015 23:00,0
09-12-2015 00:00,0
09-12-2015 01:00,0
09-12-2015 02:00,0
09-12-2015 03:00,0
09-12-2015 04:00,0
09-12-2015 05:00,0
09-12-2015 06:00,0
09-12-2015 07:00,0.002
09-12-2015 08:00,0.034
09-12-2015 09:00,0.125
09-12-2015 10:00,0.179
09-12-2015 11:00,0.104
09-12-2015 12:00,0.092
09-12-2015 13:00,0.204
09-12-2015 14:00,0.036
09-12-2015 15:00,0
09-12-2015 16:00,0
09-12-2015 17:00,0
09-12-2015 18:00,0
09-12-2015 19:00,0
09-12-2015 20:00,0
09-12-2015 21:00,0
09-12-2015 22:00,0
09-12-2015 23:00,0
10-12-2015 00:00,0
10-12-2015 01:00,0
10-12-2015 02:00,0
10-12-2015 03:00,0
10-12-2015 04:00,0
10-12-2015 05:00,0
10-12-2015 06:00,0
10-12-2015 07:00,0
10-12-2015 08:00,0.065
10-12-2015 09:00,0.068
10-12-2015 10:00,0.064
10-12-2015 11:00,0.069
10-12-2015 12:00,0.072
10-12-2015 13:00,0.057
10-12-2015 14:00,0.004
10-12-2015 15:00,0
10-12-2015 16:00,0
10-12-2015 17:00,0
10-12-2015 18:00,0
10-12-2015 19:00,0
10-12-2015 20:00,0
10-12-2015 21:00,0
10-12-2015 22:00,0
10-12-2015 23:00,0
11-12-2015 00:00,0
11-12-2015 01:00,0
11-12-2015 02:00,0
11-12-2015 03:00,0
11-12-2015 04:00,0
11-12-2015 05:00,0
11-12-2015 06:00,0
11-12-2015 07:00,0
11-12-2015 08:00,0.043
11-12-2015 09:00,0.052
11-12-2015 10:00,0.064
11-12-2015 11:00,0.037
11-12-2015 12:00,0.021
11-12-2015 13:00,0.014
11-12-2015 14:00,0.004
11-12-2015 15:00,0
11-12-2015 16:00,0
11-12-2015 17:00,0
11-12-2015 18:00,0
11-12-2015 19:00,0
11-12-2015 20:00,0
11-12-2015 21:00,0
11-12-2015 22:00,0
11-12-2015 23:00,0
12-12-2015 00:00,0
12-12-2015 01:00,0
12-12-2015 02:00,0
12-12-2015 03:00,0
12-12-2015 04:00,0
12-12-2015 05:00,0
12-12-2015 06:00,0
12-12-2015 07:00,0
12-12-2015 08:00,0.045
12-12-2015 09:00,0.064
12-12-2015 10:00,0.1
12-12-2015 11:00,0.103
12-12-2015 12:00,0.095
12-12-2015 13:00,0.018
12-12-2015 14:00,0.002
12-12-2015 15:00,0
12-12-2015 16:00,0
12-12-2015 17:00,0
12-12-2015 18:00,0
12-12-2015 19:00,0
12-12-2015 20:00,0
12-12-2015 21:00,0
12-12-2015 22:00,0
12-12-2015 23:00,0
13-12-2015 00:00,0
13-12-2015 01:00,0
13-12-2015 02:00,0
13-12-2015 03:00,0
13-12-2015 04:00,0
13-12-2015 05:00,0
13-12-2015 06:00,0
13-12-2015 07:00,0
13-12-2015 08:00,0.02
13-12-2015 09:00,0.034
13-12-2015 10:00,0.063
13-12-2015 11:00,0.152
13-12-2015 12:00,0.097
13-12-2015 13:00,0.013
13-12-2015 14:00,0.022
13-12-2015 15:00,0
13-12-2015 16:00,0
13-12-2015 17:00,0
13-12-2015 18:00,0
13-12-2015 19:00,0
13-12-2015 20:00,0
13-12-2015 21:00,0
13-12-2015 22:00,0
13-12-2015 23:00,0
14-12-2015 00:00,0
14-12-2015 01:00,0
14-12-2015 02:00,0
14-12-2015 03:00,0
14-12-2015 04:00,0
14-12-2015 05:00,0
14-12-2015 06:00,0
14-12-2015 07:00,0
14-12-2015 08:00,0.016
14-12-2015 09:00,0.021
14-12-2015 10:00,0.046
14-12-2015 11:00,0.053
14-12-2015 12:00,0.054
14-12-2015 13:00,0.024
14-12-2015 14:00,0.007
14-12-2015 15:00,0
14-12-2015 16:00,0
14-12-2015 17:00,0
14-12-2015 18:00,0
14-12-2015 19:00,0
14-12-2015 20:00,0
14-12-2015 21:00,0
14-12-2015 22:00,0
14-12-2015 23:00,0
15-12-2015 00:00,0
15-12-2015 01:00,0
15-12-2015 02:00,0
15-12-2015 03:00,0
15-12-2015 04:00,0
15-12-2015 05:00,0
15-12-2015 06:00,0
15-12-2015 07:00,0
15-12-2015 08:00,0.003
15-12-2015 09:00,0.053
15-12-2015 10:00,0.072
15-12-2015 11:00,0.081
15-12-2015 12:00,0.064
15-12-2015 13:00,0.054
15-12-2015 14:00,0.047
15-12-2015 15:00,0
15-12-2015 16:00,0
15-12-2015 17:00,0
15-12-2015 18:00,0
15-12-2015 19:00,0
15-12-2015 20:00,0
15-12-2015 21:00,0
15-12-2015 22:00,0
15-12-2015 23:00,0
16-12-2015 00:00,0
16-12-2015 01:00,0
16-12-2015 02:00,0
16-12-2015 03:00,0
16-12-2015 04:00,0
16-12-2015 05:00,0
16-12-2015 06:00,0
16-12-2015 07:00,0
16-12-2015 08:00,0.016
16-12-2015 09:00,0.029
16-12-2015 10:00,0.029
16-12-2015 11:00,0.016
16-12-2015 12:00,0.012
16-12-2015 13:00,0.032
16-12-2015 14:00,0.141
16-12-2015 15:00,0.002
16-12-2015 16:00,0
16-12-2015 17:00,0
16-12-2015 18:00,0
16-12-2015 19:00,0
16-12-2015 20:00,0
16-12-2015 21:00,0
16-12-2015 22:00,0
16-12-2015 23:00,0
17-12-2015 00:00,0
17-12-2015 01:00,0
17-12-2015 02:00,0
17-12-2015 03:00,0
17-12-2015 04:00,0
17-12-2015 05:00,0
17-12-2015 06:00,0
17-12-2015 07:00,0
17-12-2015 08:00,0.022
17-12-2015 09:00,0.017
17-12-2015 10:00,0.013
17-12-2015 11:00,0.014
17-12-2015 12:00,0.047
17-12-2015 13:00,0.054
17-12-2015 14:00,0.004
17-12-2015 15:00,0
17-12-2015 16:00,0
17-12-2015 17:00,0
17-12-2015 18:00,0
17-12-2015 19:00,0
17-12-2015 20:00,0
17-12-2015 21:00,0
17-12-2015 22:00,0
17-12-2015 23:00,0
18-12-2015 00:00,0
18-12-2015 01:00,0
18-12-2015 02:00,0
18-12-2015 03:00,0
18-12-2015 04:00,0
18-12-2015 05:00,0
18-12-2015 06:00,0
18-12-2015 07:00,0
18-12-2015 08:00,0.003
18-12-2015 09:00,0.131
18-12-2015 10:00,0.114
18-12-2015 11:00,0.08
18-12-2015 12:00,0.021
18-12-2015 13:00,0.057
18-12-2015 14:00,0.13
18-12-2015 15:00,0.015
18-12-2015 16:00,0
18-12-2015 17:00,0
18-12-2015 18:00,0
18-12-2015 19:00,0
18-12-2015 20:00,0
18-12-2015 21:00,0
18-12-2015 22:00,0
18-12-2015 23:00,0
19-12-2015 00:00,0
19-12-2015 01:00,0
19-12-2015 02:00,0
19-12-2015 03:00,0
19-12-2015 04:00,0
19-12-2015 05:00,0
19-12-2015 06:00,0
19-12-2015 07:00,0
19-12-2015 08:00,0.002
19-12-2015 09:00,0.021
19-12-2015 10:00,0.088
19-12-2015 11:00,0.096
19-12-2015 12:00,0.041
19-12-2015 13:00,0.016
19-12-2015 14:00,0.009
19-12-2015 15:00,0
19-12-2015 16:00,0
19-12-2015 17:00,0
19-12-2015 18:00,0
19-12-2015 19:00,0
19-12-2015 20:00,0
19-12-2015 21:00,0
19-12-2015 22:00,0
19-12-2015 23:00,0
20-12-2015 00:00,0
20-12-2015 01:00,0
20-12-2015 02:00,0
20-12-2015 03:00,0
20-12-2015 04:00,0
20-12-2015 05:00,0
20-12-2015 06:00,0
20-12-2015 07:00,0
20-12-2015 08:00,0
20-12-2015 09:00,0.014
20-12-2015 10:00,0.057
20-12-2015 11:00,0.141
20-12-2015 12:00,0.164
20-12-2015 13:00,0.096
20-12-2015 14:00,0.021
20-12-2015 15:00,0
20-12-2015 16:00,0
20-12-2015 17:00,0
20-12-2015 18:00,0
20-12-2015 19:00,0
20-12-2015 20:00,0
20-12-2015 21:00,0
20-12-2015 22:00,0
20-12-2015 23:00,0
21-12-2015 00:00,0
21-12-2015 01:00,0
21-12-2015 02:00,0
21-12-2015 03:00,0
21-12-2015 04:00,0
21-12-2015 05:00,0
21-12-2015 06:00,0
21-12-2015 07:00,0
21-12-2015 08:00,0.025
21-12-2015 09:00,0.038
21-12-2015 10:00,0.043
21-12-2015 11:00,0.026
21-12-2015 12:00,0.005
21-12-2015 13:00,0.002
21-12-2015 14:00,0.007
21-12-2015 15:00,0
21-12-2015 16:00,0
21-12-2015 17:00,0
21-12-2015 18:00,0
21-12-2015 19:00,0
21-12-2015 20:00,0
21-12-2015 21:00,0
21-12-2015 22:00,0
21-12-2015 23:00,0
22-12-2015 00:00,0
22-12-2015 01:00,0
22-12-2015 02:00,0
22-12-2015 03:00,0
22-12-2015 04:00,0
22-12-2015 05:00,0
22-12-2015 06:00,0
22-12-2015 07:00,0
22-12-2015 08:00,0.012
22-12-2015 09:00,0.005
22-12-2015 10:00,0.018
22-12-2015 11:00,0.03
22-12-2015 12:00,0.115
22-12-2015 13:00,0.155
22-12-2015 14:00,0.08
22-12-2015 15:00,0.011
22-12-2015 16:00,0
22-12-2015 17:00,0
22-12-2015 18:00,0
22-12-2015 19:00,0
22-12-2015 20:00,0
22-12-2015 21:00,0
22-12-2015 22:00,0
22-12-2015 23:00,0
23-12-2015 00:00,0
23-12-2015 01:00,0
23-12-2015 02:00,0
23-12-2015 03:00,0
23-12-2015 04:00,0
23-12-2015 05:00,0
23-12-2015 06:00,0
23-12-2015 07:00,0
23-12-2015 08:00,0.006
23-12-2015 09:00,0.018
23-12-2015 10:00,0.017
23-12-2015 11:00,0.042
23-12-2015 12:00,0.011
23-12-2015 13:00,0.01
23-12-2015 14:00,0.004
23-12-2015 15:00,0
23-12-2015 16:00,0
23-12-2015 17:00,0
23-12-2015 18:00,0
23-12-2015 19:00,0
23-12-2015 20:00,0
23-12-2015 21:00,0
23-12-2015 22:00,0
23-12-2015 23:00,0
24-12-2015 00:00,0
24-12-2015 01:00,0
24-12-2015 02:00,0
24-12-2015 03:00,0
24-12-2015 04:00,0
24-12-2015 05:00,0
24-12-2015 06:00,0
24-12-2015 07:00,0
24-12-2015 08:00,0.004
24-12-2015 09:00,0.096
24-12-2015 10:00,0.141
24-12-2015 11:00,0.206
24-12-2015 12:00,0.213
24-12-2015 13:00,0.111
24-12-2015 14:00,0.032
24-12-2015 15:00,0
24-12-2015 16:00,0
24-12-2015 17:00,0
24-12-2015 18:00,0
24-12-2015 19:00,0
24-12-2015 20:00,0
24-12-2015 21:00,0
24-12-2015 22:00,0
24-12-2015 23:00,0
25-12-2015 00:00,0
25-12-2015 01:00,0
25-12-2015 02:00,0
25-12-2015 03:00,0
25-12-2015 04:00,0
25-12-2015 05:00,0
25-12-2015 06:00,0
25-12-2015 07:00,0
25-12-2015 08:00,0.008
25-12-2015 09:00,0.068
25-12-2015 10:00,0.022
25-12-2015 11:00,0.008
25-12-2015 12:00,0.008
25-12-2015 13:00,0.048
25-12-2015 14:00,0.117
25-12-2015 15:00,0.016
25-12-2015 16:00,0
25-12-2015 17:00,0
25-12-2015 18:00,0
25-12-2015 19:00,0
25-12-2015 20:00,0
25-12-2015 21:00,0
25-12-2015 22:00,0
25-12-2015 23:00,0
26-12-2015 00:00,0
26-12-2015 01:00,0
26-12-2015 02:00,0
26-12-2015 03:00,0
26-12-2015 04:00,0
26-12-2015 05:00,0
26-12-2015 06:00,0
26-12-2015 07:00,0
26-12-2015 08:00,0.151
26-12-2015 09:00,0.339
26-12-2015 10:00,0.469
26-12-2015 11:00,0.514
26-12-2015 12:00,0.482
26-12-2015 13:00,0.41
26-12-2015 14:00,0.249
26-12-2015 15:00,0.016
26-12-2015 16:00,0
26-12-2015 17:00,0
26-12-2015 18:00,0
26-12-2015 19:00,0
26-12-2015 20:00,0
26-12-2015 21:00,0
26-12-2015 22:00,0
26-12-2015 23:00,0
27-12-2015 00:00,0
27-12-2015 01:00,0
27-12-2015 02:00,0
27-12-2015 03:00,0
27-12-2015 04:00,0
27-12-2015 05:00,0
27-12-2015 06:00,0
27-12-2015 07:00,0
27-12-2015 08:00,0.097
27-12-2015 09:00,0.176
27-12-2015 10:00,0.182
27-12-2015 11:00,0.163
27-12-2015 12:00,0.172
27-12-2015 13:00,0.134
27-12-2015 14:00,0.053
27-12-2015 15:00,0
27-12-2015 16:00,0
27-12-2015 17:00,0
27-12-2015 18:00,0
27-12-2015 19:00,0
27-12-2015 20:00,0
27-12-2015 21:00,0
27-12-2015 22:00,0
27-12-2015 23:00,0
28-12-2015 00:00,0
28-12-2015 01:00,0
28-12-2015 02:00,0
28-12-2015 03:00,0
28-12-2015 04:00,0
28-12-2015 05:00,0
28-12-2015 06:00,0
28-12-2015 07:00,0
28-12-2015 08:00,0.128
28-12-2015 09:00,0.366
28-12-2015 10:00,0.499
28-12-2015 11:00,0.564
28-12-2015 12:00,0.524
28-12-2015 13:00,0.415
28-12-2015 14:00,0.278
28-12-2015 15:00,0.025
28-12-2015 16:00,0
28-12-2015 17:00,0
28-12-2015 18:00,0
28-12-2015 19:00,0
28-12-2015 20:00,0
28-12-2015 21:00,0
28-12-2015 22:00,0
28-12-2015 23:00,0
29-12-2015 00:00,0
29-12-2015 01:00,0
29-12-2015 02:00,0
29-12-2015 03:00,0
29-12-2015 04:00,0
29-12-2015 05:00,0
29-12-2015 06:00,0
29-12-2015 07:00,0
29-12-2015 08:00,0.06
29-12-2015 09:00,0.12
29-12-2015 10:00,0.035
29-12-2015 11:00,0.028
29-12-2015 12:00,0.023
29-12-2015 13:00,0.031
29-12-2015 14:00,0.023
29-12-2015 15:00,0
29-12-2015 16:00,0
29-12-2015 17:00,0
29-12-2015 18:00,0
29-12-2015 19:00,0
29-12-2015 20:00,0
29-12-2015 21:00,0
29-12-2015 22:00,0
29-12-2015 23:00,0
30-12-2015 00:00,0
30-12-2015 01:00,0
30-12-2015 02:00,0
30-12-2015 03:00,0
30-12-2015 04:00,0
30-12-2015 05:00,0
30-12-2015 06:00,0
30-12-2015 07:00,0
30-12-2015 08:00,0.007
30-12-2015 09:00,0.022
30-12-2015 10:00,0.016
30-12-2015 11:00,0.02
30-12-2015 12:00,0.02
30-12-2015 13:00,0.016
30-12-2015 14:00,0.005
30-12-2015 15:00,0
30-12-2015 16:00,0
30-12-2015 17:00,0
30-12-2015 18:00,0
30-12-2015 19:00,0
30-12-2015 20:00,0
30-12-2015 21:00,0
30-12-2015 22:00,0
30-12-2015 23:00,0
31-12-2015 00:00,0
31-12-2015 01:00,0
31-12-2015 02:00,0
31-12-2015 03:00,0
31-12-2015 04:00,0
31-12-2015 05:00,0
31-12-2015 06:00,0
31-12-2015 07:00,0
31-12-2015 08:00,0
31-12-2015 09:00,0.014
31-12-2015 10:00,0.019
31-12-2015 11:00,0.022
31-12-2015 12:00,0.02
31-12-2015 13:00,0.012
31-12-2015 14:00,0
31-12-2015 15:00,0
31-12-2015 16:00,0
31-12-2015 17:00,0
31-12-2015 18:00,0
31-12-2015 19:00,0
31-12-2015 20:00,0
31-12-2015 21:00,0
31-12-2015 22:00,0
31-12-2015 23:00,0
