time,p_max_pu
01-01-2019 00:00,0.197
01-01-2019 01:00,0.231
01-01-2019 02:00,0.278
01-01-2019 03:00,0.3
01-01-2019 04:00,0.347
01-01-2019 05:00,0.355
01-01-2019 06:00,0.439
01-01-2019 07:00,0.492
01-01-2019 08:00,0.501
01-01-2019 09:00,0.51
01-01-2019 10:00,0.536
01-01-2019 11:00,0.524
01-01-2019 12:00,0.493
01-01-2019 13:00,0.468
01-01-2019 14:00,0.446
01-01-2019 15:00,0.472
01-01-2019 16:00,0.538
01-01-2019 17:00,0.603
01-01-2019 18:00,0.642
01-01-2019 19:00,0.682
01-01-2019 20:00,0.722
01-01-2019 21:00,0.73
01-01-2019 22:00,0.72
01-01-2019 23:00,0.722
02-01-2019 00:00,0.724
02-01-2019 01:00,0.701
02-01-2019 02:00,0.687
02-01-2019 03:00,0.698
02-01-2019 04:00,0.715
02-01-2019 05:00,0.701
02-01-2019 06:00,0.68
02-01-2019 07:00,0.661
02-01-2019 08:00,0.618
02-01-2019 09:00,0.586
02-01-2019 10:00,0.642
02-01-2019 11:00,0.669
02-01-2019 12:00,0.651
02-01-2019 13:00,0.626
02-01-2019 14:00,0.574
02-01-2019 15:00,0.561
02-01-2019 16:00,0.557
02-01-2019 17:00,0.523
02-01-2019 18:00,0.455
02-01-2019 19:00,0.362
02-01-2019 20:00,0.294
02-01-2019 21:00,0.267
02-01-2019 22:00,0.249
02-01-2019 23:00,0.233
03-01-2019 00:00,0.226
03-01-2019 01:00,0.22
03-01-2019 02:00,0.231
03-01-2019 03:00,0.241
03-01-2019 04:00,0.209
03-01-2019 05:00,0.178
03-01-2019 06:00,0.149
03-01-2019 07:00,0.129
03-01-2019 08:00,0.099
03-01-2019 09:00,0.091
03-01-2019 10:00,0.114
03-01-2019 11:00,0.155
03-01-2019 12:00,0.191
03-01-2019 13:00,0.169
03-01-2019 14:00,0.173
03-01-2019 15:00,0.233
03-01-2019 16:00,0.27
03-01-2019 17:00,0.278
03-01-2019 18:00,0.259
03-01-2019 19:00,0.231
03-01-2019 20:00,0.223
03-01-2019 21:00,0.219
03-01-2019 22:00,0.2
03-01-2019 23:00,0.194
04-01-2019 00:00,0.161
04-01-2019 01:00,0.14
04-01-2019 02:00,0.12
04-01-2019 03:00,0.1
04-01-2019 04:00,0.092
04-01-2019 05:00,0.098
04-01-2019 06:00,0.107
04-01-2019 07:00,0.12
04-01-2019 08:00,0.116
04-01-2019 09:00,0.133
04-01-2019 10:00,0.17
04-01-2019 11:00,0.219
04-01-2019 12:00,0.259
04-01-2019 13:00,0.317
04-01-2019 14:00,0.379
04-01-2019 15:00,0.41
04-01-2019 16:00,0.419
04-01-2019 17:00,0.412
04-01-2019 18:00,0.437
04-01-2019 19:00,0.437
04-01-2019 20:00,0.371
04-01-2019 21:00,0.322
04-01-2019 22:00,0.341
04-01-2019 23:00,0.395
05-01-2019 00:00,0.413
05-01-2019 01:00,0.385
05-01-2019 02:00,0.32
05-01-2019 03:00,0.357
05-01-2019 04:00,0.402
05-01-2019 05:00,0.426
05-01-2019 06:00,0.432
05-01-2019 07:00,0.44
05-01-2019 08:00,0.463
05-01-2019 09:00,0.668
05-01-2019 10:00,0.661
05-01-2019 11:00,0.607
05-01-2019 12:00,0.583
05-01-2019 13:00,0.527
05-01-2019 14:00,0.447
05-01-2019 15:00,0.436
05-01-2019 16:00,0.498
05-01-2019 17:00,0.516
05-01-2019 18:00,0.481
05-01-2019 19:00,0.47
05-01-2019 20:00,0.456
05-01-2019 21:00,0.423
05-01-2019 22:00,0.364
05-01-2019 23:00,0.339
06-01-2019 00:00,0.334
06-01-2019 01:00,0.317
06-01-2019 02:00,0.298
06-01-2019 03:00,0.27
06-01-2019 04:00,0.248
06-01-2019 05:00,0.231
06-01-2019 06:00,0.226
06-01-2019 07:00,0.212
06-01-2019 08:00,0.2
06-01-2019 09:00,0.172
06-01-2019 10:00,0.156
06-01-2019 11:00,0.16
06-01-2019 12:00,0.177
06-01-2019 13:00,0.21
06-01-2019 14:00,0.254
06-01-2019 15:00,0.297
06-01-2019 16:00,0.328
06-01-2019 17:00,0.34
06-01-2019 18:00,0.342
06-01-2019 19:00,0.32
06-01-2019 20:00,0.308
06-01-2019 21:00,0.299
06-01-2019 22:00,0.252
06-01-2019 23:00,0.254
07-01-2019 00:00,0.259
07-01-2019 01:00,0.241
07-01-2019 02:00,0.227
07-01-2019 03:00,0.227
07-01-2019 04:00,0.235
07-01-2019 05:00,0.22
07-01-2019 06:00,0.199
07-01-2019 07:00,0.202
07-01-2019 08:00,0.2
07-01-2019 09:00,0.177
07-01-2019 10:00,0.177
07-01-2019 11:00,0.18
07-01-2019 12:00,0.178
07-01-2019 13:00,0.172
07-01-2019 14:00,0.198
07-01-2019 15:00,0.275
07-01-2019 16:00,0.307
07-01-2019 17:00,0.31
07-01-2019 18:00,0.365
07-01-2019 19:00,0.419
07-01-2019 20:00,0.447
07-01-2019 21:00,0.422
07-01-2019 22:00,0.466
07-01-2019 23:00,0.503
08-01-2019 00:00,0.522
08-01-2019 01:00,0.492
08-01-2019 02:00,0.533
08-01-2019 03:00,0.553
08-01-2019 04:00,0.565
08-01-2019 05:00,0.59
08-01-2019 06:00,0.652
08-01-2019 07:00,0.694
08-01-2019 08:00,0.744
08-01-2019 09:00,0.791
08-01-2019 10:00,0.826
08-01-2019 11:00,0.84
08-01-2019 12:00,0.827
08-01-2019 13:00,0.807
08-01-2019 14:00,0.793
08-01-2019 15:00,0.779
08-01-2019 16:00,0.791
08-01-2019 17:00,0.816
08-01-2019 18:00,0.833
08-01-2019 19:00,0.829
08-01-2019 20:00,0.812
08-01-2019 21:00,0.794
08-01-2019 22:00,0.778
08-01-2019 23:00,0.776
09-01-2019 00:00,0.773
09-01-2019 01:00,0.758
09-01-2019 02:00,0.737
09-01-2019 03:00,0.72
09-01-2019 04:00,0.712
09-01-2019 05:00,0.698
09-01-2019 06:00,0.669
09-01-2019 07:00,0.635
09-01-2019 08:00,0.603
09-01-2019 09:00,0.599
09-01-2019 10:00,0.631
09-01-2019 11:00,0.619
09-01-2019 12:00,0.569
09-01-2019 13:00,0.51
09-01-2019 14:00,0.491
09-01-2019 15:00,0.507
09-01-2019 16:00,0.523
09-01-2019 17:00,0.532
09-01-2019 18:00,0.535
09-01-2019 19:00,0.547
09-01-2019 20:00,0.544
09-01-2019 21:00,0.525
09-01-2019 22:00,0.481
09-01-2019 23:00,0.448
10-01-2019 00:00,0.413
10-01-2019 01:00,0.362
10-01-2019 02:00,0.311
10-01-2019 03:00,0.296
10-01-2019 04:00,0.289
10-01-2019 05:00,0.288
10-01-2019 06:00,0.303
10-01-2019 07:00,0.264
10-01-2019 08:00,0.21
10-01-2019 09:00,0.253
10-01-2019 10:00,0.22
10-01-2019 11:00,0.18
10-01-2019 12:00,0.158
10-01-2019 13:00,0.146
10-01-2019 14:00,0.133
10-01-2019 15:00,0.132
10-01-2019 16:00,0.131
10-01-2019 17:00,0.112
10-01-2019 18:00,0.084
10-01-2019 19:00,0.054
10-01-2019 20:00,0.03
10-01-2019 21:00,0.021
10-01-2019 22:00,0.029
10-01-2019 23:00,0.047
11-01-2019 00:00,0.062
11-01-2019 01:00,0.066
11-01-2019 02:00,0.071
11-01-2019 03:00,0.079
11-01-2019 04:00,0.096
11-01-2019 05:00,0.115
11-01-2019 06:00,0.139
11-01-2019 07:00,0.17
11-01-2019 08:00,0.21
11-01-2019 09:00,0.301
11-01-2019 10:00,0.311
11-01-2019 11:00,0.287
11-01-2019 12:00,0.257
11-01-2019 13:00,0.234
11-01-2019 14:00,0.209
11-01-2019 15:00,0.23
11-01-2019 16:00,0.245
11-01-2019 17:00,0.264
11-01-2019 18:00,0.313
11-01-2019 19:00,0.362
11-01-2019 20:00,0.395
11-01-2019 21:00,0.425
11-01-2019 22:00,0.41
11-01-2019 23:00,0.425
12-01-2019 00:00,0.367
12-01-2019 01:00,0.343
12-01-2019 02:00,0.315
12-01-2019 03:00,0.328
12-01-2019 04:00,0.395
12-01-2019 05:00,0.41
12-01-2019 06:00,0.41
12-01-2019 07:00,0.404
12-01-2019 08:00,0.395
12-01-2019 09:00,0.361
12-01-2019 10:00,0.339
12-01-2019 11:00,0.403
12-01-2019 12:00,0.476
12-01-2019 13:00,0.518
12-01-2019 14:00,0.547
12-01-2019 15:00,0.55
12-01-2019 16:00,0.615
12-01-2019 17:00,0.567
12-01-2019 18:00,0.549
12-01-2019 19:00,0.51
12-01-2019 20:00,0.469
12-01-2019 21:00,0.465
12-01-2019 22:00,0.463
12-01-2019 23:00,0.465
13-01-2019 00:00,0.425
13-01-2019 01:00,0.432
13-01-2019 02:00,0.435
13-01-2019 03:00,0.41
13-01-2019 04:00,0.334
13-01-2019 05:00,0.342
13-01-2019 06:00,0.409
13-01-2019 07:00,0.431
13-01-2019 08:00,0.42
13-01-2019 09:00,0.421
13-01-2019 10:00,0.447
13-01-2019 11:00,0.525
13-01-2019 12:00,0.571
13-01-2019 13:00,0.688
13-01-2019 14:00,0.725
13-01-2019 15:00,0.735
13-01-2019 16:00,0.753
13-01-2019 17:00,0.76
13-01-2019 18:00,0.771
13-01-2019 19:00,0.798
13-01-2019 20:00,0.806
13-01-2019 21:00,0.793
13-01-2019 22:00,0.779
13-01-2019 23:00,0.772
14-01-2019 00:00,0.762
14-01-2019 01:00,0.722
14-01-2019 02:00,0.683
14-01-2019 03:00,0.663
14-01-2019 04:00,0.644
14-01-2019 05:00,0.559
14-01-2019 06:00,0.466
14-01-2019 07:00,0.398
14-01-2019 08:00,0.362
14-01-2019 09:00,0.399
14-01-2019 10:00,0.49
14-01-2019 11:00,0.556
14-01-2019 12:00,0.613
14-01-2019 13:00,0.577
14-01-2019 14:00,0.533
14-01-2019 15:00,0.566
14-01-2019 16:00,0.569
14-01-2019 17:00,0.541
14-01-2019 18:00,0.506
14-01-2019 19:00,0.469
14-01-2019 20:00,0.417
14-01-2019 21:00,0.364
14-01-2019 22:00,0.337
14-01-2019 23:00,0.318
15-01-2019 00:00,0.31
15-01-2019 01:00,0.341
15-01-2019 02:00,0.352
15-01-2019 03:00,0.33
15-01-2019 04:00,0.328
15-01-2019 05:00,0.299
15-01-2019 06:00,0.297
15-01-2019 07:00,0.278
15-01-2019 08:00,0.297
15-01-2019 09:00,0.395
15-01-2019 10:00,0.413
15-01-2019 11:00,0.432
15-01-2019 12:00,0.442
15-01-2019 13:00,0.439
15-01-2019 14:00,0.488
15-01-2019 15:00,0.535
15-01-2019 16:00,0.575
15-01-2019 17:00,0.547
15-01-2019 18:00,0.51
15-01-2019 19:00,0.483
15-01-2019 20:00,0.452
15-01-2019 21:00,0.442
15-01-2019 22:00,0.426
15-01-2019 23:00,0.392
16-01-2019 00:00,0.401
16-01-2019 01:00,0.401
16-01-2019 02:00,0.372
16-01-2019 03:00,0.323
16-01-2019 04:00,0.338
16-01-2019 05:00,0.315
16-01-2019 06:00,0.252
16-01-2019 07:00,0.241
16-01-2019 08:00,0.254
16-01-2019 09:00,0.264
16-01-2019 10:00,0.243
16-01-2019 11:00,0.271
16-01-2019 12:00,0.305
16-01-2019 13:00,0.302
16-01-2019 14:00,0.297
16-01-2019 15:00,0.317
16-01-2019 16:00,0.331
16-01-2019 17:00,0.319
16-01-2019 18:00,0.315
16-01-2019 19:00,0.334
16-01-2019 20:00,0.384
16-01-2019 21:00,0.43
16-01-2019 22:00,0.441
16-01-2019 23:00,0.434
17-01-2019 00:00,0.442
17-01-2019 01:00,0.446
17-01-2019 02:00,0.451
17-01-2019 03:00,0.566
17-01-2019 04:00,0.615
17-01-2019 05:00,0.566
17-01-2019 06:00,0.481
17-01-2019 07:00,0.369
17-01-2019 08:00,0.302
17-01-2019 09:00,0.278
17-01-2019 10:00,0.346
17-01-2019 11:00,0.435
17-01-2019 12:00,0.507
17-01-2019 13:00,0.554
17-01-2019 14:00,0.618
17-01-2019 15:00,0.666
17-01-2019 16:00,0.621
17-01-2019 17:00,0.529
17-01-2019 18:00,0.465
17-01-2019 19:00,0.374
17-01-2019 20:00,0.382
17-01-2019 21:00,0.41
17-01-2019 22:00,0.432
17-01-2019 23:00,0.454
18-01-2019 00:00,0.441
18-01-2019 01:00,0.427
18-01-2019 02:00,0.374
18-01-2019 03:00,0.315
18-01-2019 04:00,0.274
18-01-2019 05:00,0.233
18-01-2019 06:00,0.198
18-01-2019 07:00,0.169
18-01-2019 08:00,0.118
18-01-2019 09:00,0.087
18-01-2019 10:00,0.06
18-01-2019 11:00,0.037
18-01-2019 12:00,0.02
18-01-2019 13:00,0.009
18-01-2019 14:00,0.006
18-01-2019 15:00,0.007
18-01-2019 16:00,0.006
18-01-2019 17:00,0.004
18-01-2019 18:00,0.003
18-01-2019 19:00,0.011
18-01-2019 20:00,0.03
18-01-2019 21:00,0.05
18-01-2019 22:00,0.068
18-01-2019 23:00,0.078
19-01-2019 00:00,0.086
19-01-2019 01:00,0.095
19-01-2019 02:00,0.1
19-01-2019 03:00,0.095
19-01-2019 04:00,0.093
19-01-2019 05:00,0.091
19-01-2019 06:00,0.089
19-01-2019 07:00,0.077
19-01-2019 08:00,0.053
19-01-2019 09:00,0.077
19-01-2019 10:00,0.093
19-01-2019 11:00,0.091
19-01-2019 12:00,0.097
19-01-2019 13:00,0.11
19-01-2019 14:00,0.114
19-01-2019 15:00,0.155
19-01-2019 16:00,0.218
19-01-2019 17:00,0.244
19-01-2019 18:00,0.241
19-01-2019 19:00,0.235
19-01-2019 20:00,0.213
19-01-2019 21:00,0.182
19-01-2019 22:00,0.151
19-01-2019 23:00,0.126
20-01-2019 00:00,0.107
20-01-2019 01:00,0.094
20-01-2019 02:00,0.084
20-01-2019 03:00,0.082
20-01-2019 04:00,0.08
20-01-2019 05:00,0.081
20-01-2019 06:00,0.072
20-01-2019 07:00,0.067
20-01-2019 08:00,0.07
20-01-2019 09:00,0.069
20-01-2019 10:00,0.068
20-01-2019 11:00,0.069
20-01-2019 12:00,0.075
20-01-2019 13:00,0.083
20-01-2019 14:00,0.086
20-01-2019 15:00,0.104
20-01-2019 16:00,0.141
20-01-2019 17:00,0.166
20-01-2019 18:00,0.179
20-01-2019 19:00,0.18
20-01-2019 20:00,0.174
20-01-2019 21:00,0.163
20-01-2019 22:00,0.151
20-01-2019 23:00,0.131
21-01-2019 00:00,0.107
21-01-2019 01:00,0.084
21-01-2019 02:00,0.064
21-01-2019 03:00,0.057
21-01-2019 04:00,0.058
21-01-2019 05:00,0.06
21-01-2019 06:00,0.06
21-01-2019 07:00,0.055
21-01-2019 08:00,0.04
21-01-2019 09:00,0.03
21-01-2019 10:00,0.025
21-01-2019 11:00,0.013
21-01-2019 12:00,0.004
21-01-2019 13:00,0.001
21-01-2019 14:00,0.002
21-01-2019 15:00,0.002
21-01-2019 16:00,0.002
21-01-2019 17:00,0.003
21-01-2019 18:00,0.006
21-01-2019 19:00,0.013
21-01-2019 20:00,0.021
21-01-2019 21:00,0.027
21-01-2019 22:00,0.033
21-01-2019 23:00,0.039
22-01-2019 00:00,0.044
22-01-2019 01:00,0.049
22-01-2019 02:00,0.061
22-01-2019 03:00,0.076
22-01-2019 04:00,0.093
22-01-2019 05:00,0.103
22-01-2019 06:00,0.107
22-01-2019 07:00,0.096
22-01-2019 08:00,0.087
22-01-2019 09:00,0.14
22-01-2019 10:00,0.16
22-01-2019 11:00,0.164
22-01-2019 12:00,0.166
22-01-2019 13:00,0.168
22-01-2019 14:00,0.169
22-01-2019 15:00,0.176
22-01-2019 16:00,0.21
22-01-2019 17:00,0.243
22-01-2019 18:00,0.255
22-01-2019 19:00,0.259
22-01-2019 20:00,0.245
22-01-2019 21:00,0.223
22-01-2019 22:00,0.216
22-01-2019 23:00,0.204
23-01-2019 00:00,0.185
23-01-2019 01:00,0.174
23-01-2019 02:00,0.155
23-01-2019 03:00,0.137
23-01-2019 04:00,0.123
23-01-2019 05:00,0.118
23-01-2019 06:00,0.123
23-01-2019 07:00,0.13
23-01-2019 08:00,0.137
23-01-2019 09:00,0.123
23-01-2019 10:00,0.107
23-01-2019 11:00,0.096
23-01-2019 12:00,0.093
23-01-2019 13:00,0.103
23-01-2019 14:00,0.112
23-01-2019 15:00,0.095
23-01-2019 16:00,0.103
23-01-2019 17:00,0.112
23-01-2019 18:00,0.112
23-01-2019 19:00,0.114
23-01-2019 20:00,0.112
23-01-2019 21:00,0.107
23-01-2019 22:00,0.107
23-01-2019 23:00,0.106
24-01-2019 00:00,0.103
24-01-2019 01:00,0.094
24-01-2019 02:00,0.078
24-01-2019 03:00,0.073
24-01-2019 04:00,0.075
24-01-2019 05:00,0.078
24-01-2019 06:00,0.077
24-01-2019 07:00,0.065
24-01-2019 08:00,0.04
24-01-2019 09:00,0.024
24-01-2019 10:00,0.013
24-01-2019 11:00,0.005
24-01-2019 12:00,0.002
24-01-2019 13:00,0.002
24-01-2019 14:00,0.003
24-01-2019 15:00,0.006
24-01-2019 16:00,0.012
24-01-2019 17:00,0.015
24-01-2019 18:00,0.013
24-01-2019 19:00,0.009
24-01-2019 20:00,0.005
24-01-2019 21:00,0.002
24-01-2019 22:00,0.002
24-01-2019 23:00,0.005
25-01-2019 00:00,0.012
25-01-2019 01:00,0.019
25-01-2019 02:00,0.023
25-01-2019 03:00,0.022
25-01-2019 04:00,0.02
25-01-2019 05:00,0.02
25-01-2019 06:00,0.025
25-01-2019 07:00,0.028
25-01-2019 08:00,0.032
25-01-2019 09:00,0.044
25-01-2019 10:00,0.059
25-01-2019 11:00,0.084
25-01-2019 12:00,0.109
25-01-2019 13:00,0.125
25-01-2019 14:00,0.119
25-01-2019 15:00,0.103
25-01-2019 16:00,0.148
25-01-2019 17:00,0.207
25-01-2019 18:00,0.239
25-01-2019 19:00,0.271
25-01-2019 20:00,0.299
25-01-2019 21:00,0.328
25-01-2019 22:00,0.384
25-01-2019 23:00,0.459
26-01-2019 00:00,0.457
26-01-2019 01:00,0.407
26-01-2019 02:00,0.366
26-01-2019 03:00,0.341
26-01-2019 04:00,0.339
26-01-2019 05:00,0.335
26-01-2019 06:00,0.426
26-01-2019 07:00,0.502
26-01-2019 08:00,0.51
26-01-2019 09:00,0.458
26-01-2019 10:00,0.552
26-01-2019 11:00,0.547
26-01-2019 12:00,0.538
26-01-2019 13:00,0.434
26-01-2019 14:00,0.457
26-01-2019 15:00,0.476
26-01-2019 16:00,0.465
26-01-2019 17:00,0.467
26-01-2019 18:00,0.448
26-01-2019 19:00,0.481
26-01-2019 20:00,0.488
26-01-2019 21:00,0.428
26-01-2019 22:00,0.412
26-01-2019 23:00,0.41
27-01-2019 00:00,0.41
27-01-2019 01:00,0.438
27-01-2019 02:00,0.498
27-01-2019 03:00,0.519
27-01-2019 04:00,0.494
27-01-2019 05:00,0.457
27-01-2019 06:00,0.401
27-01-2019 07:00,0.374
27-01-2019 08:00,0.386
27-01-2019 09:00,0.476
27-01-2019 10:00,0.448
27-01-2019 11:00,0.451
27-01-2019 12:00,0.503
27-01-2019 13:00,0.516
27-01-2019 14:00,0.511
27-01-2019 15:00,0.521
27-01-2019 16:00,0.535
27-01-2019 17:00,0.464
27-01-2019 18:00,0.37
27-01-2019 19:00,0.289
27-01-2019 20:00,0.209
27-01-2019 21:00,0.192
27-01-2019 22:00,0.228
27-01-2019 23:00,0.278
28-01-2019 00:00,0.345
28-01-2019 01:00,0.349
28-01-2019 02:00,0.379
28-01-2019 03:00,0.378
28-01-2019 04:00,0.395
28-01-2019 05:00,0.481
28-01-2019 06:00,0.502
28-01-2019 07:00,0.519
28-01-2019 08:00,0.511
28-01-2019 09:00,0.538
28-01-2019 10:00,0.533
28-01-2019 11:00,0.525
28-01-2019 12:00,0.506
28-01-2019 13:00,0.47
28-01-2019 14:00,0.467
28-01-2019 15:00,0.494
28-01-2019 16:00,0.507
28-01-2019 17:00,0.522
28-01-2019 18:00,0.531
28-01-2019 19:00,0.532
28-01-2019 20:00,0.494
28-01-2019 21:00,0.451
28-01-2019 22:00,0.432
28-01-2019 23:00,0.408
29-01-2019 00:00,0.38
29-01-2019 01:00,0.337
29-01-2019 02:00,0.302
29-01-2019 03:00,0.3
29-01-2019 04:00,0.253
29-01-2019 05:00,0.226
29-01-2019 06:00,0.198
29-01-2019 07:00,0.153
29-01-2019 08:00,0.118
29-01-2019 09:00,0.13
29-01-2019 10:00,0.122
29-01-2019 11:00,0.113
29-01-2019 12:00,0.108
29-01-2019 13:00,0.107
29-01-2019 14:00,0.098
29-01-2019 15:00,0.112
29-01-2019 16:00,0.116
29-01-2019 17:00,0.134
29-01-2019 18:00,0.172
29-01-2019 19:00,0.21
29-01-2019 20:00,0.256
29-01-2019 21:00,0.295
29-01-2019 22:00,0.306
29-01-2019 23:00,0.295
30-01-2019 00:00,0.294
30-01-2019 01:00,0.295
30-01-2019 02:00,0.307
30-01-2019 03:00,0.323
30-01-2019 04:00,0.309
30-01-2019 05:00,0.297
30-01-2019 06:00,0.282
30-01-2019 07:00,0.27
30-01-2019 08:00,0.252
30-01-2019 09:00,0.298
30-01-2019 10:00,0.328
30-01-2019 11:00,0.32
30-01-2019 12:00,0.323
30-01-2019 13:00,0.341
30-01-2019 14:00,0.364
30-01-2019 15:00,0.39
30-01-2019 16:00,0.422
30-01-2019 17:00,0.418
30-01-2019 18:00,0.407
30-01-2019 19:00,0.398
30-01-2019 20:00,0.381
30-01-2019 21:00,0.354
30-01-2019 22:00,0.314
30-01-2019 23:00,0.265
31-01-2019 00:00,0.225
31-01-2019 01:00,0.172
31-01-2019 02:00,0.13
31-01-2019 03:00,0.105
31-01-2019 04:00,0.103
31-01-2019 05:00,0.123
31-01-2019 06:00,0.158
31-01-2019 07:00,0.187
31-01-2019 08:00,0.181
31-01-2019 09:00,0.163
31-01-2019 10:00,0.265
31-01-2019 11:00,0.263
31-01-2019 12:00,0.219
31-01-2019 13:00,0.169
31-01-2019 14:00,0.121
31-01-2019 15:00,0.136
31-01-2019 16:00,0.171
31-01-2019 17:00,0.186
31-01-2019 18:00,0.196
31-01-2019 19:00,0.214
31-01-2019 20:00,0.263
31-01-2019 21:00,0.32
31-01-2019 22:00,0.337
31-01-2019 23:00,0.31
01-02-2019 00:00,0.277
01-02-2019 01:00,0.291
01-02-2019 02:00,0.325
01-02-2019 03:00,0.323
01-02-2019 04:00,0.376
01-02-2019 05:00,0.349
01-02-2019 06:00,0.244
01-02-2019 07:00,0.194
01-02-2019 08:00,0.177
01-02-2019 09:00,0.129
01-02-2019 10:00,0.114
01-02-2019 11:00,0.115
01-02-2019 12:00,0.112
01-02-2019 13:00,0.09
01-02-2019 14:00,0.081
01-02-2019 15:00,0.127
01-02-2019 16:00,0.185
01-02-2019 17:00,0.225
01-02-2019 18:00,0.225
01-02-2019 19:00,0.204
01-02-2019 20:00,0.185
01-02-2019 21:00,0.167
01-02-2019 22:00,0.135
01-02-2019 23:00,0.11
02-02-2019 00:00,0.093
02-02-2019 01:00,0.084
02-02-2019 02:00,0.048
02-02-2019 03:00,0.029
02-02-2019 04:00,0.022
02-02-2019 05:00,0.015
02-02-2019 06:00,0.011
02-02-2019 07:00,0.011
02-02-2019 08:00,0.011
02-02-2019 09:00,0.011
02-02-2019 10:00,0.017
02-02-2019 11:00,0.028
02-02-2019 12:00,0.036
02-02-2019 13:00,0.035
02-02-2019 14:00,0.028
02-02-2019 15:00,0.028
02-02-2019 16:00,0.02
02-02-2019 17:00,0.012
02-02-2019 18:00,0.009
02-02-2019 19:00,0.014
02-02-2019 20:00,0.032
02-02-2019 21:00,0.069
02-02-2019 22:00,0.106
02-02-2019 23:00,0.158
03-02-2019 00:00,0.22
03-02-2019 01:00,0.271
03-02-2019 02:00,0.325
03-02-2019 03:00,0.323
03-02-2019 04:00,0.313
03-02-2019 05:00,0.332
03-02-2019 06:00,0.341
03-02-2019 07:00,0.347
03-02-2019 08:00,0.429
03-02-2019 09:00,0.499
03-02-2019 10:00,0.484
03-02-2019 11:00,0.472
03-02-2019 12:00,0.471
03-02-2019 13:00,0.454
03-02-2019 14:00,0.407
03-02-2019 15:00,0.38
03-02-2019 16:00,0.347
03-02-2019 17:00,0.364
03-02-2019 18:00,0.338
03-02-2019 19:00,0.311
03-02-2019 20:00,0.296
03-02-2019 21:00,0.26
03-02-2019 22:00,0.191
03-02-2019 23:00,0.127
04-02-2019 00:00,0.086
04-02-2019 01:00,0.063
04-02-2019 02:00,0.053
04-02-2019 03:00,0.045
04-02-2019 04:00,0.036
04-02-2019 05:00,0.038
04-02-2019 06:00,0.05
04-02-2019 07:00,0.065
04-02-2019 08:00,0.074
04-02-2019 09:00,0.106
04-02-2019 10:00,0.149
04-02-2019 11:00,0.185
04-02-2019 12:00,0.195
04-02-2019 13:00,0.189
04-02-2019 14:00,0.163
04-02-2019 15:00,0.177
04-02-2019 16:00,0.207
04-02-2019 17:00,0.242
04-02-2019 18:00,0.286
04-02-2019 19:00,0.309
04-02-2019 20:00,0.294
04-02-2019 21:00,0.272
04-02-2019 22:00,0.251
04-02-2019 23:00,0.241
05-02-2019 00:00,0.239
05-02-2019 01:00,0.234
05-02-2019 02:00,0.211
05-02-2019 03:00,0.2
05-02-2019 04:00,0.169
05-02-2019 05:00,0.14
05-02-2019 06:00,0.123
05-02-2019 07:00,0.104
05-02-2019 08:00,0.084
05-02-2019 09:00,0.071
05-02-2019 10:00,0.074
05-02-2019 11:00,0.084
05-02-2019 12:00,0.085
05-02-2019 13:00,0.084
05-02-2019 14:00,0.076
05-02-2019 15:00,0.082
05-02-2019 16:00,0.084
05-02-2019 17:00,0.073
05-02-2019 18:00,0.061
05-02-2019 19:00,0.057
05-02-2019 20:00,0.062
05-02-2019 21:00,0.079
05-02-2019 22:00,0.112
05-02-2019 23:00,0.155
06-02-2019 00:00,0.183
06-02-2019 01:00,0.176
06-02-2019 02:00,0.153
06-02-2019 03:00,0.137
06-02-2019 04:00,0.138
06-02-2019 05:00,0.153
06-02-2019 06:00,0.163
06-02-2019 07:00,0.163
06-02-2019 08:00,0.158
06-02-2019 09:00,0.157
06-02-2019 10:00,0.182
06-02-2019 11:00,0.179
06-02-2019 12:00,0.173
06-02-2019 13:00,0.169
06-02-2019 14:00,0.15
06-02-2019 15:00,0.186
06-02-2019 16:00,0.259
06-02-2019 17:00,0.309
06-02-2019 18:00,0.337
06-02-2019 19:00,0.332
06-02-2019 20:00,0.305
06-02-2019 21:00,0.272
06-02-2019 22:00,0.256
06-02-2019 23:00,0.24
07-02-2019 00:00,0.231
07-02-2019 01:00,0.231
07-02-2019 02:00,0.236
07-02-2019 03:00,0.243
07-02-2019 04:00,0.241
07-02-2019 05:00,0.241
07-02-2019 06:00,0.223
07-02-2019 07:00,0.22
07-02-2019 08:00,0.219
07-02-2019 09:00,0.247
07-02-2019 10:00,0.278
07-02-2019 11:00,0.285
07-02-2019 12:00,0.272
07-02-2019 13:00,0.221
07-02-2019 14:00,0.201
07-02-2019 15:00,0.235
07-02-2019 16:00,0.298
07-02-2019 17:00,0.351
07-02-2019 18:00,0.392
07-02-2019 19:00,0.372
07-02-2019 20:00,0.362
07-02-2019 21:00,0.344
07-02-2019 22:00,0.295
07-02-2019 23:00,0.231
08-02-2019 00:00,0.207
08-02-2019 01:00,0.181
08-02-2019 02:00,0.183
08-02-2019 03:00,0.189
08-02-2019 04:00,0.228
08-02-2019 05:00,0.299
08-02-2019 06:00,0.28
08-02-2019 07:00,0.304
08-02-2019 08:00,0.346
08-02-2019 09:00,0.347
08-02-2019 10:00,0.413
08-02-2019 11:00,0.447
08-02-2019 12:00,0.473
08-02-2019 13:00,0.46
08-02-2019 14:00,0.467
08-02-2019 15:00,0.467
08-02-2019 16:00,0.484
08-02-2019 17:00,0.501
08-02-2019 18:00,0.481
08-02-2019 19:00,0.494
08-02-2019 20:00,0.476
08-02-2019 21:00,0.468
08-02-2019 22:00,0.464
08-02-2019 23:00,0.466
09-02-2019 00:00,0.48
09-02-2019 01:00,0.525
09-02-2019 02:00,0.615
09-02-2019 03:00,0.636
09-02-2019 04:00,0.733
09-02-2019 05:00,0.72
09-02-2019 06:00,0.71
09-02-2019 07:00,0.687
09-02-2019 08:00,0.696
09-02-2019 09:00,0.693
09-02-2019 10:00,0.748
09-02-2019 11:00,0.794
09-02-2019 12:00,0.814
09-02-2019 13:00,0.814
09-02-2019 14:00,0.791
09-02-2019 15:00,0.779
09-02-2019 16:00,0.772
09-02-2019 17:00,0.746
09-02-2019 18:00,0.7
09-02-2019 19:00,0.649
09-02-2019 20:00,0.59
09-02-2019 21:00,0.516
09-02-2019 22:00,0.434
09-02-2019 23:00,0.323
10-02-2019 00:00,0.284
10-02-2019 01:00,0.274
10-02-2019 02:00,0.294
10-02-2019 03:00,0.324
10-02-2019 04:00,0.376
10-02-2019 05:00,0.501
10-02-2019 06:00,0.571
10-02-2019 07:00,0.62
10-02-2019 08:00,0.683
10-02-2019 09:00,0.74
10-02-2019 10:00,0.762
10-02-2019 11:00,0.737
10-02-2019 12:00,0.707
10-02-2019 13:00,0.729
10-02-2019 14:00,0.762
10-02-2019 15:00,0.727
10-02-2019 16:00,0.748
10-02-2019 17:00,0.696
10-02-2019 18:00,0.762
10-02-2019 19:00,0.822
10-02-2019 20:00,0.807
10-02-2019 21:00,0.794
10-02-2019 22:00,0.791
10-02-2019 23:00,0.788
11-02-2019 00:00,0.781
11-02-2019 01:00,0.737
11-02-2019 02:00,0.663
11-02-2019 03:00,0.56
11-02-2019 04:00,0.496
11-02-2019 05:00,0.491
11-02-2019 06:00,0.495
11-02-2019 07:00,0.497
11-02-2019 08:00,0.538
11-02-2019 09:00,0.614
11-02-2019 10:00,0.69
11-02-2019 11:00,0.724
11-02-2019 12:00,0.717
11-02-2019 13:00,0.635
11-02-2019 14:00,0.51
11-02-2019 15:00,0.493
11-02-2019 16:00,0.51
11-02-2019 17:00,0.476
11-02-2019 18:00,0.425
11-02-2019 19:00,0.383
11-02-2019 20:00,0.373
11-02-2019 21:00,0.34
11-02-2019 22:00,0.32
11-02-2019 23:00,0.311
12-02-2019 00:00,0.32
12-02-2019 01:00,0.34
12-02-2019 02:00,0.375
12-02-2019 03:00,0.344
12-02-2019 04:00,0.315
12-02-2019 05:00,0.296
12-02-2019 06:00,0.355
12-02-2019 07:00,0.291
12-02-2019 08:00,0.277
12-02-2019 09:00,0.38
12-02-2019 10:00,0.404
12-02-2019 11:00,0.36
12-02-2019 12:00,0.309
12-02-2019 13:00,0.252
12-02-2019 14:00,0.208
12-02-2019 15:00,0.225
12-02-2019 16:00,0.249
12-02-2019 17:00,0.243
12-02-2019 18:00,0.223
12-02-2019 19:00,0.211
12-02-2019 20:00,0.22
12-02-2019 21:00,0.233
12-02-2019 22:00,0.224
12-02-2019 23:00,0.209
13-02-2019 00:00,0.191
13-02-2019 01:00,0.174
13-02-2019 02:00,0.16
13-02-2019 03:00,0.14
13-02-2019 04:00,0.124
13-02-2019 05:00,0.122
13-02-2019 06:00,0.12
13-02-2019 07:00,0.114
13-02-2019 08:00,0.114
13-02-2019 09:00,0.128
13-02-2019 10:00,0.135
13-02-2019 11:00,0.11
13-02-2019 12:00,0.084
13-02-2019 13:00,0.068
13-02-2019 14:00,0.062
13-02-2019 15:00,0.071
13-02-2019 16:00,0.072
13-02-2019 17:00,0.07
13-02-2019 18:00,0.068
13-02-2019 19:00,0.067
13-02-2019 20:00,0.068
13-02-2019 21:00,0.073
13-02-2019 22:00,0.08
13-02-2019 23:00,0.086
14-02-2019 00:00,0.084
14-02-2019 01:00,0.07
14-02-2019 02:00,0.055
14-02-2019 03:00,0.045
14-02-2019 04:00,0.041
14-02-2019 05:00,0.042
14-02-2019 06:00,0.044
14-02-2019 07:00,0.039
14-02-2019 08:00,0.026
14-02-2019 09:00,0.017
14-02-2019 10:00,0.013
14-02-2019 11:00,0.012
14-02-2019 12:00,0.016
14-02-2019 13:00,0.017
14-02-2019 14:00,0.017
14-02-2019 15:00,0.017
14-02-2019 16:00,0.018
14-02-2019 17:00,0.03
14-02-2019 18:00,0.047
14-02-2019 19:00,0.059
14-02-2019 20:00,0.068
14-02-2019 21:00,0.081
14-02-2019 22:00,0.093
14-02-2019 23:00,0.1
15-02-2019 00:00,0.102
15-02-2019 01:00,0.103
15-02-2019 02:00,0.103
15-02-2019 03:00,0.101
15-02-2019 04:00,0.102
15-02-2019 05:00,0.111
15-02-2019 06:00,0.123
15-02-2019 07:00,0.117
15-02-2019 08:00,0.069
15-02-2019 09:00,0.045
15-02-2019 10:00,0.041
15-02-2019 11:00,0.051
15-02-2019 12:00,0.053
15-02-2019 13:00,0.056
15-02-2019 14:00,0.084
15-02-2019 15:00,0.138
15-02-2019 16:00,0.195
15-02-2019 17:00,0.249
15-02-2019 18:00,0.296
15-02-2019 19:00,0.333
15-02-2019 20:00,0.355
15-02-2019 21:00,0.374
15-02-2019 22:00,0.371
15-02-2019 23:00,0.347
16-02-2019 00:00,0.323
16-02-2019 01:00,0.3
16-02-2019 02:00,0.286
16-02-2019 03:00,0.282
16-02-2019 04:00,0.286
16-02-2019 05:00,0.294
16-02-2019 06:00,0.302
16-02-2019 07:00,0.226
16-02-2019 08:00,0.131
16-02-2019 09:00,0.096
16-02-2019 10:00,0.099
16-02-2019 11:00,0.117
16-02-2019 12:00,0.102
16-02-2019 13:00,0.093
16-02-2019 14:00,0.087
16-02-2019 15:00,0.107
16-02-2019 16:00,0.136
16-02-2019 17:00,0.163
16-02-2019 18:00,0.187
16-02-2019 19:00,0.204
16-02-2019 20:00,0.211
16-02-2019 21:00,0.203
16-02-2019 22:00,0.173
16-02-2019 23:00,0.132
17-02-2019 00:00,0.095
17-02-2019 01:00,0.073
17-02-2019 02:00,0.068
17-02-2019 03:00,0.078
17-02-2019 04:00,0.107
17-02-2019 05:00,0.155
17-02-2019 06:00,0.204
17-02-2019 07:00,0.187
17-02-2019 08:00,0.111
17-02-2019 09:00,0.079
17-02-2019 10:00,0.082
17-02-2019 11:00,0.118
17-02-2019 12:00,0.127
17-02-2019 13:00,0.121
17-02-2019 14:00,0.125
17-02-2019 15:00,0.183
17-02-2019 16:00,0.253
17-02-2019 17:00,0.302
17-02-2019 18:00,0.334
17-02-2019 19:00,0.357
17-02-2019 20:00,0.359
17-02-2019 21:00,0.332
17-02-2019 22:00,0.281
17-02-2019 23:00,0.231
18-02-2019 00:00,0.192
18-02-2019 01:00,0.163
18-02-2019 02:00,0.142
18-02-2019 03:00,0.133
18-02-2019 04:00,0.134
18-02-2019 05:00,0.141
18-02-2019 06:00,0.144
18-02-2019 07:00,0.124
18-02-2019 08:00,0.072
18-02-2019 09:00,0.048
18-02-2019 10:00,0.057
18-02-2019 11:00,0.068
18-02-2019 12:00,0.086
18-02-2019 13:00,0.096
18-02-2019 14:00,0.097
18-02-2019 15:00,0.127
18-02-2019 16:00,0.177
18-02-2019 17:00,0.219
18-02-2019 18:00,0.245
18-02-2019 19:00,0.25
18-02-2019 20:00,0.246
18-02-2019 21:00,0.272
18-02-2019 22:00,0.321
18-02-2019 23:00,0.294
19-02-2019 00:00,0.274
19-02-2019 01:00,0.277
19-02-2019 02:00,0.279
19-02-2019 03:00,0.285
19-02-2019 04:00,0.302
19-02-2019 05:00,0.295
19-02-2019 06:00,0.259
19-02-2019 07:00,0.181
19-02-2019 08:00,0.159
19-02-2019 09:00,0.139
19-02-2019 10:00,0.162
19-02-2019 11:00,0.208
19-02-2019 12:00,0.243
19-02-2019 13:00,0.261
19-02-2019 14:00,0.243
19-02-2019 15:00,0.227
19-02-2019 16:00,0.279
19-02-2019 17:00,0.316
19-02-2019 18:00,0.329
19-02-2019 19:00,0.32
19-02-2019 20:00,0.288
19-02-2019 21:00,0.265
19-02-2019 22:00,0.243
19-02-2019 23:00,0.209
20-02-2019 00:00,0.177
20-02-2019 01:00,0.144
20-02-2019 02:00,0.118
20-02-2019 03:00,0.109
20-02-2019 04:00,0.12
20-02-2019 05:00,0.139
20-02-2019 06:00,0.139
20-02-2019 07:00,0.094
20-02-2019 08:00,0.068
20-02-2019 09:00,0.101
20-02-2019 10:00,0.121
20-02-2019 11:00,0.126
20-02-2019 12:00,0.133
20-02-2019 13:00,0.135
20-02-2019 14:00,0.123
20-02-2019 15:00,0.106
20-02-2019 16:00,0.107
20-02-2019 17:00,0.114
20-02-2019 18:00,0.121
20-02-2019 19:00,0.125
20-02-2019 20:00,0.133
20-02-2019 21:00,0.145
20-02-2019 22:00,0.155
20-02-2019 23:00,0.154
21-02-2019 00:00,0.152
21-02-2019 01:00,0.146
21-02-2019 02:00,0.133
21-02-2019 03:00,0.125
21-02-2019 04:00,0.125
21-02-2019 05:00,0.126
21-02-2019 06:00,0.117
21-02-2019 07:00,0.096
21-02-2019 08:00,0.091
21-02-2019 09:00,0.103
21-02-2019 10:00,0.104
21-02-2019 11:00,0.114
21-02-2019 12:00,0.136
21-02-2019 13:00,0.176
21-02-2019 14:00,0.173
21-02-2019 15:00,0.169
21-02-2019 16:00,0.233
21-02-2019 17:00,0.265
21-02-2019 18:00,0.269
21-02-2019 19:00,0.294
21-02-2019 20:00,0.315
21-02-2019 21:00,0.339
21-02-2019 22:00,0.343
21-02-2019 23:00,0.359
22-02-2019 00:00,0.358
22-02-2019 01:00,0.362
22-02-2019 02:00,0.358
22-02-2019 03:00,0.332
22-02-2019 04:00,0.327
22-02-2019 05:00,0.299
22-02-2019 06:00,0.289
22-02-2019 07:00,0.227
22-02-2019 08:00,0.211
22-02-2019 09:00,0.265
22-02-2019 10:00,0.237
22-02-2019 11:00,0.216
22-02-2019 12:00,0.205
22-02-2019 13:00,0.209
22-02-2019 14:00,0.216
22-02-2019 15:00,0.213
22-02-2019 16:00,0.248
22-02-2019 17:00,0.284
22-02-2019 18:00,0.291
22-02-2019 19:00,0.307
22-02-2019 20:00,0.312
22-02-2019 21:00,0.294
22-02-2019 22:00,0.267
22-02-2019 23:00,0.248
23-02-2019 00:00,0.241
23-02-2019 01:00,0.241
23-02-2019 02:00,0.233
23-02-2019 03:00,0.22
23-02-2019 04:00,0.179
23-02-2019 05:00,0.163
23-02-2019 06:00,0.168
23-02-2019 07:00,0.131
23-02-2019 08:00,0.145
23-02-2019 09:00,0.133
23-02-2019 10:00,0.145
23-02-2019 11:00,0.165
23-02-2019 12:00,0.17
23-02-2019 13:00,0.161
23-02-2019 14:00,0.13
23-02-2019 15:00,0.118
23-02-2019 16:00,0.137
23-02-2019 17:00,0.162
23-02-2019 18:00,0.192
23-02-2019 19:00,0.235
23-02-2019 20:00,0.274
23-02-2019 21:00,0.284
23-02-2019 22:00,0.258
23-02-2019 23:00,0.213
24-02-2019 00:00,0.171
24-02-2019 01:00,0.139
24-02-2019 02:00,0.123
24-02-2019 03:00,0.123
24-02-2019 04:00,0.13
24-02-2019 05:00,0.135
24-02-2019 06:00,0.13
24-02-2019 07:00,0.069
24-02-2019 08:00,0.039
24-02-2019 09:00,0.031
24-02-2019 10:00,0.014
24-02-2019 11:00,0.007
24-02-2019 12:00,0.006
24-02-2019 13:00,0.012
24-02-2019 14:00,0.02
24-02-2019 15:00,0.024
24-02-2019 16:00,0.028
24-02-2019 17:00,0.034
24-02-2019 18:00,0.041
24-02-2019 19:00,0.047
24-02-2019 20:00,0.051
24-02-2019 21:00,0.053
24-02-2019 22:00,0.05
24-02-2019 23:00,0.042
25-02-2019 00:00,0.034
25-02-2019 01:00,0.028
25-02-2019 02:00,0.029
25-02-2019 03:00,0.036
25-02-2019 04:00,0.043
25-02-2019 05:00,0.04
25-02-2019 06:00,0.033
25-02-2019 07:00,0.022
25-02-2019 08:00,0.01
25-02-2019 09:00,0.006
25-02-2019 10:00,0.005
25-02-2019 11:00,0.006
25-02-2019 12:00,0.005
25-02-2019 13:00,0.003
25-02-2019 14:00,0.001
25-02-2019 15:00,0.002
25-02-2019 16:00,0.006
25-02-2019 17:00,0.015
25-02-2019 18:00,0.03
25-02-2019 19:00,0.046
25-02-2019 20:00,0.057
25-02-2019 21:00,0.056
25-02-2019 22:00,0.045
25-02-2019 23:00,0.031
26-02-2019 00:00,0.017
26-02-2019 01:00,0.007
26-02-2019 02:00,0.005
26-02-2019 03:00,0.006
26-02-2019 04:00,0.011
26-02-2019 05:00,0.023
26-02-2019 06:00,0.044
26-02-2019 07:00,0.058
26-02-2019 08:00,0.037
26-02-2019 09:00,0.019
26-02-2019 10:00,0.024
26-02-2019 11:00,0.039
26-02-2019 12:00,0.045
26-02-2019 13:00,0.047
26-02-2019 14:00,0.052
26-02-2019 15:00,0.071
26-02-2019 16:00,0.102
26-02-2019 17:00,0.136
26-02-2019 18:00,0.16
26-02-2019 19:00,0.164
26-02-2019 20:00,0.154
26-02-2019 21:00,0.133
26-02-2019 22:00,0.11
26-02-2019 23:00,0.086
27-02-2019 00:00,0.066
27-02-2019 01:00,0.05
27-02-2019 02:00,0.043
27-02-2019 03:00,0.045
27-02-2019 04:00,0.053
27-02-2019 05:00,0.061
27-02-2019 06:00,0.069
27-02-2019 07:00,0.062
27-02-2019 08:00,0.028
27-02-2019 09:00,0.012
27-02-2019 10:00,0.009
27-02-2019 11:00,0.009
27-02-2019 12:00,0.008
27-02-2019 13:00,0.012
27-02-2019 14:00,0.02
27-02-2019 15:00,0.03
27-02-2019 16:00,0.042
27-02-2019 17:00,0.06
27-02-2019 18:00,0.092
27-02-2019 19:00,0.139
27-02-2019 20:00,0.201
27-02-2019 21:00,0.267
27-02-2019 22:00,0.321
27-02-2019 23:00,0.351
28-02-2019 00:00,0.352
28-02-2019 01:00,0.343
28-02-2019 02:00,0.325
28-02-2019 03:00,0.311
28-02-2019 04:00,0.305
28-02-2019 05:00,0.299
28-02-2019 06:00,0.291
28-02-2019 07:00,0.212
28-02-2019 08:00,0.179
28-02-2019 09:00,0.265
28-02-2019 10:00,0.35
28-02-2019 11:00,0.379
28-02-2019 12:00,0.417
28-02-2019 13:00,0.433
28-02-2019 14:00,0.432
28-02-2019 15:00,0.441
28-02-2019 16:00,0.479
28-02-2019 17:00,0.505
28-02-2019 18:00,0.506
28-02-2019 19:00,0.456
28-02-2019 20:00,0.401
28-02-2019 21:00,0.374
28-02-2019 22:00,0.349
28-02-2019 23:00,0.332
01-03-2019 00:00,0.297
01-03-2019 01:00,0.304
01-03-2019 02:00,0.262
01-03-2019 03:00,0.243
01-03-2019 04:00,0.27
01-03-2019 05:00,0.283
01-03-2019 06:00,0.232
01-03-2019 07:00,0.171
01-03-2019 08:00,0.135
01-03-2019 09:00,0.122
01-03-2019 10:00,0.138
01-03-2019 11:00,0.16
01-03-2019 12:00,0.192
01-03-2019 13:00,0.22
01-03-2019 14:00,0.228
01-03-2019 15:00,0.231
01-03-2019 16:00,0.248
01-03-2019 17:00,0.246
01-03-2019 18:00,0.227
01-03-2019 19:00,0.194
01-03-2019 20:00,0.165
01-03-2019 21:00,0.139
01-03-2019 22:00,0.121
01-03-2019 23:00,0.115
02-03-2019 00:00,0.12
02-03-2019 01:00,0.122
02-03-2019 02:00,0.134
02-03-2019 03:00,0.147
02-03-2019 04:00,0.145
02-03-2019 05:00,0.141
02-03-2019 06:00,0.122
02-03-2019 07:00,0.105
02-03-2019 08:00,0.146
02-03-2019 09:00,0.171
02-03-2019 10:00,0.192
02-03-2019 11:00,0.216
02-03-2019 12:00,0.233
02-03-2019 13:00,0.219
02-03-2019 14:00,0.176
02-03-2019 15:00,0.148
02-03-2019 16:00,0.205
02-03-2019 17:00,0.293
02-03-2019 18:00,0.374
02-03-2019 19:00,0.436
02-03-2019 20:00,0.466
02-03-2019 21:00,0.481
02-03-2019 22:00,0.473
02-03-2019 23:00,0.41
03-03-2019 00:00,0.355
03-03-2019 01:00,0.386
03-03-2019 02:00,0.398
03-03-2019 03:00,0.401
03-03-2019 04:00,0.428
03-03-2019 05:00,0.466
03-03-2019 06:00,0.483
03-03-2019 07:00,0.51
03-03-2019 08:00,0.61
03-03-2019 09:00,0.661
03-03-2019 10:00,0.685
03-03-2019 11:00,0.674
03-03-2019 12:00,0.627
03-03-2019 13:00,0.62
03-03-2019 14:00,0.62
03-03-2019 15:00,0.628
03-03-2019 16:00,0.633
03-03-2019 17:00,0.632
03-03-2019 18:00,0.619
03-03-2019 19:00,0.615
03-03-2019 20:00,0.615
03-03-2019 21:00,0.59
03-03-2019 22:00,0.567
03-03-2019 23:00,0.604
04-03-2019 00:00,0.506
04-03-2019 01:00,0.425
04-03-2019 02:00,0.491
04-03-2019 03:00,0.604
04-03-2019 04:00,0.572
04-03-2019 05:00,0.46
04-03-2019 06:00,0.494
04-03-2019 07:00,0.622
04-03-2019 08:00,0.747
04-03-2019 09:00,0.889
04-03-2019 10:00,0.938
04-03-2019 11:00,0.951
04-03-2019 12:00,0.959
04-03-2019 13:00,0.962
04-03-2019 14:00,0.932
04-03-2019 15:00,0.824
04-03-2019 16:00,0.714
04-03-2019 17:00,0.653
04-03-2019 18:00,0.609
04-03-2019 19:00,0.586
04-03-2019 20:00,0.564
04-03-2019 21:00,0.552
04-03-2019 22:00,0.606
04-03-2019 23:00,0.619
05-03-2019 00:00,0.633
05-03-2019 01:00,0.614
05-03-2019 02:00,0.633
05-03-2019 03:00,0.635
05-03-2019 04:00,0.616
05-03-2019 05:00,0.586
05-03-2019 06:00,0.556
05-03-2019 07:00,0.591
05-03-2019 08:00,0.668
05-03-2019 09:00,0.695
05-03-2019 10:00,0.66
05-03-2019 11:00,0.525
05-03-2019 12:00,0.441
05-03-2019 13:00,0.409
05-03-2019 14:00,0.39
05-03-2019 15:00,0.317
05-03-2019 16:00,0.278
05-03-2019 17:00,0.296
05-03-2019 18:00,0.309
05-03-2019 19:00,0.314
05-03-2019 20:00,0.312
05-03-2019 21:00,0.225
05-03-2019 22:00,0.152
05-03-2019 23:00,0.123
06-03-2019 00:00,0.09
06-03-2019 01:00,0.089
06-03-2019 02:00,0.118
06-03-2019 03:00,0.17
06-03-2019 04:00,0.208
06-03-2019 05:00,0.251
06-03-2019 06:00,0.289
06-03-2019 07:00,0.323
06-03-2019 08:00,0.45
06-03-2019 09:00,0.516
06-03-2019 10:00,0.509
06-03-2019 11:00,0.503
06-03-2019 12:00,0.489
06-03-2019 13:00,0.442
06-03-2019 14:00,0.403
06-03-2019 15:00,0.454
06-03-2019 16:00,0.513
06-03-2019 17:00,0.55
06-03-2019 18:00,0.509
06-03-2019 19:00,0.529
06-03-2019 20:00,0.513
06-03-2019 21:00,0.476
06-03-2019 22:00,0.413
06-03-2019 23:00,0.382
07-03-2019 00:00,0.442
07-03-2019 01:00,0.483
07-03-2019 02:00,0.447
07-03-2019 03:00,0.413
07-03-2019 04:00,0.47
07-03-2019 05:00,0.567
07-03-2019 06:00,0.662
07-03-2019 07:00,0.748
07-03-2019 08:00,0.808
07-03-2019 09:00,0.844
07-03-2019 10:00,0.806
07-03-2019 11:00,0.77
07-03-2019 12:00,0.737
07-03-2019 13:00,0.716
07-03-2019 14:00,0.714
07-03-2019 15:00,0.7
07-03-2019 16:00,0.682
07-03-2019 17:00,0.697
07-03-2019 18:00,0.707
07-03-2019 19:00,0.719
07-03-2019 20:00,0.722
07-03-2019 21:00,0.713
07-03-2019 22:00,0.713
07-03-2019 23:00,0.726
08-03-2019 00:00,0.733
08-03-2019 01:00,0.744
08-03-2019 02:00,0.751
08-03-2019 03:00,0.773
08-03-2019 04:00,0.804
08-03-2019 05:00,0.779
08-03-2019 06:00,0.763
08-03-2019 07:00,0.72
08-03-2019 08:00,0.654
08-03-2019 09:00,0.646
08-03-2019 10:00,0.63
08-03-2019 11:00,0.599
08-03-2019 12:00,0.54
08-03-2019 13:00,0.469
08-03-2019 14:00,0.398
08-03-2019 15:00,0.312
08-03-2019 16:00,0.276
08-03-2019 17:00,0.311
08-03-2019 18:00,0.332
08-03-2019 19:00,0.333
08-03-2019 20:00,0.332
08-03-2019 21:00,0.322
08-03-2019 22:00,0.32
08-03-2019 23:00,0.327
09-03-2019 00:00,0.348
09-03-2019 01:00,0.4
09-03-2019 02:00,0.526
09-03-2019 03:00,0.632
09-03-2019 04:00,0.724
09-03-2019 05:00,0.849
09-03-2019 06:00,0.795
09-03-2019 07:00,0.744
09-03-2019 08:00,0.72
09-03-2019 09:00,0.698
09-03-2019 10:00,0.718
09-03-2019 11:00,0.802
09-03-2019 12:00,0.816
09-03-2019 13:00,0.799
09-03-2019 14:00,0.808
09-03-2019 15:00,0.816
09-03-2019 16:00,0.856
09-03-2019 17:00,0.879
09-03-2019 18:00,0.89
09-03-2019 19:00,0.877
09-03-2019 20:00,0.809
09-03-2019 21:00,0.696
09-03-2019 22:00,0.615
09-03-2019 23:00,0.547
10-03-2019 00:00,0.434
10-03-2019 01:00,0.321
10-03-2019 02:00,0.254
10-03-2019 03:00,0.225
10-03-2019 04:00,0.19
10-03-2019 05:00,0.164
10-03-2019 06:00,0.157
10-03-2019 07:00,0.17
10-03-2019 08:00,0.27
10-03-2019 09:00,0.532
10-03-2019 10:00,0.794
10-03-2019 11:00,0.873
10-03-2019 12:00,0.928
10-03-2019 13:00,0.969
10-03-2019 14:00,0.98
10-03-2019 15:00,0.982
10-03-2019 16:00,0.972
10-03-2019 17:00,0.933
10-03-2019 18:00,0.872
10-03-2019 19:00,0.897
10-03-2019 20:00,0.921
10-03-2019 21:00,0.868
10-03-2019 22:00,0.799
10-03-2019 23:00,0.746
11-03-2019 00:00,0.672
11-03-2019 01:00,0.523
11-03-2019 02:00,0.367
11-03-2019 03:00,0.251
11-03-2019 04:00,0.306
11-03-2019 05:00,0.355
11-03-2019 06:00,0.42
11-03-2019 07:00,0.507
11-03-2019 08:00,0.63
11-03-2019 09:00,0.66
11-03-2019 10:00,0.668
11-03-2019 11:00,0.658
11-03-2019 12:00,0.64
11-03-2019 13:00,0.595
11-03-2019 14:00,0.601
11-03-2019 15:00,0.677
11-03-2019 16:00,0.785
11-03-2019 17:00,0.838
11-03-2019 18:00,0.836
11-03-2019 19:00,0.782
11-03-2019 20:00,0.693
11-03-2019 21:00,0.605
11-03-2019 22:00,0.519
11-03-2019 23:00,0.425
12-03-2019 00:00,0.346
12-03-2019 01:00,0.261
12-03-2019 02:00,0.183
12-03-2019 03:00,0.139
12-03-2019 04:00,0.125
12-03-2019 05:00,0.122
12-03-2019 06:00,0.134
12-03-2019 07:00,0.168
12-03-2019 08:00,0.267
12-03-2019 09:00,0.362
12-03-2019 10:00,0.413
12-03-2019 11:00,0.454
12-03-2019 12:00,0.503
12-03-2019 13:00,0.538
12-03-2019 14:00,0.516
12-03-2019 15:00,0.481
12-03-2019 16:00,0.518
12-03-2019 17:00,0.542
12-03-2019 18:00,0.579
12-03-2019 19:00,0.594
12-03-2019 20:00,0.578
12-03-2019 21:00,0.539
12-03-2019 22:00,0.518
12-03-2019 23:00,0.568
13-03-2019 00:00,0.658
13-03-2019 01:00,0.718
13-03-2019 02:00,0.582
13-03-2019 03:00,0.47
13-03-2019 04:00,0.484
13-03-2019 05:00,0.515
13-03-2019 06:00,0.55
13-03-2019 07:00,0.631
13-03-2019 08:00,0.784
13-03-2019 09:00,0.839
13-03-2019 10:00,0.842
13-03-2019 11:00,0.849
13-03-2019 12:00,0.851
13-03-2019 13:00,0.846
13-03-2019 14:00,0.816
13-03-2019 15:00,0.714
13-03-2019 16:00,0.679
13-03-2019 17:00,0.652
13-03-2019 18:00,0.61
13-03-2019 19:00,0.568
13-03-2019 20:00,0.565
13-03-2019 21:00,0.58
13-03-2019 22:00,0.596
13-03-2019 23:00,0.596
14-03-2019 00:00,0.568
14-03-2019 01:00,0.529
14-03-2019 02:00,0.464
14-03-2019 03:00,0.46
14-03-2019 04:00,0.432
14-03-2019 05:00,0.432
14-03-2019 06:00,0.449
14-03-2019 07:00,0.538
14-03-2019 08:00,0.631
14-03-2019 09:00,0.712
14-03-2019 10:00,0.768
14-03-2019 11:00,0.797
14-03-2019 12:00,0.839
14-03-2019 13:00,0.857
14-03-2019 14:00,0.862
14-03-2019 15:00,0.846
14-03-2019 16:00,0.815
14-03-2019 17:00,0.795
14-03-2019 18:00,0.791
14-03-2019 19:00,0.737
14-03-2019 20:00,0.658
14-03-2019 21:00,0.623
14-03-2019 22:00,0.575
14-03-2019 23:00,0.51
15-03-2019 00:00,0.491
15-03-2019 01:00,0.485
15-03-2019 02:00,0.479
15-03-2019 03:00,0.414
15-03-2019 04:00,0.332
15-03-2019 05:00,0.341
15-03-2019 06:00,0.313
15-03-2019 07:00,0.345
15-03-2019 08:00,0.355
15-03-2019 09:00,0.386
15-03-2019 10:00,0.454
15-03-2019 11:00,0.55
15-03-2019 12:00,0.646
15-03-2019 13:00,0.702
15-03-2019 14:00,0.788
15-03-2019 15:00,0.804
15-03-2019 16:00,0.822
15-03-2019 17:00,0.831
15-03-2019 18:00,0.826
15-03-2019 19:00,0.801
15-03-2019 20:00,0.788
15-03-2019 21:00,0.766
15-03-2019 22:00,0.737
15-03-2019 23:00,0.651
16-03-2019 00:00,0.575
16-03-2019 01:00,0.464
16-03-2019 02:00,0.383
16-03-2019 03:00,0.308
16-03-2019 04:00,0.234
16-03-2019 05:00,0.208
16-03-2019 06:00,0.198
16-03-2019 07:00,0.231
16-03-2019 08:00,0.335
16-03-2019 09:00,0.656
16-03-2019 10:00,0.779
16-03-2019 11:00,0.806
16-03-2019 12:00,0.778
16-03-2019 13:00,0.758
16-03-2019 14:00,0.718
16-03-2019 15:00,0.679
16-03-2019 16:00,0.663
16-03-2019 17:00,0.647
16-03-2019 18:00,0.631
16-03-2019 19:00,0.591
16-03-2019 20:00,0.566
16-03-2019 21:00,0.549
16-03-2019 22:00,0.507
16-03-2019 23:00,0.491
17-03-2019 00:00,0.434
17-03-2019 01:00,0.432
17-03-2019 02:00,0.435
17-03-2019 03:00,0.468
17-03-2019 04:00,0.491
17-03-2019 05:00,0.52
17-03-2019 06:00,0.553
17-03-2019 07:00,0.672
17-03-2019 08:00,0.768
17-03-2019 09:00,0.744
17-03-2019 10:00,0.721
17-03-2019 11:00,0.666
17-03-2019 12:00,0.595
17-03-2019 13:00,0.523
17-03-2019 14:00,0.451
17-03-2019 15:00,0.337
17-03-2019 16:00,0.302
17-03-2019 17:00,0.316
17-03-2019 18:00,0.297
17-03-2019 19:00,0.302
17-03-2019 20:00,0.32
17-03-2019 21:00,0.32
17-03-2019 22:00,0.279
17-03-2019 23:00,0.251
18-03-2019 00:00,0.21
18-03-2019 01:00,0.227
18-03-2019 02:00,0.227
18-03-2019 03:00,0.266
18-03-2019 04:00,0.272
18-03-2019 05:00,0.328
18-03-2019 06:00,0.348
18-03-2019 07:00,0.425
18-03-2019 08:00,0.442
18-03-2019 09:00,0.438
18-03-2019 10:00,0.416
18-03-2019 11:00,0.382
18-03-2019 12:00,0.378
18-03-2019 13:00,0.381
18-03-2019 14:00,0.374
18-03-2019 15:00,0.325
18-03-2019 16:00,0.23
18-03-2019 17:00,0.21
18-03-2019 18:00,0.201
18-03-2019 19:00,0.181
18-03-2019 20:00,0.157
18-03-2019 21:00,0.154
18-03-2019 22:00,0.147
18-03-2019 23:00,0.134
19-03-2019 00:00,0.12
19-03-2019 01:00,0.105
19-03-2019 02:00,0.088
19-03-2019 03:00,0.074
19-03-2019 04:00,0.066
19-03-2019 05:00,0.055
19-03-2019 06:00,0.032
19-03-2019 07:00,0.039
19-03-2019 08:00,0.046
19-03-2019 09:00,0.042
19-03-2019 10:00,0.045
19-03-2019 11:00,0.05
19-03-2019 12:00,0.059
19-03-2019 13:00,0.071
19-03-2019 14:00,0.077
19-03-2019 15:00,0.071
19-03-2019 16:00,0.061
19-03-2019 17:00,0.053
19-03-2019 18:00,0.044
19-03-2019 19:00,0.033
19-03-2019 20:00,0.021
19-03-2019 21:00,0.013
19-03-2019 22:00,0.009
19-03-2019 23:00,0.012
20-03-2019 00:00,0.021
20-03-2019 01:00,0.029
20-03-2019 02:00,0.031
20-03-2019 03:00,0.034
20-03-2019 04:00,0.04
20-03-2019 05:00,0.047
20-03-2019 06:00,0.041
20-03-2019 07:00,0.021
20-03-2019 08:00,0.019
20-03-2019 09:00,0.015
20-03-2019 10:00,0.012
20-03-2019 11:00,0.011
20-03-2019 12:00,0.011
20-03-2019 13:00,0.011
20-03-2019 14:00,0.01
20-03-2019 15:00,0.009
20-03-2019 16:00,0.008
20-03-2019 17:00,0.009
20-03-2019 18:00,0.008
20-03-2019 19:00,0.004
20-03-2019 20:00,0.003
20-03-2019 21:00,0.006
20-03-2019 22:00,0.008
20-03-2019 23:00,0.008
21-03-2019 00:00,0.012
21-03-2019 01:00,0.021
21-03-2019 02:00,0.031
21-03-2019 03:00,0.035
21-03-2019 04:00,0.03
21-03-2019 05:00,0.03
21-03-2019 06:00,0.028
21-03-2019 07:00,0.013
21-03-2019 08:00,0.011
21-03-2019 09:00,0.012
21-03-2019 10:00,0.012
21-03-2019 11:00,0.013
21-03-2019 12:00,0.012
21-03-2019 13:00,0.012
21-03-2019 14:00,0.012
21-03-2019 15:00,0.015
21-03-2019 16:00,0.02
21-03-2019 17:00,0.028
21-03-2019 18:00,0.04
21-03-2019 19:00,0.055
21-03-2019 20:00,0.071
21-03-2019 21:00,0.088
21-03-2019 22:00,0.105
21-03-2019 23:00,0.122
22-03-2019 00:00,0.136
22-03-2019 01:00,0.143
22-03-2019 02:00,0.141
22-03-2019 03:00,0.133
22-03-2019 04:00,0.121
22-03-2019 05:00,0.119
22-03-2019 06:00,0.108
22-03-2019 07:00,0.06
22-03-2019 08:00,0.037
22-03-2019 09:00,0.07
22-03-2019 10:00,0.076
22-03-2019 11:00,0.074
22-03-2019 12:00,0.082
22-03-2019 13:00,0.093
22-03-2019 14:00,0.101
22-03-2019 15:00,0.101
22-03-2019 16:00,0.098
22-03-2019 17:00,0.103
22-03-2019 18:00,0.103
22-03-2019 19:00,0.104
22-03-2019 20:00,0.105
22-03-2019 21:00,0.106
22-03-2019 22:00,0.108
22-03-2019 23:00,0.108
23-03-2019 00:00,0.101
23-03-2019 01:00,0.089
23-03-2019 02:00,0.078
23-03-2019 03:00,0.08
23-03-2019 04:00,0.084
23-03-2019 05:00,0.072
23-03-2019 06:00,0.039
23-03-2019 07:00,0.01
23-03-2019 08:00,0.007
23-03-2019 09:00,0.014
23-03-2019 10:00,0.021
23-03-2019 11:00,0.031
23-03-2019 12:00,0.046
23-03-2019 13:00,0.071
23-03-2019 14:00,0.11
23-03-2019 15:00,0.169
23-03-2019 16:00,0.255
23-03-2019 17:00,0.343
23-03-2019 18:00,0.345
23-03-2019 19:00,0.331
23-03-2019 20:00,0.289
23-03-2019 21:00,0.256
23-03-2019 22:00,0.213
23-03-2019 23:00,0.167
24-03-2019 00:00,0.138
24-03-2019 01:00,0.117
24-03-2019 02:00,0.106
24-03-2019 03:00,0.103
24-03-2019 04:00,0.101
24-03-2019 05:00,0.095
24-03-2019 06:00,0.078
24-03-2019 07:00,0.064
24-03-2019 08:00,0.046
24-03-2019 09:00,0.027
24-03-2019 10:00,0.019
24-03-2019 11:00,0.025
24-03-2019 12:00,0.049
24-03-2019 13:00,0.087
24-03-2019 14:00,0.112
24-03-2019 15:00,0.114
24-03-2019 16:00,0.103
24-03-2019 17:00,0.109
24-03-2019 18:00,0.112
24-03-2019 19:00,0.129
24-03-2019 20:00,0.168
24-03-2019 21:00,0.185
24-03-2019 22:00,0.181
24-03-2019 23:00,0.185
25-03-2019 00:00,0.207
25-03-2019 01:00,0.223
25-03-2019 02:00,0.227
25-03-2019 03:00,0.249
25-03-2019 04:00,0.294
25-03-2019 05:00,0.328
25-03-2019 06:00,0.355
25-03-2019 07:00,0.391
25-03-2019 08:00,0.535
25-03-2019 09:00,0.568
25-03-2019 10:00,0.601
25-03-2019 11:00,0.637
25-03-2019 12:00,0.646
25-03-2019 13:00,0.613
25-03-2019 14:00,0.543
25-03-2019 15:00,0.439
25-03-2019 16:00,0.332
25-03-2019 17:00,0.292
25-03-2019 18:00,0.232
25-03-2019 19:00,0.249
25-03-2019 20:00,0.271
25-03-2019 21:00,0.27
25-03-2019 22:00,0.254
25-03-2019 23:00,0.223
26-03-2019 00:00,0.204
26-03-2019 01:00,0.184
26-03-2019 02:00,0.17
26-03-2019 03:00,0.143
26-03-2019 04:00,0.122
26-03-2019 05:00,0.113
26-03-2019 06:00,0.115
26-03-2019 07:00,0.144
26-03-2019 08:00,0.212
26-03-2019 09:00,0.238
26-03-2019 10:00,0.243
26-03-2019 11:00,0.28
26-03-2019 12:00,0.329
26-03-2019 13:00,0.369
26-03-2019 14:00,0.376
26-03-2019 15:00,0.356
26-03-2019 16:00,0.264
26-03-2019 17:00,0.219
26-03-2019 18:00,0.213
26-03-2019 19:00,0.218
26-03-2019 20:00,0.219
26-03-2019 21:00,0.23
26-03-2019 22:00,0.219
26-03-2019 23:00,0.208
27-03-2019 00:00,0.206
27-03-2019 01:00,0.182
27-03-2019 02:00,0.139
27-03-2019 03:00,0.101
27-03-2019 04:00,0.067
27-03-2019 05:00,0.037
27-03-2019 06:00,0.018
27-03-2019 07:00,0.016
27-03-2019 08:00,0.031
27-03-2019 09:00,0.043
27-03-2019 10:00,0.045
27-03-2019 11:00,0.044
27-03-2019 12:00,0.047
27-03-2019 13:00,0.051
27-03-2019 14:00,0.054
27-03-2019 15:00,0.056
27-03-2019 16:00,0.055
27-03-2019 17:00,0.06
27-03-2019 18:00,0.065
27-03-2019 19:00,0.064
27-03-2019 20:00,0.059
27-03-2019 21:00,0.056
27-03-2019 22:00,0.052
27-03-2019 23:00,0.047
28-03-2019 00:00,0.039
28-03-2019 01:00,0.032
28-03-2019 02:00,0.03
28-03-2019 03:00,0.034
28-03-2019 04:00,0.044
28-03-2019 05:00,0.057
28-03-2019 06:00,0.048
28-03-2019 07:00,0.049
28-03-2019 08:00,0.063
28-03-2019 09:00,0.063
28-03-2019 10:00,0.063
28-03-2019 11:00,0.064
28-03-2019 12:00,0.064
28-03-2019 13:00,0.068
28-03-2019 14:00,0.078
28-03-2019 15:00,0.089
28-03-2019 16:00,0.099
28-03-2019 17:00,0.133
28-03-2019 18:00,0.162
28-03-2019 19:00,0.178
28-03-2019 20:00,0.178
28-03-2019 21:00,0.171
28-03-2019 22:00,0.163
28-03-2019 23:00,0.153
29-03-2019 00:00,0.137
29-03-2019 01:00,0.125
29-03-2019 02:00,0.11
29-03-2019 03:00,0.099
29-03-2019 04:00,0.087
29-03-2019 05:00,0.066
29-03-2019 06:00,0.048
29-03-2019 07:00,0.053
29-03-2019 08:00,0.067
29-03-2019 09:00,0.058
29-03-2019 10:00,0.053
29-03-2019 11:00,0.052
29-03-2019 12:00,0.052
29-03-2019 13:00,0.045
29-03-2019 14:00,0.042
29-03-2019 15:00,0.051
29-03-2019 16:00,0.064
29-03-2019 17:00,0.073
29-03-2019 18:00,0.074
29-03-2019 19:00,0.072
29-03-2019 20:00,0.068
29-03-2019 21:00,0.076
29-03-2019 22:00,0.101
29-03-2019 23:00,0.125
30-03-2019 00:00,0.141
30-03-2019 01:00,0.153
30-03-2019 02:00,0.161
30-03-2019 03:00,0.16
30-03-2019 04:00,0.153
30-03-2019 05:00,0.151
30-03-2019 06:00,0.1
30-03-2019 07:00,0.051
30-03-2019 08:00,0.057
30-03-2019 09:00,0.055
30-03-2019 10:00,0.058
30-03-2019 11:00,0.074
30-03-2019 12:00,0.092
30-03-2019 13:00,0.108
30-03-2019 14:00,0.119
30-03-2019 15:00,0.122
30-03-2019 16:00,0.115
30-03-2019 17:00,0.118
30-03-2019 18:00,0.112
30-03-2019 19:00,0.1
30-03-2019 20:00,0.083
30-03-2019 21:00,0.067
30-03-2019 22:00,0.056
30-03-2019 23:00,0.05
31-03-2019 00:00,0.044
31-03-2019 01:00,0.036
31-03-2019 02:00,0.028
31-03-2019 03:00,0.021
31-03-2019 04:00,0.017
31-03-2019 05:00,0.019
31-03-2019 06:00,0.023
31-03-2019 07:00,0.021
31-03-2019 08:00,0.042
31-03-2019 09:00,0.06
31-03-2019 10:00,0.078
31-03-2019 11:00,0.101
31-03-2019 12:00,0.123
31-03-2019 13:00,0.146
31-03-2019 14:00,0.174
31-03-2019 15:00,0.207
31-03-2019 16:00,0.237
31-03-2019 17:00,0.287
31-03-2019 18:00,0.32
31-03-2019 19:00,0.307
31-03-2019 20:00,0.3
31-03-2019 21:00,0.278
31-03-2019 22:00,0.262
31-03-2019 23:00,0.256
01-04-2019 00:00,0.256
01-04-2019 01:00,0.259
01-04-2019 02:00,0.263
01-04-2019 03:00,0.272
01-04-2019 04:00,0.274
01-04-2019 05:00,0.245
01-04-2019 06:00,0.153
01-04-2019 07:00,0.203
01-04-2019 08:00,0.234
01-04-2019 09:00,0.193
01-04-2019 10:00,0.164
01-04-2019 11:00,0.143
01-04-2019 12:00,0.125
01-04-2019 13:00,0.113
01-04-2019 14:00,0.112
01-04-2019 15:00,0.126
01-04-2019 16:00,0.159
01-04-2019 17:00,0.259
01-04-2019 18:00,0.352
01-04-2019 19:00,0.389
01-04-2019 20:00,0.404
01-04-2019 21:00,0.401
01-04-2019 22:00,0.391
01-04-2019 23:00,0.381
02-04-2019 00:00,0.365
02-04-2019 01:00,0.342
02-04-2019 02:00,0.323
02-04-2019 03:00,0.294
02-04-2019 04:00,0.264
02-04-2019 05:00,0.231
02-04-2019 06:00,0.144
02-04-2019 07:00,0.126
02-04-2019 08:00,0.167
02-04-2019 09:00,0.193
02-04-2019 10:00,0.203
02-04-2019 11:00,0.205
02-04-2019 12:00,0.212
02-04-2019 13:00,0.212
02-04-2019 14:00,0.171
02-04-2019 15:00,0.139
02-04-2019 16:00,0.14
02-04-2019 17:00,0.117
02-04-2019 18:00,0.087
02-04-2019 19:00,0.084
02-04-2019 20:00,0.124
02-04-2019 21:00,0.215
02-04-2019 22:00,0.241
02-04-2019 23:00,0.178
03-04-2019 00:00,0.109
03-04-2019 01:00,0.094
03-04-2019 02:00,0.121
03-04-2019 03:00,0.161
03-04-2019 04:00,0.163
03-04-2019 05:00,0.153
03-04-2019 06:00,0.146
03-04-2019 07:00,0.139
03-04-2019 08:00,0.173
03-04-2019 09:00,0.195
03-04-2019 10:00,0.17
03-04-2019 11:00,0.134
03-04-2019 12:00,0.107
03-04-2019 13:00,0.083
03-04-2019 14:00,0.059
03-04-2019 15:00,0.043
03-04-2019 16:00,0.024
03-04-2019 17:00,0.013
03-04-2019 18:00,0.009
03-04-2019 19:00,0.017
03-04-2019 20:00,0.079
03-04-2019 21:00,0.222
03-04-2019 22:00,0.293
03-04-2019 23:00,0.226
04-04-2019 00:00,0.134
04-04-2019 01:00,0.08
04-04-2019 02:00,0.059
04-04-2019 03:00,0.046
04-04-2019 04:00,0.039
04-04-2019 05:00,0.041
04-04-2019 06:00,0.048
04-04-2019 07:00,0.072
04-04-2019 08:00,0.097
04-04-2019 09:00,0.1
04-04-2019 10:00,0.082
04-04-2019 11:00,0.046
04-04-2019 12:00,0.016
04-04-2019 13:00,0.005
04-04-2019 14:00,0.085
04-04-2019 15:00,0.136
04-04-2019 16:00,0.142
04-04-2019 17:00,0.158
04-04-2019 18:00,0.162
04-04-2019 19:00,0.157
04-04-2019 20:00,0.148
04-04-2019 21:00,0.151
04-04-2019 22:00,0.142
04-04-2019 23:00,0.122
05-04-2019 00:00,0.099
05-04-2019 01:00,0.082
05-04-2019 02:00,0.072
05-04-2019 03:00,0.059
05-04-2019 04:00,0.045
05-04-2019 05:00,0.034
05-04-2019 06:00,0.026
05-04-2019 07:00,0.024
05-04-2019 08:00,0.028
05-04-2019 09:00,0.031
05-04-2019 10:00,0.033
05-04-2019 11:00,0.037
05-04-2019 12:00,0.043
05-04-2019 13:00,0.054
05-04-2019 14:00,0.07
05-04-2019 15:00,0.08
05-04-2019 16:00,0.061
05-04-2019 17:00,0.044
05-04-2019 18:00,0.03
05-04-2019 19:00,0.02
05-04-2019 20:00,0.022
05-04-2019 21:00,0.033
05-04-2019 22:00,0.043
05-04-2019 23:00,0.047
06-04-2019 00:00,0.048
06-04-2019 01:00,0.058
06-04-2019 02:00,0.082
06-04-2019 03:00,0.101
06-04-2019 04:00,0.096
06-04-2019 05:00,0.08
06-04-2019 06:00,0.064
06-04-2019 07:00,0.076
06-04-2019 08:00,0.096
06-04-2019 09:00,0.159
06-04-2019 10:00,0.197
06-04-2019 11:00,0.204
06-04-2019 12:00,0.224
06-04-2019 13:00,0.252
06-04-2019 14:00,0.231
06-04-2019 15:00,0.187
06-04-2019 16:00,0.21
06-04-2019 17:00,0.278
06-04-2019 18:00,0.328
06-04-2019 19:00,0.329
06-04-2019 20:00,0.318
06-04-2019 21:00,0.3
06-04-2019 22:00,0.258
06-04-2019 23:00,0.24
07-04-2019 00:00,0.22
07-04-2019 01:00,0.198
07-04-2019 02:00,0.186
07-04-2019 03:00,0.191
07-04-2019 04:00,0.209
07-04-2019 05:00,0.215
07-04-2019 06:00,0.131
07-04-2019 07:00,0.157
07-04-2019 08:00,0.232
07-04-2019 09:00,0.236
07-04-2019 10:00,0.227
07-04-2019 11:00,0.211
07-04-2019 12:00,0.196
07-04-2019 13:00,0.181
07-04-2019 14:00,0.165
07-04-2019 15:00,0.146
07-04-2019 16:00,0.126
07-04-2019 17:00,0.144
07-04-2019 18:00,0.172
07-04-2019 19:00,0.179
07-04-2019 20:00,0.168
07-04-2019 21:00,0.152
07-04-2019 22:00,0.133
07-04-2019 23:00,0.107
08-04-2019 00:00,0.08
08-04-2019 01:00,0.06
08-04-2019 02:00,0.05
08-04-2019 03:00,0.038
08-04-2019 04:00,0.024
08-04-2019 05:00,0.015
08-04-2019 06:00,0.008
08-04-2019 07:00,0.015
08-04-2019 08:00,0.029
08-04-2019 09:00,0.03
08-04-2019 10:00,0.026
08-04-2019 11:00,0.018
08-04-2019 12:00,0.012
08-04-2019 13:00,0.011
08-04-2019 14:00,0.014
08-04-2019 15:00,0.014
08-04-2019 16:00,0.014
08-04-2019 17:00,0.013
08-04-2019 18:00,0.014
08-04-2019 19:00,0.016
08-04-2019 20:00,0.019
08-04-2019 21:00,0.027
08-04-2019 22:00,0.039
08-04-2019 23:00,0.058
09-04-2019 00:00,0.082
09-04-2019 01:00,0.101
09-04-2019 02:00,0.119
09-04-2019 03:00,0.137
09-04-2019 04:00,0.158
09-04-2019 05:00,0.155
09-04-2019 06:00,0.133
09-04-2019 07:00,0.137
09-04-2019 08:00,0.148
09-04-2019 09:00,0.152
09-04-2019 10:00,0.162
09-04-2019 11:00,0.179
09-04-2019 12:00,0.191
09-04-2019 13:00,0.2
09-04-2019 14:00,0.21
09-04-2019 15:00,0.234
09-04-2019 16:00,0.255
09-04-2019 17:00,0.296
09-04-2019 18:00,0.315
09-04-2019 19:00,0.294
09-04-2019 20:00,0.285
09-04-2019 21:00,0.28
09-04-2019 22:00,0.272
09-04-2019 23:00,0.27
10-04-2019 00:00,0.275
10-04-2019 01:00,0.29
10-04-2019 02:00,0.264
10-04-2019 03:00,0.253
10-04-2019 04:00,0.241
10-04-2019 05:00,0.228
10-04-2019 06:00,0.248
10-04-2019 07:00,0.295
10-04-2019 08:00,0.323
10-04-2019 09:00,0.317
10-04-2019 10:00,0.299
10-04-2019 11:00,0.282
10-04-2019 12:00,0.278
10-04-2019 13:00,0.287
10-04-2019 14:00,0.311
10-04-2019 15:00,0.342
10-04-2019 16:00,0.35
10-04-2019 17:00,0.328
10-04-2019 18:00,0.344
10-04-2019 19:00,0.352
10-04-2019 20:00,0.333
10-04-2019 21:00,0.313
10-04-2019 22:00,0.304
10-04-2019 23:00,0.298
11-04-2019 00:00,0.296
11-04-2019 01:00,0.297
11-04-2019 02:00,0.296
11-04-2019 03:00,0.292
11-04-2019 04:00,0.288
11-04-2019 05:00,0.227
11-04-2019 06:00,0.223
11-04-2019 07:00,0.377
11-04-2019 08:00,0.393
11-04-2019 09:00,0.364
11-04-2019 10:00,0.334
11-04-2019 11:00,0.315
11-04-2019 12:00,0.305
11-04-2019 13:00,0.294
11-04-2019 14:00,0.289
11-04-2019 15:00,0.294
11-04-2019 16:00,0.294
11-04-2019 17:00,0.293
11-04-2019 18:00,0.332
11-04-2019 19:00,0.345
11-04-2019 20:00,0.329
11-04-2019 21:00,0.304
11-04-2019 22:00,0.294
11-04-2019 23:00,0.265
12-04-2019 00:00,0.248
12-04-2019 01:00,0.243
12-04-2019 02:00,0.223
12-04-2019 03:00,0.217
12-04-2019 04:00,0.218
12-04-2019 05:00,0.177
12-04-2019 06:00,0.182
12-04-2019 07:00,0.188
12-04-2019 08:00,0.155
12-04-2019 09:00,0.133
12-04-2019 10:00,0.118
12-04-2019 11:00,0.108
12-04-2019 12:00,0.107
12-04-2019 13:00,0.114
12-04-2019 14:00,0.13
12-04-2019 15:00,0.151
12-04-2019 16:00,0.178
12-04-2019 17:00,0.201
12-04-2019 18:00,0.239
12-04-2019 19:00,0.252
12-04-2019 20:00,0.233
12-04-2019 21:00,0.215
12-04-2019 22:00,0.204
12-04-2019 23:00,0.191
13-04-2019 00:00,0.178
13-04-2019 01:00,0.17
13-04-2019 02:00,0.167
13-04-2019 03:00,0.168
13-04-2019 04:00,0.169
13-04-2019 05:00,0.141
13-04-2019 06:00,0.141
13-04-2019 07:00,0.13
13-04-2019 08:00,0.099
13-04-2019 09:00,0.068
13-04-2019 10:00,0.053
13-04-2019 11:00,0.046
13-04-2019 12:00,0.045
13-04-2019 13:00,0.05
13-04-2019 14:00,0.066
13-04-2019 15:00,0.09
13-04-2019 16:00,0.12
13-04-2019 17:00,0.159
13-04-2019 18:00,0.225
13-04-2019 19:00,0.274
13-04-2019 20:00,0.276
13-04-2019 21:00,0.281
13-04-2019 22:00,0.3
13-04-2019 23:00,0.263
14-04-2019 00:00,0.238
14-04-2019 01:00,0.221
14-04-2019 02:00,0.236
14-04-2019 03:00,0.279
14-04-2019 04:00,0.256
14-04-2019 05:00,0.192
14-04-2019 06:00,0.181
14-04-2019 07:00,0.305
14-04-2019 08:00,0.295
14-04-2019 09:00,0.273
14-04-2019 10:00,0.274
14-04-2019 11:00,0.289
14-04-2019 12:00,0.302
14-04-2019 13:00,0.303
14-04-2019 14:00,0.289
14-04-2019 15:00,0.276
14-04-2019 16:00,0.254
14-04-2019 17:00,0.186
14-04-2019 18:00,0.175
14-04-2019 19:00,0.185
14-04-2019 20:00,0.197
14-04-2019 21:00,0.199
14-04-2019 22:00,0.177
14-04-2019 23:00,0.159
15-04-2019 00:00,0.142
15-04-2019 01:00,0.133
15-04-2019 02:00,0.119
15-04-2019 03:00,0.104
15-04-2019 04:00,0.101
15-04-2019 05:00,0.113
15-04-2019 06:00,0.115
15-04-2019 07:00,0.115
15-04-2019 08:00,0.182
15-04-2019 09:00,0.251
15-04-2019 10:00,0.252
15-04-2019 11:00,0.23
15-04-2019 12:00,0.207
15-04-2019 13:00,0.198
15-04-2019 14:00,0.202
15-04-2019 15:00,0.218
15-04-2019 16:00,0.221
15-04-2019 17:00,0.283
15-04-2019 18:00,0.391
15-04-2019 19:00,0.416
15-04-2019 20:00,0.398
15-04-2019 21:00,0.373
15-04-2019 22:00,0.345
15-04-2019 23:00,0.323
16-04-2019 00:00,0.302
16-04-2019 01:00,0.291
16-04-2019 02:00,0.284
16-04-2019 03:00,0.274
16-04-2019 04:00,0.265
16-04-2019 05:00,0.215
16-04-2019 06:00,0.107
16-04-2019 07:00,0.12
16-04-2019 08:00,0.172
16-04-2019 09:00,0.176
16-04-2019 10:00,0.173
16-04-2019 11:00,0.163
16-04-2019 12:00,0.149
16-04-2019 13:00,0.133
16-04-2019 14:00,0.119
16-04-2019 15:00,0.114
16-04-2019 16:00,0.114
16-04-2019 17:00,0.153
16-04-2019 18:00,0.227
16-04-2019 19:00,0.294
16-04-2019 20:00,0.308
16-04-2019 21:00,0.296
16-04-2019 22:00,0.275
16-04-2019 23:00,0.261
17-04-2019 00:00,0.251
17-04-2019 01:00,0.234
17-04-2019 02:00,0.221
17-04-2019 03:00,0.199
17-04-2019 04:00,0.183
17-04-2019 05:00,0.147
17-04-2019 06:00,0.084
17-04-2019 07:00,0.078
17-04-2019 08:00,0.107
17-04-2019 09:00,0.114
17-04-2019 10:00,0.118
17-04-2019 11:00,0.115
17-04-2019 12:00,0.107
17-04-2019 13:00,0.098
17-04-2019 14:00,0.095
17-04-2019 15:00,0.106
17-04-2019 16:00,0.14
17-04-2019 17:00,0.259
17-04-2019 18:00,0.404
17-04-2019 19:00,0.462
17-04-2019 20:00,0.458
17-04-2019 21:00,0.442
17-04-2019 22:00,0.438
17-04-2019 23:00,0.392
18-04-2019 00:00,0.379
18-04-2019 01:00,0.355
18-04-2019 02:00,0.317
18-04-2019 03:00,0.279
18-04-2019 04:00,0.27
18-04-2019 05:00,0.231
18-04-2019 06:00,0.154
18-04-2019 07:00,0.189
18-04-2019 08:00,0.394
18-04-2019 09:00,0.444
18-04-2019 10:00,0.472
18-04-2019 11:00,0.473
18-04-2019 12:00,0.457
18-04-2019 13:00,0.436
18-04-2019 14:00,0.417
18-04-2019 15:00,0.395
18-04-2019 16:00,0.36
18-04-2019 17:00,0.381
18-04-2019 18:00,0.435
18-04-2019 19:00,0.457
18-04-2019 20:00,0.45
18-04-2019 21:00,0.432
18-04-2019 22:00,0.427
18-04-2019 23:00,0.42
19-04-2019 00:00,0.393
19-04-2019 01:00,0.392
19-04-2019 02:00,0.401
19-04-2019 03:00,0.398
19-04-2019 04:00,0.388
19-04-2019 05:00,0.319
19-04-2019 06:00,0.189
19-04-2019 07:00,0.205
19-04-2019 08:00,0.388
19-04-2019 09:00,0.382
19-04-2019 10:00,0.352
19-04-2019 11:00,0.311
19-04-2019 12:00,0.269
19-04-2019 13:00,0.233
19-04-2019 14:00,0.208
19-04-2019 15:00,0.186
19-04-2019 16:00,0.162
19-04-2019 17:00,0.209
19-04-2019 18:00,0.281
19-04-2019 19:00,0.326
19-04-2019 20:00,0.326
19-04-2019 21:00,0.323
19-04-2019 22:00,0.315
19-04-2019 23:00,0.304
20-04-2019 00:00,0.289
20-04-2019 01:00,0.272
20-04-2019 02:00,0.255
20-04-2019 03:00,0.223
20-04-2019 04:00,0.191
20-04-2019 05:00,0.149
20-04-2019 06:00,0.075
20-04-2019 07:00,0.04
20-04-2019 08:00,0.059
20-04-2019 09:00,0.08
20-04-2019 10:00,0.085
20-04-2019 11:00,0.084
20-04-2019 12:00,0.08
20-04-2019 13:00,0.074
20-04-2019 14:00,0.073
20-04-2019 15:00,0.085
20-04-2019 16:00,0.117
20-04-2019 17:00,0.206
20-04-2019 18:00,0.353
20-04-2019 19:00,0.45
20-04-2019 20:00,0.464
20-04-2019 21:00,0.431
20-04-2019 22:00,0.374
20-04-2019 23:00,0.325
21-04-2019 00:00,0.277
21-04-2019 01:00,0.248
21-04-2019 02:00,0.235
21-04-2019 03:00,0.231
21-04-2019 04:00,0.227
21-04-2019 05:00,0.194
21-04-2019 06:00,0.101
21-04-2019 07:00,0.065
21-04-2019 08:00,0.101
21-04-2019 09:00,0.088
21-04-2019 10:00,0.069
21-04-2019 11:00,0.056
21-04-2019 12:00,0.05
21-04-2019 13:00,0.049
21-04-2019 14:00,0.055
21-04-2019 15:00,0.067
21-04-2019 16:00,0.086
21-04-2019 17:00,0.136
21-04-2019 18:00,0.22
21-04-2019 19:00,0.289
21-04-2019 20:00,0.311
21-04-2019 21:00,0.314
21-04-2019 22:00,0.295
21-04-2019 23:00,0.284
22-04-2019 00:00,0.275
22-04-2019 01:00,0.269
22-04-2019 02:00,0.265
22-04-2019 03:00,0.261
22-04-2019 04:00,0.259
22-04-2019 05:00,0.219
22-04-2019 06:00,0.122
22-04-2019 07:00,0.092
22-04-2019 08:00,0.234
22-04-2019 09:00,0.3
22-04-2019 10:00,0.337
22-04-2019 11:00,0.364
22-04-2019 12:00,0.39
22-04-2019 13:00,0.414
22-04-2019 14:00,0.443
22-04-2019 15:00,0.466
22-04-2019 16:00,0.488
22-04-2019 17:00,0.537
22-04-2019 18:00,0.578
22-04-2019 19:00,0.544
22-04-2019 20:00,0.485
22-04-2019 21:00,0.469
22-04-2019 22:00,0.456
22-04-2019 23:00,0.452
23-04-2019 00:00,0.507
23-04-2019 01:00,0.56
23-04-2019 02:00,0.532
23-04-2019 03:00,0.501
23-04-2019 04:00,0.441
23-04-2019 05:00,0.337
23-04-2019 06:00,0.476
23-04-2019 07:00,0.524
23-04-2019 08:00,0.52
23-04-2019 09:00,0.501
23-04-2019 10:00,0.473
23-04-2019 11:00,0.442
23-04-2019 12:00,0.41
23-04-2019 13:00,0.375
23-04-2019 14:00,0.347
23-04-2019 15:00,0.319
23-04-2019 16:00,0.303
23-04-2019 17:00,0.382
23-04-2019 18:00,0.467
23-04-2019 19:00,0.465
23-04-2019 20:00,0.405
23-04-2019 21:00,0.36
23-04-2019 22:00,0.313
23-04-2019 23:00,0.28
24-04-2019 00:00,0.28
24-04-2019 01:00,0.288
24-04-2019 02:00,0.282
24-04-2019 03:00,0.278
24-04-2019 04:00,0.252
24-04-2019 05:00,0.192
24-04-2019 06:00,0.182
24-04-2019 07:00,0.186
24-04-2019 08:00,0.188
24-04-2019 09:00,0.187
24-04-2019 10:00,0.18
24-04-2019 11:00,0.159
24-04-2019 12:00,0.154
24-04-2019 13:00,0.167
24-04-2019 14:00,0.187
24-04-2019 15:00,0.192
24-04-2019 16:00,0.152
24-04-2019 17:00,0.167
24-04-2019 18:00,0.297
24-04-2019 19:00,0.567
24-04-2019 20:00,0.763
24-04-2019 21:00,0.466
24-04-2019 22:00,0.072
24-04-2019 23:00,0.046
25-04-2019 00:00,0.101
25-04-2019 01:00,0.162
25-04-2019 02:00,0.21
25-04-2019 03:00,0.238
25-04-2019 04:00,0.253
25-04-2019 05:00,0.192
25-04-2019 06:00,0.136
25-04-2019 07:00,0.205
25-04-2019 08:00,0.302
25-04-2019 09:00,0.421
25-04-2019 10:00,0.505
25-04-2019 11:00,0.535
25-04-2019 12:00,0.525
25-04-2019 13:00,0.5
25-04-2019 14:00,0.443
25-04-2019 15:00,0.317
25-04-2019 16:00,0.22
25-04-2019 17:00,0.256
25-04-2019 18:00,0.329
25-04-2019 19:00,0.333
25-04-2019 20:00,0.259
25-04-2019 21:00,0.158
25-04-2019 22:00,0.119
25-04-2019 23:00,0.136
26-04-2019 00:00,0.163
26-04-2019 01:00,0.169
26-04-2019 02:00,0.158
26-04-2019 03:00,0.122
26-04-2019 04:00,0.093
26-04-2019 05:00,0.101
26-04-2019 06:00,0.133
26-04-2019 07:00,0.136
26-04-2019 08:00,0.124
26-04-2019 09:00,0.132
26-04-2019 10:00,0.163
26-04-2019 11:00,0.189
26-04-2019 12:00,0.192
26-04-2019 13:00,0.194
26-04-2019 14:00,0.2
26-04-2019 15:00,0.192
26-04-2019 16:00,0.146
26-04-2019 17:00,0.11
26-04-2019 18:00,0.107
26-04-2019 19:00,0.121
26-04-2019 20:00,0.133
26-04-2019 21:00,0.129
26-04-2019 22:00,0.118
26-04-2019 23:00,0.127
27-04-2019 00:00,0.137
27-04-2019 01:00,0.137
27-04-2019 02:00,0.128
27-04-2019 03:00,0.141
27-04-2019 04:00,0.14
27-04-2019 05:00,0.096
27-04-2019 06:00,0.098
27-04-2019 07:00,0.189
27-04-2019 08:00,0.265
27-04-2019 09:00,0.321
27-04-2019 10:00,0.38
27-04-2019 11:00,0.42
27-04-2019 12:00,0.413
27-04-2019 13:00,0.385
27-04-2019 14:00,0.367
27-04-2019 15:00,0.327
27-04-2019 16:00,0.213
27-04-2019 17:00,0.145
27-04-2019 18:00,0.197
27-04-2019 19:00,0.238
27-04-2019 20:00,0.223
27-04-2019 21:00,0.201
27-04-2019 22:00,0.188
27-04-2019 23:00,0.185
28-04-2019 00:00,0.164
28-04-2019 01:00,0.144
28-04-2019 02:00,0.123
28-04-2019 03:00,0.112
28-04-2019 04:00,0.105
28-04-2019 05:00,0.111
28-04-2019 06:00,0.104
28-04-2019 07:00,0.099
28-04-2019 08:00,0.099
28-04-2019 09:00,0.085
28-04-2019 10:00,0.062
28-04-2019 11:00,0.038
28-04-2019 12:00,0.021
28-04-2019 13:00,0.013
28-04-2019 14:00,0.01
28-04-2019 15:00,0.009
28-04-2019 16:00,0.007
28-04-2019 17:00,0.008
28-04-2019 18:00,0.013
28-04-2019 19:00,0.02
28-04-2019 20:00,0.03
28-04-2019 21:00,0.047
28-04-2019 22:00,0.072
28-04-2019 23:00,0.094
29-04-2019 00:00,0.112
29-04-2019 01:00,0.126
29-04-2019 02:00,0.138
29-04-2019 03:00,0.138
29-04-2019 04:00,0.128
29-04-2019 05:00,0.097
29-04-2019 06:00,0.063
29-04-2019 07:00,0.112
29-04-2019 08:00,0.223
29-04-2019 09:00,0.286
29-04-2019 10:00,0.294
29-04-2019 11:00,0.298
29-04-2019 12:00,0.334
29-04-2019 13:00,0.371
29-04-2019 14:00,0.386
29-04-2019 15:00,0.394
29-04-2019 16:00,0.329
29-04-2019 17:00,0.279
29-04-2019 18:00,0.338
29-04-2019 19:00,0.348
29-04-2019 20:00,0.271
29-04-2019 21:00,0.241
29-04-2019 22:00,0.243
29-04-2019 23:00,0.279
30-04-2019 00:00,0.254
30-04-2019 01:00,0.22
30-04-2019 02:00,0.199
30-04-2019 03:00,0.197
30-04-2019 04:00,0.204
30-04-2019 05:00,0.193
30-04-2019 06:00,0.186
30-04-2019 07:00,0.22
30-04-2019 08:00,0.252
30-04-2019 09:00,0.258
30-04-2019 10:00,0.258
30-04-2019 11:00,0.256
30-04-2019 12:00,0.249
30-04-2019 13:00,0.238
30-04-2019 14:00,0.228
30-04-2019 15:00,0.222
30-04-2019 16:00,0.207
30-04-2019 17:00,0.172
30-04-2019 18:00,0.176
30-04-2019 19:00,0.172
30-04-2019 20:00,0.167
30-04-2019 21:00,0.173
30-04-2019 22:00,0.183
30-04-2019 23:00,0.188
01-05-2019 00:00,0.183
01-05-2019 01:00,0.164
01-05-2019 02:00,0.121
01-05-2019 03:00,0.073
01-05-2019 04:00,0.041
01-05-2019 05:00,0.018
01-05-2019 06:00,0.012
01-05-2019 07:00,0.021
01-05-2019 08:00,0.048
01-05-2019 09:00,0.061
01-05-2019 10:00,0.055
01-05-2019 11:00,0.044
01-05-2019 12:00,0.041
01-05-2019 13:00,0.046
01-05-2019 14:00,0.055
01-05-2019 15:00,0.062
01-05-2019 16:00,0.062
01-05-2019 17:00,0.066
01-05-2019 18:00,0.073
01-05-2019 19:00,0.076
01-05-2019 20:00,0.077
01-05-2019 21:00,0.077
01-05-2019 22:00,0.076
01-05-2019 23:00,0.073
02-05-2019 00:00,0.079
02-05-2019 01:00,0.093
02-05-2019 02:00,0.108
02-05-2019 03:00,0.112
02-05-2019 04:00,0.106
02-05-2019 05:00,0.058
02-05-2019 06:00,0.062
02-05-2019 07:00,0.083
02-05-2019 08:00,0.102
02-05-2019 09:00,0.14
02-05-2019 10:00,0.178
02-05-2019 11:00,0.204
02-05-2019 12:00,0.215
02-05-2019 13:00,0.21
02-05-2019 14:00,0.196
02-05-2019 15:00,0.188
02-05-2019 16:00,0.185
02-05-2019 17:00,0.178
02-05-2019 18:00,0.213
02-05-2019 19:00,0.249
02-05-2019 20:00,0.279
02-05-2019 21:00,0.262
02-05-2019 22:00,0.197
02-05-2019 23:00,0.168
03-05-2019 00:00,0.172
03-05-2019 01:00,0.139
03-05-2019 02:00,0.118
03-05-2019 03:00,0.116
03-05-2019 04:00,0.12
03-05-2019 05:00,0.137
03-05-2019 06:00,0.143
03-05-2019 07:00,0.151
03-05-2019 08:00,0.158
03-05-2019 09:00,0.173
03-05-2019 10:00,0.192
03-05-2019 11:00,0.214
03-05-2019 12:00,0.238
03-05-2019 13:00,0.26
03-05-2019 14:00,0.269
03-05-2019 15:00,0.259
03-05-2019 16:00,0.231
03-05-2019 17:00,0.173
03-05-2019 18:00,0.128
03-05-2019 19:00,0.096
03-05-2019 20:00,0.07
03-05-2019 21:00,0.069
03-05-2019 22:00,0.093
03-05-2019 23:00,0.121
04-05-2019 00:00,0.135
04-05-2019 01:00,0.118
04-05-2019 02:00,0.092
04-05-2019 03:00,0.063
04-05-2019 04:00,0.068
04-05-2019 05:00,0.096
04-05-2019 06:00,0.167
04-05-2019 07:00,0.24
04-05-2019 08:00,0.24
04-05-2019 09:00,0.198
04-05-2019 10:00,0.15
04-05-2019 11:00,0.126
04-05-2019 12:00,0.127
04-05-2019 13:00,0.137
04-05-2019 14:00,0.149
04-05-2019 15:00,0.154
04-05-2019 16:00,0.145
04-05-2019 17:00,0.128
04-05-2019 18:00,0.155
04-05-2019 19:00,0.182
04-05-2019 20:00,0.179
04-05-2019 21:00,0.182
04-05-2019 22:00,0.2
04-05-2019 23:00,0.197
05-05-2019 00:00,0.153
05-05-2019 01:00,0.126
05-05-2019 02:00,0.092
05-05-2019 03:00,0.078
05-05-2019 04:00,0.075
05-05-2019 05:00,0.09
05-05-2019 06:00,0.118
05-05-2019 07:00,0.129
05-05-2019 08:00,0.117
05-05-2019 09:00,0.104
05-05-2019 10:00,0.094
05-05-2019 11:00,0.087
05-05-2019 12:00,0.089
05-05-2019 13:00,0.101
05-05-2019 14:00,0.123
05-05-2019 15:00,0.147
05-05-2019 16:00,0.16
05-05-2019 17:00,0.145
05-05-2019 18:00,0.159
05-05-2019 19:00,0.177
05-05-2019 20:00,0.177
05-05-2019 21:00,0.175
05-05-2019 22:00,0.18
05-05-2019 23:00,0.175
06-05-2019 00:00,0.175
06-05-2019 01:00,0.171
06-05-2019 02:00,0.154
06-05-2019 03:00,0.122
06-05-2019 04:00,0.09
06-05-2019 05:00,0.039
06-05-2019 06:00,0.053
06-05-2019 07:00,0.076
06-05-2019 08:00,0.093
06-05-2019 09:00,0.106
06-05-2019 10:00,0.112
06-05-2019 11:00,0.12
06-05-2019 12:00,0.138
06-05-2019 13:00,0.152
06-05-2019 14:00,0.16
06-05-2019 15:00,0.17
06-05-2019 16:00,0.175
06-05-2019 17:00,0.148
06-05-2019 18:00,0.133
06-05-2019 19:00,0.127
06-05-2019 20:00,0.136
06-05-2019 21:00,0.156
06-05-2019 22:00,0.169
06-05-2019 23:00,0.169
07-05-2019 00:00,0.147
07-05-2019 01:00,0.116
07-05-2019 02:00,0.083
07-05-2019 03:00,0.053
07-05-2019 04:00,0.028
07-05-2019 05:00,0.013
07-05-2019 06:00,0.016
07-05-2019 07:00,0.023
07-05-2019 08:00,0.026
07-05-2019 09:00,0.034
07-05-2019 10:00,0.043
07-05-2019 11:00,0.055
07-05-2019 12:00,0.063
07-05-2019 13:00,0.059
07-05-2019 14:00,0.05
07-05-2019 15:00,0.038
07-05-2019 16:00,0.025
07-05-2019 17:00,0.009
07-05-2019 18:00,0.002
07-05-2019 19:00,0.019
07-05-2019 20:00,0.088
07-05-2019 21:00,0.179
07-05-2019 22:00,0.237
07-05-2019 23:00,0.257
08-05-2019 00:00,0.248
08-05-2019 01:00,0.262
08-05-2019 02:00,0.256
08-05-2019 03:00,0.237
08-05-2019 04:00,0.213
08-05-2019 05:00,0.168
08-05-2019 06:00,0.16
08-05-2019 07:00,0.207
08-05-2019 08:00,0.219
08-05-2019 09:00,0.266
08-05-2019 10:00,0.314
08-05-2019 11:00,0.358
08-05-2019 12:00,0.395
08-05-2019 13:00,0.41
08-05-2019 14:00,0.395
08-05-2019 15:00,0.398
08-05-2019 16:00,0.388
08-05-2019 17:00,0.415
08-05-2019 18:00,0.398
08-05-2019 19:00,0.368
08-05-2019 20:00,0.382
08-05-2019 21:00,0.417
08-05-2019 22:00,0.382
08-05-2019 23:00,0.305
09-05-2019 00:00,0.296
09-05-2019 01:00,0.281
09-05-2019 02:00,0.27
09-05-2019 03:00,0.253
09-05-2019 04:00,0.181
09-05-2019 05:00,0.17
09-05-2019 06:00,0.179
09-05-2019 07:00,0.17
09-05-2019 08:00,0.17
09-05-2019 09:00,0.199
09-05-2019 10:00,0.266
09-05-2019 11:00,0.328
09-05-2019 12:00,0.364
09-05-2019 13:00,0.324
09-05-2019 14:00,0.239
09-05-2019 15:00,0.16
09-05-2019 16:00,0.103
09-05-2019 17:00,0.101
09-05-2019 18:00,0.161
09-05-2019 19:00,0.219
09-05-2019 20:00,0.246
09-05-2019 21:00,0.242
09-05-2019 22:00,0.219
09-05-2019 23:00,0.191
10-05-2019 00:00,0.156
10-05-2019 01:00,0.133
10-05-2019 02:00,0.161
10-05-2019 03:00,0.178
10-05-2019 04:00,0.159
10-05-2019 05:00,0.179
10-05-2019 06:00,0.272
10-05-2019 07:00,0.353
10-05-2019 08:00,0.389
10-05-2019 09:00,0.376
10-05-2019 10:00,0.344
10-05-2019 11:00,0.313
10-05-2019 12:00,0.288
10-05-2019 13:00,0.249
10-05-2019 14:00,0.196
10-05-2019 15:00,0.153
10-05-2019 16:00,0.115
10-05-2019 17:00,0.072
10-05-2019 18:00,0.036
10-05-2019 19:00,0.014
10-05-2019 20:00,0.007
10-05-2019 21:00,0.026
10-05-2019 22:00,0.062
10-05-2019 23:00,0.1
11-05-2019 00:00,0.117
11-05-2019 01:00,0.12
11-05-2019 02:00,0.11
11-05-2019 03:00,0.118
11-05-2019 04:00,0.158
11-05-2019 05:00,0.184
11-05-2019 06:00,0.203
11-05-2019 07:00,0.179
11-05-2019 08:00,0.133
11-05-2019 09:00,0.089
11-05-2019 10:00,0.117
11-05-2019 11:00,0.167
11-05-2019 12:00,0.211
11-05-2019 13:00,0.276
11-05-2019 14:00,0.352
11-05-2019 15:00,0.428
11-05-2019 16:00,0.472
11-05-2019 17:00,0.436
11-05-2019 18:00,0.404
11-05-2019 19:00,0.381
11-05-2019 20:00,0.341
11-05-2019 21:00,0.295
11-05-2019 22:00,0.259
11-05-2019 23:00,0.255
12-05-2019 00:00,0.265
12-05-2019 01:00,0.262
12-05-2019 02:00,0.208
12-05-2019 03:00,0.239
12-05-2019 04:00,0.26
12-05-2019 05:00,0.264
12-05-2019 06:00,0.279
12-05-2019 07:00,0.294
12-05-2019 08:00,0.3
12-05-2019 09:00,0.305
12-05-2019 10:00,0.321
12-05-2019 11:00,0.331
12-05-2019 12:00,0.313
12-05-2019 13:00,0.3
12-05-2019 14:00,0.307
12-05-2019 15:00,0.32
12-05-2019 16:00,0.333
12-05-2019 17:00,0.323
12-05-2019 18:00,0.305
12-05-2019 19:00,0.332
12-05-2019 20:00,0.321
12-05-2019 21:00,0.329
12-05-2019 22:00,0.322
12-05-2019 23:00,0.32
13-05-2019 00:00,0.32
13-05-2019 01:00,0.294
13-05-2019 02:00,0.271
13-05-2019 03:00,0.254
13-05-2019 04:00,0.196
13-05-2019 05:00,0.138
13-05-2019 06:00,0.194
13-05-2019 07:00,0.179
13-05-2019 08:00,0.177
13-05-2019 09:00,0.205
13-05-2019 10:00,0.241
13-05-2019 11:00,0.278
13-05-2019 12:00,0.32
13-05-2019 13:00,0.345
13-05-2019 14:00,0.346
13-05-2019 15:00,0.332
13-05-2019 16:00,0.304
13-05-2019 17:00,0.238
13-05-2019 18:00,0.211
13-05-2019 19:00,0.231
13-05-2019 20:00,0.255
13-05-2019 21:00,0.286
13-05-2019 22:00,0.317
13-05-2019 23:00,0.343
14-05-2019 00:00,0.339
14-05-2019 01:00,0.313
14-05-2019 02:00,0.284
14-05-2019 03:00,0.278
14-05-2019 04:00,0.227
14-05-2019 05:00,0.156
14-05-2019 06:00,0.217
14-05-2019 07:00,0.278
14-05-2019 08:00,0.294
14-05-2019 09:00,0.296
14-05-2019 10:00,0.305
14-05-2019 11:00,0.325
14-05-2019 12:00,0.356
14-05-2019 13:00,0.376
14-05-2019 14:00,0.379
14-05-2019 15:00,0.386
14-05-2019 16:00,0.377
14-05-2019 17:00,0.317
14-05-2019 18:00,0.259
14-05-2019 19:00,0.233
14-05-2019 20:00,0.226
14-05-2019 21:00,0.229
14-05-2019 22:00,0.264
14-05-2019 23:00,0.293
15-05-2019 00:00,0.291
15-05-2019 01:00,0.27
15-05-2019 02:00,0.251
15-05-2019 03:00,0.255
15-05-2019 04:00,0.228
15-05-2019 05:00,0.169
15-05-2019 06:00,0.264
15-05-2019 07:00,0.31
15-05-2019 08:00,0.323
15-05-2019 09:00,0.32
15-05-2019 10:00,0.311
15-05-2019 11:00,0.304
15-05-2019 12:00,0.289
15-05-2019 13:00,0.272
15-05-2019 14:00,0.252
15-05-2019 15:00,0.244
15-05-2019 16:00,0.231
15-05-2019 17:00,0.185
15-05-2019 18:00,0.155
15-05-2019 19:00,0.157
15-05-2019 20:00,0.148
15-05-2019 21:00,0.143
15-05-2019 22:00,0.14
15-05-2019 23:00,0.137
16-05-2019 00:00,0.137
16-05-2019 01:00,0.141
16-05-2019 02:00,0.153
16-05-2019 03:00,0.154
16-05-2019 04:00,0.128
16-05-2019 05:00,0.103
16-05-2019 06:00,0.116
16-05-2019 07:00,0.114
16-05-2019 08:00,0.112
16-05-2019 09:00,0.111
16-05-2019 10:00,0.108
16-05-2019 11:00,0.109
16-05-2019 12:00,0.111
16-05-2019 13:00,0.103
16-05-2019 14:00,0.089
16-05-2019 15:00,0.071
16-05-2019 16:00,0.054
16-05-2019 17:00,0.043
16-05-2019 18:00,0.039
16-05-2019 19:00,0.054
16-05-2019 20:00,0.072
16-05-2019 21:00,0.089
16-05-2019 22:00,0.105
16-05-2019 23:00,0.112
17-05-2019 00:00,0.117
17-05-2019 01:00,0.125
17-05-2019 02:00,0.136
17-05-2019 03:00,0.138
17-05-2019 04:00,0.125
17-05-2019 05:00,0.114
17-05-2019 06:00,0.132
17-05-2019 07:00,0.159
17-05-2019 08:00,0.172
17-05-2019 09:00,0.162
17-05-2019 10:00,0.149
17-05-2019 11:00,0.137
17-05-2019 12:00,0.126
17-05-2019 13:00,0.119
17-05-2019 14:00,0.119
17-05-2019 15:00,0.124
17-05-2019 16:00,0.115
17-05-2019 17:00,0.112
17-05-2019 18:00,0.183
17-05-2019 19:00,0.281
17-05-2019 20:00,0.311
17-05-2019 21:00,0.284
17-05-2019 22:00,0.249
17-05-2019 23:00,0.227
18-05-2019 00:00,0.2
18-05-2019 01:00,0.168
18-05-2019 02:00,0.138
18-05-2019 03:00,0.119
18-05-2019 04:00,0.099
18-05-2019 05:00,0.054
18-05-2019 06:00,0.034
18-05-2019 07:00,0.051
18-05-2019 08:00,0.048
18-05-2019 09:00,0.04
18-05-2019 10:00,0.03
18-05-2019 11:00,0.021
18-05-2019 12:00,0.014
18-05-2019 13:00,0.009
18-05-2019 14:00,0.007
18-05-2019 15:00,0.009
18-05-2019 16:00,0.013
18-05-2019 17:00,0.019
18-05-2019 18:00,0.027
18-05-2019 19:00,0.047
18-05-2019 20:00,0.074
18-05-2019 21:00,0.09
18-05-2019 22:00,0.093
18-05-2019 23:00,0.093
19-05-2019 00:00,0.095
19-05-2019 01:00,0.101
19-05-2019 02:00,0.108
19-05-2019 03:00,0.114
19-05-2019 04:00,0.108
19-05-2019 05:00,0.057
19-05-2019 06:00,0.038
19-05-2019 07:00,0.071
19-05-2019 08:00,0.059
19-05-2019 09:00,0.037
19-05-2019 10:00,0.021
19-05-2019 11:00,0.01
19-05-2019 12:00,0.004
19-05-2019 13:00,0.004
19-05-2019 14:00,0.01
19-05-2019 15:00,0.024
19-05-2019 16:00,0.044
19-05-2019 17:00,0.065
19-05-2019 18:00,0.103
19-05-2019 19:00,0.137
19-05-2019 20:00,0.156
19-05-2019 21:00,0.159
19-05-2019 22:00,0.161
19-05-2019 23:00,0.162
20-05-2019 00:00,0.167
20-05-2019 01:00,0.181
20-05-2019 02:00,0.202
20-05-2019 03:00,0.204
20-05-2019 04:00,0.167
20-05-2019 05:00,0.133
20-05-2019 06:00,0.118
20-05-2019 07:00,0.142
20-05-2019 08:00,0.178
20-05-2019 09:00,0.201
20-05-2019 10:00,0.194
20-05-2019 11:00,0.179
20-05-2019 12:00,0.179
20-05-2019 13:00,0.2
20-05-2019 14:00,0.241
20-05-2019 15:00,0.294
20-05-2019 16:00,0.345
20-05-2019 17:00,0.414
20-05-2019 18:00,0.509
20-05-2019 19:00,0.607
20-05-2019 20:00,0.654
20-05-2019 21:00,0.647
20-05-2019 22:00,0.613
20-05-2019 23:00,0.552
21-05-2019 00:00,0.542
21-05-2019 01:00,0.544
21-05-2019 02:00,0.58
21-05-2019 03:00,0.532
21-05-2019 04:00,0.47
21-05-2019 05:00,0.39
21-05-2019 06:00,0.346
21-05-2019 07:00,0.311
21-05-2019 08:00,0.301
21-05-2019 09:00,0.302
21-05-2019 10:00,0.294
21-05-2019 11:00,0.294
21-05-2019 12:00,0.309
21-05-2019 13:00,0.343
21-05-2019 14:00,0.367
21-05-2019 15:00,0.391
21-05-2019 16:00,0.387
21-05-2019 17:00,0.349
21-05-2019 18:00,0.341
21-05-2019 19:00,0.328
21-05-2019 20:00,0.294
21-05-2019 21:00,0.286
21-05-2019 22:00,0.276
21-05-2019 23:00,0.296
22-05-2019 00:00,0.305
22-05-2019 01:00,0.264
22-05-2019 02:00,0.261
22-05-2019 03:00,0.241
22-05-2019 04:00,0.192
22-05-2019 05:00,0.207
22-05-2019 06:00,0.245
22-05-2019 07:00,0.258
22-05-2019 08:00,0.251
22-05-2019 09:00,0.238
22-05-2019 10:00,0.229
22-05-2019 11:00,0.219
22-05-2019 12:00,0.204
22-05-2019 13:00,0.192
22-05-2019 14:00,0.18
22-05-2019 15:00,0.185
22-05-2019 16:00,0.179
22-05-2019 17:00,0.144
22-05-2019 18:00,0.138
22-05-2019 19:00,0.132
22-05-2019 20:00,0.108
22-05-2019 21:00,0.085
22-05-2019 22:00,0.063
22-05-2019 23:00,0.041
23-05-2019 00:00,0.027
23-05-2019 01:00,0.019
23-05-2019 02:00,0.015
23-05-2019 03:00,0.015
23-05-2019 04:00,0.022
23-05-2019 05:00,0.018
23-05-2019 06:00,0.02
23-05-2019 07:00,0.025
23-05-2019 08:00,0.025
23-05-2019 09:00,0.02
23-05-2019 10:00,0.017
23-05-2019 11:00,0.016
23-05-2019 12:00,0.017
23-05-2019 13:00,0.018
23-05-2019 14:00,0.019
23-05-2019 15:00,0.018
23-05-2019 16:00,0.017
23-05-2019 17:00,0.015
23-05-2019 18:00,0.01
23-05-2019 19:00,0.005
23-05-2019 20:00,0.004
23-05-2019 21:00,0.006
23-05-2019 22:00,0.012
23-05-2019 23:00,0.022
24-05-2019 00:00,0.033
24-05-2019 01:00,0.042
24-05-2019 02:00,0.047
24-05-2019 03:00,0.045
24-05-2019 04:00,0.037
24-05-2019 05:00,0.017
24-05-2019 06:00,0.008
24-05-2019 07:00,0.008
24-05-2019 08:00,0.007
24-05-2019 09:00,0.006
24-05-2019 10:00,0.007
24-05-2019 11:00,0.009
24-05-2019 12:00,0.015
24-05-2019 13:00,0.024
24-05-2019 14:00,0.036
24-05-2019 15:00,0.046
24-05-2019 16:00,0.051
24-05-2019 17:00,0.045
24-05-2019 18:00,0.038
24-05-2019 19:00,0.032
24-05-2019 20:00,0.028
24-05-2019 21:00,0.031
24-05-2019 22:00,0.041
24-05-2019 23:00,0.051
25-05-2019 00:00,0.063
25-05-2019 01:00,0.074
25-05-2019 02:00,0.085
25-05-2019 03:00,0.096
25-05-2019 04:00,0.085
25-05-2019 05:00,0.05
25-05-2019 06:00,0.044
25-05-2019 07:00,0.043
25-05-2019 08:00,0.036
25-05-2019 09:00,0.039
25-05-2019 10:00,0.054
25-05-2019 11:00,0.065
25-05-2019 12:00,0.069
25-05-2019 13:00,0.068
25-05-2019 14:00,0.068
25-05-2019 15:00,0.068
25-05-2019 16:00,0.071
25-05-2019 17:00,0.087
25-05-2019 18:00,0.132
25-05-2019 19:00,0.192
25-05-2019 20:00,0.203
25-05-2019 21:00,0.172
25-05-2019 22:00,0.132
25-05-2019 23:00,0.099
26-05-2019 00:00,0.068
26-05-2019 01:00,0.042
26-05-2019 02:00,0.027
26-05-2019 03:00,0.026
26-05-2019 04:00,0.037
26-05-2019 05:00,0.028
26-05-2019 06:00,0.039
26-05-2019 07:00,0.079
26-05-2019 08:00,0.12
26-05-2019 09:00,0.154
26-05-2019 10:00,0.178
26-05-2019 11:00,0.191
26-05-2019 12:00,0.193
26-05-2019 13:00,0.19
26-05-2019 14:00,0.186
26-05-2019 15:00,0.181
26-05-2019 16:00,0.167
26-05-2019 17:00,0.145
26-05-2019 18:00,0.164
26-05-2019 19:00,0.204
26-05-2019 20:00,0.245
26-05-2019 21:00,0.262
26-05-2019 22:00,0.27
26-05-2019 23:00,0.258
27-05-2019 00:00,0.217
27-05-2019 01:00,0.185
27-05-2019 02:00,0.179
27-05-2019 03:00,0.192
27-05-2019 04:00,0.159
27-05-2019 05:00,0.129
27-05-2019 06:00,0.203
27-05-2019 07:00,0.241
27-05-2019 08:00,0.249
27-05-2019 09:00,0.233
27-05-2019 10:00,0.208
27-05-2019 11:00,0.176
27-05-2019 12:00,0.141
27-05-2019 13:00,0.119
27-05-2019 14:00,0.101
27-05-2019 15:00,0.08
27-05-2019 16:00,0.064
27-05-2019 17:00,0.055
27-05-2019 18:00,0.061
27-05-2019 19:00,0.084
27-05-2019 20:00,0.096
27-05-2019 21:00,0.093
27-05-2019 22:00,0.082
27-05-2019 23:00,0.069
28-05-2019 00:00,0.068
28-05-2019 01:00,0.084
28-05-2019 02:00,0.108
28-05-2019 03:00,0.123
28-05-2019 04:00,0.109
28-05-2019 05:00,0.071
28-05-2019 06:00,0.037
28-05-2019 07:00,0.03
28-05-2019 08:00,0.017
28-05-2019 09:00,0.008
28-05-2019 10:00,0.015
28-05-2019 11:00,0.037
28-05-2019 12:00,0.057
28-05-2019 13:00,0.067
28-05-2019 14:00,0.063
28-05-2019 15:00,0.058
28-05-2019 16:00,0.054
28-05-2019 17:00,0.056
28-05-2019 18:00,0.068
28-05-2019 19:00,0.087
28-05-2019 20:00,0.107
28-05-2019 21:00,0.13
28-05-2019 22:00,0.142
28-05-2019 23:00,0.147
29-05-2019 00:00,0.168
29-05-2019 01:00,0.205
29-05-2019 02:00,0.203
29-05-2019 03:00,0.192
29-05-2019 04:00,0.178
29-05-2019 05:00,0.186
29-05-2019 06:00,0.182
29-05-2019 07:00,0.164
29-05-2019 08:00,0.142
29-05-2019 09:00,0.125
29-05-2019 10:00,0.108
29-05-2019 11:00,0.09
29-05-2019 12:00,0.077
29-05-2019 13:00,0.066
29-05-2019 14:00,0.054
29-05-2019 15:00,0.042
29-05-2019 16:00,0.031
29-05-2019 17:00,0.025
29-05-2019 18:00,0.029
29-05-2019 19:00,0.042
29-05-2019 20:00,0.059
29-05-2019 21:00,0.081
29-05-2019 22:00,0.112
29-05-2019 23:00,0.147
30-05-2019 00:00,0.176
30-05-2019 01:00,0.189
30-05-2019 02:00,0.184
30-05-2019 03:00,0.177
30-05-2019 04:00,0.148
30-05-2019 05:00,0.093
30-05-2019 06:00,0.138
30-05-2019 07:00,0.168
30-05-2019 08:00,0.176
30-05-2019 09:00,0.179
30-05-2019 10:00,0.181
30-05-2019 11:00,0.18
30-05-2019 12:00,0.175
30-05-2019 13:00,0.167
30-05-2019 14:00,0.155
30-05-2019 15:00,0.14
30-05-2019 16:00,0.121
30-05-2019 17:00,0.095
30-05-2019 18:00,0.089
30-05-2019 19:00,0.097
30-05-2019 20:00,0.111
30-05-2019 21:00,0.126
30-05-2019 22:00,0.133
30-05-2019 23:00,0.136
31-05-2019 00:00,0.134
31-05-2019 01:00,0.124
31-05-2019 02:00,0.108
31-05-2019 03:00,0.093
31-05-2019 04:00,0.07
31-05-2019 05:00,0.03
31-05-2019 06:00,0.036
31-05-2019 07:00,0.041
31-05-2019 08:00,0.059
31-05-2019 09:00,0.073
31-05-2019 10:00,0.074
31-05-2019 11:00,0.069
31-05-2019 12:00,0.066
31-05-2019 13:00,0.063
31-05-2019 14:00,0.058
31-05-2019 15:00,0.05
31-05-2019 16:00,0.041
31-05-2019 17:00,0.034
31-05-2019 18:00,0.024
31-05-2019 19:00,0.013
31-05-2019 20:00,0.006
31-05-2019 21:00,0.003
31-05-2019 22:00,0.002
31-05-2019 23:00,0.006
01-06-2019 00:00,0.015
01-06-2019 01:00,0.028
01-06-2019 02:00,0.039
01-06-2019 03:00,0.045
01-06-2019 04:00,0.04
01-06-2019 05:00,0.017
01-06-2019 06:00,0.018
01-06-2019 07:00,0.032
01-06-2019 08:00,0.04
01-06-2019 09:00,0.046
01-06-2019 10:00,0.051
01-06-2019 11:00,0.053
01-06-2019 12:00,0.05
01-06-2019 13:00,0.044
01-06-2019 14:00,0.036
01-06-2019 15:00,0.029
01-06-2019 16:00,0.022
01-06-2019 17:00,0.015
01-06-2019 18:00,0.011
01-06-2019 19:00,0.009
01-06-2019 20:00,0.01
01-06-2019 21:00,0.012
01-06-2019 22:00,0.02
01-06-2019 23:00,0.036
02-06-2019 00:00,0.063
02-06-2019 01:00,0.101
02-06-2019 02:00,0.145
02-06-2019 03:00,0.179
02-06-2019 04:00,0.174
02-06-2019 05:00,0.094
02-06-2019 06:00,0.05
02-06-2019 07:00,0.107
02-06-2019 08:00,0.121
02-06-2019 09:00,0.125
02-06-2019 10:00,0.13
02-06-2019 11:00,0.133
02-06-2019 12:00,0.138
02-06-2019 13:00,0.144
02-06-2019 14:00,0.155
02-06-2019 15:00,0.166
02-06-2019 16:00,0.171
02-06-2019 17:00,0.163
02-06-2019 18:00,0.199
02-06-2019 19:00,0.251
02-06-2019 20:00,0.3
02-06-2019 21:00,0.344
02-06-2019 22:00,0.36
02-06-2019 23:00,0.359
03-06-2019 00:00,0.344
03-06-2019 01:00,0.323
03-06-2019 02:00,0.302
03-06-2019 03:00,0.276
03-06-2019 04:00,0.199
03-06-2019 05:00,0.12
03-06-2019 06:00,0.091
03-06-2019 07:00,0.106
03-06-2019 08:00,0.121
03-06-2019 09:00,0.133
03-06-2019 10:00,0.15
03-06-2019 11:00,0.172
03-06-2019 12:00,0.183
03-06-2019 13:00,0.17
03-06-2019 14:00,0.148
03-06-2019 15:00,0.152
03-06-2019 16:00,0.155
03-06-2019 17:00,0.112
03-06-2019 18:00,0.073
03-06-2019 19:00,0.04
03-06-2019 20:00,0.012
03-06-2019 21:00,0.002
03-06-2019 22:00,0.005
03-06-2019 23:00,0.015
04-06-2019 00:00,0.022
04-06-2019 01:00,0.023
04-06-2019 02:00,0.029
04-06-2019 03:00,0.037
04-06-2019 04:00,0.039
04-06-2019 05:00,0.03
04-06-2019 06:00,0.03
04-06-2019 07:00,0.035
04-06-2019 08:00,0.041
04-06-2019 09:00,0.049
04-06-2019 10:00,0.064
04-06-2019 11:00,0.084
04-06-2019 12:00,0.103
04-06-2019 13:00,0.125
04-06-2019 14:00,0.149
04-06-2019 15:00,0.177
04-06-2019 16:00,0.195
04-06-2019 17:00,0.196
04-06-2019 18:00,0.273
04-06-2019 19:00,0.361
04-06-2019 20:00,0.4
04-06-2019 21:00,0.401
04-06-2019 22:00,0.368
04-06-2019 23:00,0.338
05-06-2019 00:00,0.314
05-06-2019 01:00,0.29
05-06-2019 02:00,0.275
05-06-2019 03:00,0.24
05-06-2019 04:00,0.179
05-06-2019 05:00,0.106
05-06-2019 06:00,0.084
05-06-2019 07:00,0.089
05-06-2019 08:00,0.086
05-06-2019 09:00,0.066
05-06-2019 10:00,0.04
05-06-2019 11:00,0.026
05-06-2019 12:00,0.025
05-06-2019 13:00,0.034
05-06-2019 14:00,0.05
05-06-2019 15:00,0.073
05-06-2019 16:00,0.115
05-06-2019 17:00,0.142
05-06-2019 18:00,0.206
05-06-2019 19:00,0.316
05-06-2019 20:00,0.368
05-06-2019 21:00,0.399
05-06-2019 22:00,0.434
05-06-2019 23:00,0.42
06-06-2019 00:00,0.358
06-06-2019 01:00,0.311
06-06-2019 02:00,0.263
06-06-2019 03:00,0.255
06-06-2019 04:00,0.314
06-06-2019 05:00,0.427
06-06-2019 06:00,0.367
06-06-2019 07:00,0.302
06-06-2019 08:00,0.277
06-06-2019 09:00,0.264
06-06-2019 10:00,0.245
06-06-2019 11:00,0.219
06-06-2019 12:00,0.183
06-06-2019 13:00,0.162
06-06-2019 14:00,0.162
06-06-2019 15:00,0.167
06-06-2019 16:00,0.141
06-06-2019 17:00,0.085
06-06-2019 18:00,0.036
06-06-2019 19:00,0.021
06-06-2019 20:00,0.02
06-06-2019 21:00,0.019
06-06-2019 22:00,0.015
06-06-2019 23:00,0.011
07-06-2019 00:00,0.005
07-06-2019 01:00,0.001
07-06-2019 02:00,0.013
07-06-2019 03:00,0.046
07-06-2019 04:00,0.059
07-06-2019 05:00,0.084
07-06-2019 06:00,0.145
07-06-2019 07:00,0.168
07-06-2019 08:00,0.172
07-06-2019 09:00,0.166
07-06-2019 10:00,0.161
07-06-2019 11:00,0.167
07-06-2019 12:00,0.18
07-06-2019 13:00,0.212
07-06-2019 14:00,0.246
07-06-2019 15:00,0.251
07-06-2019 16:00,0.185
07-06-2019 17:00,0.099
07-06-2019 18:00,0.07
07-06-2019 19:00,0.172
07-06-2019 20:00,0.517
07-06-2019 21:00,0.571
07-06-2019 22:00,0.265
07-06-2019 23:00,0.192
08-06-2019 00:00,0.244
08-06-2019 01:00,0.332
08-06-2019 02:00,0.398
08-06-2019 03:00,0.415
08-06-2019 04:00,0.437
08-06-2019 05:00,0.541
08-06-2019 06:00,0.624
08-06-2019 07:00,0.637
08-06-2019 08:00,0.647
08-06-2019 09:00,0.64
08-06-2019 10:00,0.62
08-06-2019 11:00,0.591
08-06-2019 12:00,0.555
08-06-2019 13:00,0.504
08-06-2019 14:00,0.454
08-06-2019 15:00,0.411
08-06-2019 16:00,0.362
08-06-2019 17:00,0.269
08-06-2019 18:00,0.207
08-06-2019 19:00,0.173
08-06-2019 20:00,0.134
08-06-2019 21:00,0.11
08-06-2019 22:00,0.086
08-06-2019 23:00,0.057
09-06-2019 00:00,0.034
09-06-2019 01:00,0.02
09-06-2019 02:00,0.017
09-06-2019 03:00,0.02
09-06-2019 04:00,0.028
09-06-2019 05:00,0.021
09-06-2019 06:00,0.024
09-06-2019 07:00,0.028
09-06-2019 08:00,0.034
09-06-2019 09:00,0.036
09-06-2019 10:00,0.035
09-06-2019 11:00,0.03
09-06-2019 12:00,0.028
09-06-2019 13:00,0.032
09-06-2019 14:00,0.037
09-06-2019 15:00,0.058
09-06-2019 16:00,0.048
09-06-2019 17:00,0.04
09-06-2019 18:00,0.05
09-06-2019 19:00,0.069
09-06-2019 20:00,0.086
09-06-2019 21:00,0.103
09-06-2019 22:00,0.106
09-06-2019 23:00,0.115
10-06-2019 00:00,0.129
10-06-2019 01:00,0.123
10-06-2019 02:00,0.08
10-06-2019 03:00,0.038
10-06-2019 04:00,0.034
10-06-2019 05:00,0.05
10-06-2019 06:00,0.055
10-06-2019 07:00,0.026
10-06-2019 08:00,0.013
10-06-2019 09:00,0.025
10-06-2019 10:00,0.061
10-06-2019 11:00,0.072
10-06-2019 12:00,0.059
10-06-2019 13:00,0.041
10-06-2019 14:00,0.017
10-06-2019 15:00,0.006
10-06-2019 16:00,0.008
10-06-2019 17:00,0.003
10-06-2019 18:00,0.04
10-06-2019 19:00,0.175
10-06-2019 20:00,0.169
10-06-2019 21:00,0.108
10-06-2019 22:00,0.042
10-06-2019 23:00,0.035
11-06-2019 00:00,0.075
11-06-2019 01:00,0.092
11-06-2019 02:00,0.11
11-06-2019 03:00,0.12
11-06-2019 04:00,0.088
11-06-2019 05:00,0.062
11-06-2019 06:00,0.038
11-06-2019 07:00,0.014
11-06-2019 08:00,0.003
11-06-2019 09:00,0.001
11-06-2019 10:00,0.001
11-06-2019 11:00,0.002
11-06-2019 12:00,0.002
11-06-2019 13:00,0.001
11-06-2019 14:00,0.004
11-06-2019 15:00,0.027
11-06-2019 16:00,0.076
11-06-2019 17:00,0.125
11-06-2019 18:00,0.163
11-06-2019 19:00,0.152
11-06-2019 20:00,0.133
11-06-2019 21:00,0.123
11-06-2019 22:00,0.131
11-06-2019 23:00,0.153
12-06-2019 00:00,0.125
12-06-2019 01:00,0.067
12-06-2019 02:00,0.093
12-06-2019 03:00,0.107
12-06-2019 04:00,0.095
12-06-2019 05:00,0.085
12-06-2019 06:00,0.093
12-06-2019 07:00,0.087
12-06-2019 08:00,0.119
12-06-2019 09:00,0.21
12-06-2019 10:00,0.378
12-06-2019 11:00,0.488
12-06-2019 12:00,0.485
12-06-2019 13:00,0.386
12-06-2019 14:00,0.315
12-06-2019 15:00,0.254
12-06-2019 16:00,0.179
12-06-2019 17:00,0.103
12-06-2019 18:00,0.067
12-06-2019 19:00,0.061
12-06-2019 20:00,0.067
12-06-2019 21:00,0.073
12-06-2019 22:00,0.086
12-06-2019 23:00,0.111
13-06-2019 00:00,0.127
13-06-2019 01:00,0.128
13-06-2019 02:00,0.118
13-06-2019 03:00,0.119
13-06-2019 04:00,0.107
13-06-2019 05:00,0.061
13-06-2019 06:00,0.093
13-06-2019 07:00,0.103
13-06-2019 08:00,0.104
13-06-2019 09:00,0.107
13-06-2019 10:00,0.115
13-06-2019 11:00,0.126
13-06-2019 12:00,0.144
13-06-2019 13:00,0.147
13-06-2019 14:00,0.14
13-06-2019 15:00,0.128
13-06-2019 16:00,0.103
13-06-2019 17:00,0.074
13-06-2019 18:00,0.052
13-06-2019 19:00,0.025
13-06-2019 20:00,0.008
13-06-2019 21:00,0.021
13-06-2019 22:00,0.073
13-06-2019 23:00,0.158
14-06-2019 00:00,0.249
14-06-2019 01:00,0.311
14-06-2019 02:00,0.337
14-06-2019 03:00,0.337
14-06-2019 04:00,0.278
14-06-2019 05:00,0.169
14-06-2019 06:00,0.123
14-06-2019 07:00,0.209
14-06-2019 08:00,0.294
14-06-2019 09:00,0.341
14-06-2019 10:00,0.348
14-06-2019 11:00,0.255
14-06-2019 12:00,0.167
14-06-2019 13:00,0.16
14-06-2019 14:00,0.131
14-06-2019 15:00,0.105
14-06-2019 16:00,0.056
14-06-2019 17:00,0.009
14-06-2019 18:00,0.045
14-06-2019 19:00,0.102
14-06-2019 20:00,0.122
14-06-2019 21:00,0.124
14-06-2019 22:00,0.213
14-06-2019 23:00,0.284
15-06-2019 00:00,0.22
15-06-2019 01:00,0.147
15-06-2019 02:00,0.11
15-06-2019 03:00,0.094
15-06-2019 04:00,0.112
15-06-2019 05:00,0.13
15-06-2019 06:00,0.22
15-06-2019 07:00,0.41
15-06-2019 08:00,0.483
15-06-2019 09:00,0.447
15-06-2019 10:00,0.386
15-06-2019 11:00,0.341
15-06-2019 12:00,0.302
15-06-2019 13:00,0.267
15-06-2019 14:00,0.231
15-06-2019 15:00,0.226
15-06-2019 16:00,0.238
15-06-2019 17:00,0.158
15-06-2019 18:00,0.128
15-06-2019 19:00,0.09
15-06-2019 20:00,0.08
15-06-2019 21:00,0.112
15-06-2019 22:00,0.128
15-06-2019 23:00,0.15
16-06-2019 00:00,0.148
16-06-2019 01:00,0.132
16-06-2019 02:00,0.105
16-06-2019 03:00,0.059
16-06-2019 04:00,0.025
16-06-2019 05:00,0.013
16-06-2019 06:00,0.01
16-06-2019 07:00,0.01
16-06-2019 08:00,0.017
16-06-2019 09:00,0.025
16-06-2019 10:00,0.025
16-06-2019 11:00,0.025
16-06-2019 12:00,0.021
16-06-2019 13:00,0.018
16-06-2019 14:00,0.016
16-06-2019 15:00,0.015
16-06-2019 16:00,0.015
16-06-2019 17:00,0.013
16-06-2019 18:00,0.009
16-06-2019 19:00,0.003
16-06-2019 20:00,0.001
16-06-2019 21:00,0.003
16-06-2019 22:00,0.005
16-06-2019 23:00,0.007
17-06-2019 00:00,0.008
17-06-2019 01:00,0.008
17-06-2019 02:00,0.008
17-06-2019 03:00,0.01
17-06-2019 04:00,0.017
17-06-2019 05:00,0.018
17-06-2019 06:00,0.031
17-06-2019 07:00,0.036
17-06-2019 08:00,0.035
17-06-2019 09:00,0.035
17-06-2019 10:00,0.036
17-06-2019 11:00,0.037
17-06-2019 12:00,0.039
17-06-2019 13:00,0.038
17-06-2019 14:00,0.041
17-06-2019 15:00,0.045
17-06-2019 16:00,0.048
17-06-2019 17:00,0.056
17-06-2019 18:00,0.056
17-06-2019 19:00,0.078
17-06-2019 20:00,0.114
17-06-2019 21:00,0.151
17-06-2019 22:00,0.18
17-06-2019 23:00,0.211
18-06-2019 00:00,0.24
18-06-2019 01:00,0.249
18-06-2019 02:00,0.244
18-06-2019 03:00,0.221
18-06-2019 04:00,0.161
18-06-2019 05:00,0.086
18-06-2019 06:00,0.069
18-06-2019 07:00,0.082
18-06-2019 08:00,0.073
18-06-2019 09:00,0.068
18-06-2019 10:00,0.063
18-06-2019 11:00,0.052
18-06-2019 12:00,0.039
18-06-2019 13:00,0.027
18-06-2019 14:00,0.017
18-06-2019 15:00,0.011
18-06-2019 16:00,0.007
18-06-2019 17:00,0.005
18-06-2019 18:00,0.002
18-06-2019 19:00,0.006
18-06-2019 20:00,0.019
18-06-2019 21:00,0.034
18-06-2019 22:00,0.043
18-06-2019 23:00,0.054
19-06-2019 00:00,0.068
19-06-2019 01:00,0.076
19-06-2019 02:00,0.076
19-06-2019 03:00,0.072
19-06-2019 04:00,0.068
19-06-2019 05:00,0.053
19-06-2019 06:00,0.035
19-06-2019 07:00,0.049
19-06-2019 08:00,0.07
19-06-2019 09:00,0.093
19-06-2019 10:00,0.113
19-06-2019 11:00,0.124
19-06-2019 12:00,0.12
19-06-2019 13:00,0.11
19-06-2019 14:00,0.106
19-06-2019 15:00,0.119
19-06-2019 16:00,0.126
19-06-2019 17:00,0.14
19-06-2019 18:00,0.181
19-06-2019 19:00,0.165
19-06-2019 20:00,0.091
19-06-2019 21:00,0.036
19-06-2019 22:00,0.011
19-06-2019 23:00,0.008
20-06-2019 00:00,0.032
20-06-2019 01:00,0.071
20-06-2019 02:00,0.126
20-06-2019 03:00,0.22
20-06-2019 04:00,0.162
20-06-2019 05:00,0.07
20-06-2019 06:00,0.068
20-06-2019 07:00,0.116
20-06-2019 08:00,0.142
20-06-2019 09:00,0.151
20-06-2019 10:00,0.157
20-06-2019 11:00,0.168
20-06-2019 12:00,0.178
20-06-2019 13:00,0.18
20-06-2019 14:00,0.165
20-06-2019 15:00,0.13
20-06-2019 16:00,0.097
20-06-2019 17:00,0.078
20-06-2019 18:00,0.071
20-06-2019 19:00,0.079
20-06-2019 20:00,0.087
20-06-2019 21:00,0.089
20-06-2019 22:00,0.082
20-06-2019 23:00,0.072
21-06-2019 00:00,0.07
21-06-2019 01:00,0.069
21-06-2019 02:00,0.072
21-06-2019 03:00,0.07
21-06-2019 04:00,0.048
21-06-2019 05:00,0.034
21-06-2019 06:00,0.026
21-06-2019 07:00,0.024
21-06-2019 08:00,0.023
21-06-2019 09:00,0.025
21-06-2019 10:00,0.03
21-06-2019 11:00,0.037
21-06-2019 12:00,0.046
21-06-2019 13:00,0.051
21-06-2019 14:00,0.054
21-06-2019 15:00,0.058
21-06-2019 16:00,0.065
21-06-2019 17:00,0.084
21-06-2019 18:00,0.124
21-06-2019 19:00,0.188
21-06-2019 20:00,0.234
21-06-2019 21:00,0.249
21-06-2019 22:00,0.245
21-06-2019 23:00,0.235
22-06-2019 00:00,0.234
22-06-2019 01:00,0.238
22-06-2019 02:00,0.248
22-06-2019 03:00,0.259
22-06-2019 04:00,0.22
22-06-2019 05:00,0.197
22-06-2019 06:00,0.231
22-06-2019 07:00,0.247
22-06-2019 08:00,0.231
22-06-2019 09:00,0.211
22-06-2019 10:00,0.205
22-06-2019 11:00,0.199
22-06-2019 12:00,0.186
22-06-2019 13:00,0.169
22-06-2019 14:00,0.163
22-06-2019 15:00,0.159
22-06-2019 16:00,0.162
22-06-2019 17:00,0.198
22-06-2019 18:00,0.215
22-06-2019 19:00,0.204
22-06-2019 20:00,0.192
22-06-2019 21:00,0.216
22-06-2019 22:00,0.255
22-06-2019 23:00,0.276
23-06-2019 00:00,0.272
23-06-2019 01:00,0.272
23-06-2019 02:00,0.272
23-06-2019 03:00,0.259
23-06-2019 04:00,0.187
23-06-2019 05:00,0.113
23-06-2019 06:00,0.159
23-06-2019 07:00,0.232
23-06-2019 08:00,0.294
23-06-2019 09:00,0.316
23-06-2019 10:00,0.307
23-06-2019 11:00,0.281
23-06-2019 12:00,0.251
23-06-2019 13:00,0.212
23-06-2019 14:00,0.178
23-06-2019 15:00,0.159
23-06-2019 16:00,0.155
23-06-2019 17:00,0.148
23-06-2019 18:00,0.181
23-06-2019 19:00,0.232
23-06-2019 20:00,0.256
23-06-2019 21:00,0.26
23-06-2019 22:00,0.256
23-06-2019 23:00,0.231
24-06-2019 00:00,0.221
24-06-2019 01:00,0.231
24-06-2019 02:00,0.243
24-06-2019 03:00,0.252
24-06-2019 04:00,0.191
24-06-2019 05:00,0.114
24-06-2019 06:00,0.167
24-06-2019 07:00,0.205
24-06-2019 08:00,0.232
24-06-2019 09:00,0.226
24-06-2019 10:00,0.191
24-06-2019 11:00,0.154
24-06-2019 12:00,0.125
24-06-2019 13:00,0.108
24-06-2019 14:00,0.106
24-06-2019 15:00,0.118
24-06-2019 16:00,0.139
24-06-2019 17:00,0.139
24-06-2019 18:00,0.149
24-06-2019 19:00,0.209
24-06-2019 20:00,0.286
24-06-2019 21:00,0.359
24-06-2019 22:00,0.416
24-06-2019 23:00,0.411
25-06-2019 00:00,0.33
25-06-2019 01:00,0.249
25-06-2019 02:00,0.2
25-06-2019 03:00,0.233
25-06-2019 04:00,0.26
25-06-2019 05:00,0.195
25-06-2019 06:00,0.214
25-06-2019 07:00,0.236
25-06-2019 08:00,0.197
25-06-2019 09:00,0.167
25-06-2019 10:00,0.142
25-06-2019 11:00,0.117
25-06-2019 12:00,0.093
25-06-2019 13:00,0.073
25-06-2019 14:00,0.059
25-06-2019 15:00,0.057
25-06-2019 16:00,0.062
25-06-2019 17:00,0.061
25-06-2019 18:00,0.054
25-06-2019 19:00,0.062
25-06-2019 20:00,0.082
25-06-2019 21:00,0.098
25-06-2019 22:00,0.108
25-06-2019 23:00,0.115
26-06-2019 00:00,0.116
26-06-2019 01:00,0.111
26-06-2019 02:00,0.099
26-06-2019 03:00,0.081
26-06-2019 04:00,0.053
26-06-2019 05:00,0.018
26-06-2019 06:00,0.005
26-06-2019 07:00,0.01
26-06-2019 08:00,0.017
26-06-2019 09:00,0.018
26-06-2019 10:00,0.02
26-06-2019 11:00,0.024
26-06-2019 12:00,0.03
26-06-2019 13:00,0.037
26-06-2019 14:00,0.046
26-06-2019 15:00,0.06
26-06-2019 16:00,0.085
26-06-2019 17:00,0.118
26-06-2019 18:00,0.181
26-06-2019 19:00,0.285
26-06-2019 20:00,0.335
26-06-2019 21:00,0.325
26-06-2019 22:00,0.282
26-06-2019 23:00,0.247
27-06-2019 00:00,0.218
27-06-2019 01:00,0.197
27-06-2019 02:00,0.194
27-06-2019 03:00,0.2
27-06-2019 04:00,0.21
27-06-2019 05:00,0.211
27-06-2019 06:00,0.18
27-06-2019 07:00,0.154
27-06-2019 08:00,0.141
27-06-2019 09:00,0.137
27-06-2019 10:00,0.144
27-06-2019 11:00,0.167
27-06-2019 12:00,0.193
27-06-2019 13:00,0.214
27-06-2019 14:00,0.226
27-06-2019 15:00,0.238
27-06-2019 16:00,0.252
27-06-2019 17:00,0.253
27-06-2019 18:00,0.244
27-06-2019 19:00,0.291
27-06-2019 20:00,0.308
27-06-2019 21:00,0.289
27-06-2019 22:00,0.261
27-06-2019 23:00,0.231
28-06-2019 00:00,0.202
28-06-2019 01:00,0.172
28-06-2019 02:00,0.14
28-06-2019 03:00,0.125
28-06-2019 04:00,0.095
28-06-2019 05:00,0.078
28-06-2019 06:00,0.057
28-06-2019 07:00,0.049
28-06-2019 08:00,0.051
28-06-2019 09:00,0.054
28-06-2019 10:00,0.056
28-06-2019 11:00,0.061
28-06-2019 12:00,0.071
28-06-2019 13:00,0.086
28-06-2019 14:00,0.103
28-06-2019 15:00,0.12
28-06-2019 16:00,0.133
28-06-2019 17:00,0.139
28-06-2019 18:00,0.165
28-06-2019 19:00,0.233
28-06-2019 20:00,0.274
28-06-2019 21:00,0.274
28-06-2019 22:00,0.256
28-06-2019 23:00,0.237
29-06-2019 00:00,0.224
29-06-2019 01:00,0.21
29-06-2019 02:00,0.196
29-06-2019 03:00,0.187
29-06-2019 04:00,0.144
29-06-2019 05:00,0.07
29-06-2019 06:00,0.076
29-06-2019 07:00,0.064
29-06-2019 08:00,0.054
29-06-2019 09:00,0.051
29-06-2019 10:00,0.045
29-06-2019 11:00,0.038
29-06-2019 12:00,0.032
29-06-2019 13:00,0.028
29-06-2019 14:00,0.027
29-06-2019 15:00,0.03
29-06-2019 16:00,0.042
29-06-2019 17:00,0.047
29-06-2019 18:00,0.042
29-06-2019 19:00,0.063
29-06-2019 20:00,0.105
29-06-2019 21:00,0.162
29-06-2019 22:00,0.208
29-06-2019 23:00,0.209
30-06-2019 00:00,0.185
30-06-2019 01:00,0.164
30-06-2019 02:00,0.162
30-06-2019 03:00,0.178
30-06-2019 04:00,0.156
30-06-2019 05:00,0.089
30-06-2019 06:00,0.074
30-06-2019 07:00,0.092
30-06-2019 08:00,0.085
30-06-2019 09:00,0.103
30-06-2019 10:00,0.13
30-06-2019 11:00,0.151
30-06-2019 12:00,0.159
30-06-2019 13:00,0.163
30-06-2019 14:00,0.181
30-06-2019 15:00,0.235
30-06-2019 16:00,0.248
30-06-2019 17:00,0.196
30-06-2019 18:00,0.159
30-06-2019 19:00,0.157
30-06-2019 20:00,0.21
30-06-2019 21:00,0.264
30-06-2019 22:00,0.243
30-06-2019 23:00,0.204
01-07-2019 00:00,0.172
01-07-2019 01:00,0.147
01-07-2019 02:00,0.115
01-07-2019 03:00,0.084
01-07-2019 04:00,0.041
01-07-2019 05:00,0.014
01-07-2019 06:00,0.041
01-07-2019 07:00,0.155
01-07-2019 08:00,0.223
01-07-2019 09:00,0.271
01-07-2019 10:00,0.305
01-07-2019 11:00,0.211
01-07-2019 12:00,0.28
01-07-2019 13:00,0.278
01-07-2019 14:00,0.253
01-07-2019 15:00,0.233
01-07-2019 16:00,0.22
01-07-2019 17:00,0.196
01-07-2019 18:00,0.172
01-07-2019 19:00,0.188
01-07-2019 20:00,0.218
01-07-2019 21:00,0.256
01-07-2019 22:00,0.28
01-07-2019 23:00,0.261
02-07-2019 00:00,0.225
02-07-2019 01:00,0.2
02-07-2019 02:00,0.176
02-07-2019 03:00,0.144
02-07-2019 04:00,0.091
02-07-2019 05:00,0.103
02-07-2019 06:00,0.089
02-07-2019 07:00,0.075
02-07-2019 08:00,0.075
02-07-2019 09:00,0.085
02-07-2019 10:00,0.099
02-07-2019 11:00,0.112
02-07-2019 12:00,0.12
02-07-2019 13:00,0.123
02-07-2019 14:00,0.124
02-07-2019 15:00,0.131
02-07-2019 16:00,0.138
02-07-2019 17:00,0.149
02-07-2019 18:00,0.165
02-07-2019 19:00,0.22
02-07-2019 20:00,0.255
02-07-2019 21:00,0.251
02-07-2019 22:00,0.234
02-07-2019 23:00,0.208
03-07-2019 00:00,0.182
03-07-2019 01:00,0.164
03-07-2019 02:00,0.147
03-07-2019 03:00,0.133
03-07-2019 04:00,0.084
03-07-2019 05:00,0.061
03-07-2019 06:00,0.056
03-07-2019 07:00,0.058
03-07-2019 08:00,0.061
03-07-2019 09:00,0.061
03-07-2019 10:00,0.063
03-07-2019 11:00,0.07
03-07-2019 12:00,0.083
03-07-2019 13:00,0.098
03-07-2019 14:00,0.112
03-07-2019 15:00,0.123
03-07-2019 16:00,0.139
03-07-2019 17:00,0.165
03-07-2019 18:00,0.193
03-07-2019 19:00,0.264
03-07-2019 20:00,0.29
03-07-2019 21:00,0.272
03-07-2019 22:00,0.251
03-07-2019 23:00,0.239
04-07-2019 00:00,0.227
04-07-2019 01:00,0.211
04-07-2019 02:00,0.193
04-07-2019 03:00,0.179
04-07-2019 04:00,0.108
04-07-2019 05:00,0.096
04-07-2019 06:00,0.068
04-07-2019 07:00,0.041
04-07-2019 08:00,0.023
04-07-2019 09:00,0.015
04-07-2019 10:00,0.014
04-07-2019 11:00,0.018
04-07-2019 12:00,0.027
04-07-2019 13:00,0.037
04-07-2019 14:00,0.046
04-07-2019 15:00,0.05
04-07-2019 16:00,0.053
04-07-2019 17:00,0.055
04-07-2019 18:00,0.058
04-07-2019 19:00,0.058
04-07-2019 20:00,0.051
04-07-2019 21:00,0.04
04-07-2019 22:00,0.026
04-07-2019 23:00,0.015
05-07-2019 00:00,0.01
05-07-2019 01:00,0.014
05-07-2019 02:00,0.031
05-07-2019 03:00,0.043
05-07-2019 04:00,0.032
05-07-2019 05:00,0.017
05-07-2019 06:00,0.042
05-07-2019 07:00,0.087
05-07-2019 08:00,0.126
05-07-2019 09:00,0.156
05-07-2019 10:00,0.183
05-07-2019 11:00,0.214
05-07-2019 12:00,0.241
05-07-2019 13:00,0.261
05-07-2019 14:00,0.278
05-07-2019 15:00,0.275
05-07-2019 16:00,0.249
05-07-2019 17:00,0.182
05-07-2019 18:00,0.124
05-07-2019 19:00,0.095
05-07-2019 20:00,0.069
05-07-2019 21:00,0.046
05-07-2019 22:00,0.025
05-07-2019 23:00,0.008
06-07-2019 00:00,0.001
06-07-2019 01:00,0.007
06-07-2019 02:00,0.029
06-07-2019 03:00,0.059
06-07-2019 04:00,0.077
06-07-2019 05:00,0.054
06-07-2019 06:00,0.13
06-07-2019 07:00,0.186
06-07-2019 08:00,0.218
06-07-2019 09:00,0.233
06-07-2019 10:00,0.249
06-07-2019 11:00,0.278
06-07-2019 12:00,0.309
06-07-2019 13:00,0.327
06-07-2019 14:00,0.328
06-07-2019 15:00,0.343
06-07-2019 16:00,0.365
06-07-2019 17:00,0.332
06-07-2019 18:00,0.316
06-07-2019 19:00,0.291
06-07-2019 20:00,0.243
06-07-2019 21:00,0.207
06-07-2019 22:00,0.159
06-07-2019 23:00,0.113
07-07-2019 00:00,0.088
07-07-2019 01:00,0.069
07-07-2019 02:00,0.068
07-07-2019 03:00,0.075
07-07-2019 04:00,0.084
07-07-2019 05:00,0.09
07-07-2019 06:00,0.09
07-07-2019 07:00,0.1
07-07-2019 08:00,0.119
07-07-2019 09:00,0.144
07-07-2019 10:00,0.177
07-07-2019 11:00,0.203
07-07-2019 12:00,0.224
07-07-2019 13:00,0.243
07-07-2019 14:00,0.256
07-07-2019 15:00,0.261
07-07-2019 16:00,0.256
07-07-2019 17:00,0.239
07-07-2019 18:00,0.209
07-07-2019 19:00,0.212
07-07-2019 20:00,0.209
07-07-2019 21:00,0.191
07-07-2019 22:00,0.164
07-07-2019 23:00,0.138
08-07-2019 00:00,0.114
08-07-2019 01:00,0.1
08-07-2019 02:00,0.088
08-07-2019 03:00,0.076
08-07-2019 04:00,0.045
08-07-2019 05:00,0.055
08-07-2019 06:00,0.079
08-07-2019 07:00,0.115
08-07-2019 08:00,0.152
08-07-2019 09:00,0.171
08-07-2019 10:00,0.179
08-07-2019 11:00,0.184
08-07-2019 12:00,0.186
08-07-2019 13:00,0.182
08-07-2019 14:00,0.17
08-07-2019 15:00,0.155
08-07-2019 16:00,0.143
08-07-2019 17:00,0.13
08-07-2019 18:00,0.115
08-07-2019 19:00,0.12
08-07-2019 20:00,0.141
08-07-2019 21:00,0.159
08-07-2019 22:00,0.155
08-07-2019 23:00,0.138
09-07-2019 00:00,0.125
09-07-2019 01:00,0.125
09-07-2019 02:00,0.112
09-07-2019 03:00,0.099
09-07-2019 04:00,0.077
09-07-2019 05:00,0.08
09-07-2019 06:00,0.077
09-07-2019 07:00,0.089
09-07-2019 08:00,0.099
09-07-2019 09:00,0.112
09-07-2019 10:00,0.133
09-07-2019 11:00,0.139
09-07-2019 12:00,0.136
09-07-2019 13:00,0.144
09-07-2019 14:00,0.163
09-07-2019 15:00,0.181
09-07-2019 16:00,0.195
09-07-2019 17:00,0.201
09-07-2019 18:00,0.175
09-07-2019 19:00,0.155
09-07-2019 20:00,0.133
09-07-2019 21:00,0.112
09-07-2019 22:00,0.099
09-07-2019 23:00,0.09
10-07-2019 00:00,0.085
10-07-2019 01:00,0.083
10-07-2019 02:00,0.076
10-07-2019 03:00,0.059
10-07-2019 04:00,0.029
10-07-2019 05:00,0.015
10-07-2019 06:00,0.03
10-07-2019 07:00,0.05
10-07-2019 08:00,0.063
10-07-2019 09:00,0.064
10-07-2019 10:00,0.061
10-07-2019 11:00,0.061
10-07-2019 12:00,0.059
10-07-2019 13:00,0.058
10-07-2019 14:00,0.057
10-07-2019 15:00,0.058
10-07-2019 16:00,0.055
10-07-2019 17:00,0.047
10-07-2019 18:00,0.035
10-07-2019 19:00,0.026
10-07-2019 20:00,0.028
10-07-2019 21:00,0.042
10-07-2019 22:00,0.058
10-07-2019 23:00,0.054
11-07-2019 00:00,0.035
11-07-2019 01:00,0.018
11-07-2019 02:00,0.007
11-07-2019 03:00,0.004
11-07-2019 04:00,0.004
11-07-2019 05:00,0.006
11-07-2019 06:00,0.015
11-07-2019 07:00,0.023
11-07-2019 08:00,0.037
11-07-2019 09:00,0.061
11-07-2019 10:00,0.088
11-07-2019 11:00,0.11
11-07-2019 12:00,0.121
11-07-2019 13:00,0.124
11-07-2019 14:00,0.118
11-07-2019 15:00,0.113
11-07-2019 16:00,0.107
11-07-2019 17:00,0.087
11-07-2019 18:00,0.064
11-07-2019 19:00,0.063
11-07-2019 20:00,0.08
11-07-2019 21:00,0.101
11-07-2019 22:00,0.112
11-07-2019 23:00,0.112
12-07-2019 00:00,0.113
12-07-2019 01:00,0.116
12-07-2019 02:00,0.124
12-07-2019 03:00,0.126
12-07-2019 04:00,0.088
12-07-2019 05:00,0.058
12-07-2019 06:00,0.048
12-07-2019 07:00,0.049
12-07-2019 08:00,0.059
12-07-2019 09:00,0.076
12-07-2019 10:00,0.093
12-07-2019 11:00,0.106
12-07-2019 12:00,0.115
12-07-2019 13:00,0.114
12-07-2019 14:00,0.111
12-07-2019 15:00,0.096
12-07-2019 16:00,0.063
12-07-2019 17:00,0.035
12-07-2019 18:00,0.032
12-07-2019 19:00,0.054
12-07-2019 20:00,0.086
12-07-2019 21:00,0.102
12-07-2019 22:00,0.093
12-07-2019 23:00,0.077
13-07-2019 00:00,0.076
13-07-2019 01:00,0.084
13-07-2019 02:00,0.112
13-07-2019 03:00,0.132
13-07-2019 04:00,0.112
13-07-2019 05:00,0.123
13-07-2019 06:00,0.166
13-07-2019 07:00,0.195
13-07-2019 08:00,0.224
13-07-2019 09:00,0.253
13-07-2019 10:00,0.27
13-07-2019 11:00,0.277
13-07-2019 12:00,0.278
13-07-2019 13:00,0.263
13-07-2019 14:00,0.239
13-07-2019 15:00,0.22
13-07-2019 16:00,0.2
13-07-2019 17:00,0.165
13-07-2019 18:00,0.133
13-07-2019 19:00,0.151
13-07-2019 20:00,0.17
13-07-2019 21:00,0.176
13-07-2019 22:00,0.162
13-07-2019 23:00,0.151
14-07-2019 00:00,0.14
14-07-2019 01:00,0.13
14-07-2019 02:00,0.123
14-07-2019 03:00,0.121
14-07-2019 04:00,0.093
14-07-2019 05:00,0.103
14-07-2019 06:00,0.107
14-07-2019 07:00,0.091
14-07-2019 08:00,0.086
14-07-2019 09:00,0.087
14-07-2019 10:00,0.087
14-07-2019 11:00,0.086
14-07-2019 12:00,0.086
14-07-2019 13:00,0.09
14-07-2019 14:00,0.093
14-07-2019 15:00,0.102
14-07-2019 16:00,0.117
14-07-2019 17:00,0.14
14-07-2019 18:00,0.169
14-07-2019 19:00,0.223
14-07-2019 20:00,0.235
14-07-2019 21:00,0.208
14-07-2019 22:00,0.184
14-07-2019 23:00,0.165
15-07-2019 00:00,0.145
15-07-2019 01:00,0.127
15-07-2019 02:00,0.114
15-07-2019 03:00,0.103
15-07-2019 04:00,0.071
15-07-2019 05:00,0.061
15-07-2019 06:00,0.029
15-07-2019 07:00,0.018
15-07-2019 08:00,0.025
15-07-2019 09:00,0.035
15-07-2019 10:00,0.044
15-07-2019 11:00,0.055
15-07-2019 12:00,0.072
15-07-2019 13:00,0.092
15-07-2019 14:00,0.106
15-07-2019 15:00,0.117
15-07-2019 16:00,0.127
15-07-2019 17:00,0.137
15-07-2019 18:00,0.143
15-07-2019 19:00,0.169
15-07-2019 20:00,0.167
15-07-2019 21:00,0.142
15-07-2019 22:00,0.118
15-07-2019 23:00,0.09
16-07-2019 00:00,0.068
16-07-2019 01:00,0.058
16-07-2019 02:00,0.059
16-07-2019 03:00,0.062
16-07-2019 04:00,0.046
16-07-2019 05:00,0.055
16-07-2019 06:00,0.065
16-07-2019 07:00,0.071
16-07-2019 08:00,0.078
16-07-2019 09:00,0.084
16-07-2019 10:00,0.087
16-07-2019 11:00,0.089
16-07-2019 12:00,0.089
16-07-2019 13:00,0.088
16-07-2019 14:00,0.088
16-07-2019 15:00,0.092
16-07-2019 16:00,0.096
16-07-2019 17:00,0.099
16-07-2019 18:00,0.113
16-07-2019 19:00,0.153
16-07-2019 20:00,0.171
16-07-2019 21:00,0.159
16-07-2019 22:00,0.133
16-07-2019 23:00,0.109
17-07-2019 00:00,0.087
17-07-2019 01:00,0.068
17-07-2019 02:00,0.054
17-07-2019 03:00,0.044
17-07-2019 04:00,0.025
17-07-2019 05:00,0.017
17-07-2019 06:00,0.005
17-07-2019 07:00,0.002
17-07-2019 08:00,0.006
17-07-2019 09:00,0.011
17-07-2019 10:00,0.02
17-07-2019 11:00,0.03
17-07-2019 12:00,0.04
17-07-2019 13:00,0.046
17-07-2019 14:00,0.05
17-07-2019 15:00,0.053
17-07-2019 16:00,0.057
17-07-2019 17:00,0.067
17-07-2019 18:00,0.097
17-07-2019 19:00,0.144
17-07-2019 20:00,0.157
17-07-2019 21:00,0.133
17-07-2019 22:00,0.107
17-07-2019 23:00,0.089
18-07-2019 00:00,0.078
18-07-2019 01:00,0.074
18-07-2019 02:00,0.07
18-07-2019 03:00,0.059
18-07-2019 04:00,0.039
18-07-2019 05:00,0.014
18-07-2019 06:00,0.008
18-07-2019 07:00,0.017
18-07-2019 08:00,0.037
18-07-2019 09:00,0.063
18-07-2019 10:00,0.082
18-07-2019 11:00,0.091
18-07-2019 12:00,0.097
18-07-2019 13:00,0.101
18-07-2019 14:00,0.101
18-07-2019 15:00,0.1
18-07-2019 16:00,0.092
18-07-2019 17:00,0.068
18-07-2019 18:00,0.048
18-07-2019 19:00,0.045
18-07-2019 20:00,0.055
18-07-2019 21:00,0.063
18-07-2019 22:00,0.05
18-07-2019 23:00,0.032
19-07-2019 00:00,0.025
19-07-2019 01:00,0.025
19-07-2019 02:00,0.031
19-07-2019 03:00,0.036
19-07-2019 04:00,0.039
19-07-2019 05:00,0.031
19-07-2019 06:00,0.035
19-07-2019 07:00,0.051
19-07-2019 08:00,0.084
19-07-2019 09:00,0.128
19-07-2019 10:00,0.16
19-07-2019 11:00,0.178
19-07-2019 12:00,0.19
19-07-2019 13:00,0.192
19-07-2019 14:00,0.171
19-07-2019 15:00,0.139
19-07-2019 16:00,0.103
19-07-2019 17:00,0.067
19-07-2019 18:00,0.04
19-07-2019 19:00,0.04
19-07-2019 20:00,0.058
19-07-2019 21:00,0.078
19-07-2019 22:00,0.093
19-07-2019 23:00,0.106
20-07-2019 00:00,0.122
20-07-2019 01:00,0.134
20-07-2019 02:00,0.135
20-07-2019 03:00,0.13
20-07-2019 04:00,0.113
20-07-2019 05:00,0.068
20-07-2019 06:00,0.118
20-07-2019 07:00,0.155
20-07-2019 08:00,0.174
20-07-2019 09:00,0.179
20-07-2019 10:00,0.175
20-07-2019 11:00,0.176
20-07-2019 12:00,0.185
20-07-2019 13:00,0.169
20-07-2019 14:00,0.154
20-07-2019 15:00,0.167
20-07-2019 16:00,0.164
20-07-2019 17:00,0.173
20-07-2019 18:00,0.225
20-07-2019 19:00,0.228
20-07-2019 20:00,0.245
20-07-2019 21:00,0.252
20-07-2019 22:00,0.19
20-07-2019 23:00,0.142
21-07-2019 00:00,0.111
21-07-2019 01:00,0.099
21-07-2019 02:00,0.104
21-07-2019 03:00,0.117
21-07-2019 04:00,0.101
21-07-2019 05:00,0.059
21-07-2019 06:00,0.059
21-07-2019 07:00,0.095
21-07-2019 08:00,0.155
21-07-2019 09:00,0.193
21-07-2019 10:00,0.19
21-07-2019 11:00,0.183
21-07-2019 12:00,0.167
21-07-2019 13:00,0.146
21-07-2019 14:00,0.138
21-07-2019 15:00,0.14
21-07-2019 16:00,0.128
21-07-2019 17:00,0.115
21-07-2019 18:00,0.131
21-07-2019 19:00,0.153
21-07-2019 20:00,0.147
21-07-2019 21:00,0.122
21-07-2019 22:00,0.082
21-07-2019 23:00,0.061
22-07-2019 00:00,0.038
22-07-2019 01:00,0.021
22-07-2019 02:00,0.014
22-07-2019 03:00,0.023
22-07-2019 04:00,0.032
22-07-2019 05:00,0.02
22-07-2019 06:00,0.024
22-07-2019 07:00,0.049
22-07-2019 08:00,0.073
22-07-2019 09:00,0.088
22-07-2019 10:00,0.094
22-07-2019 11:00,0.101
22-07-2019 12:00,0.105
22-07-2019 13:00,0.103
22-07-2019 14:00,0.096
22-07-2019 15:00,0.087
22-07-2019 16:00,0.082
22-07-2019 17:00,0.077
22-07-2019 18:00,0.087
22-07-2019 19:00,0.102
22-07-2019 20:00,0.113
22-07-2019 21:00,0.116
22-07-2019 22:00,0.112
22-07-2019 23:00,0.104
23-07-2019 00:00,0.092
23-07-2019 01:00,0.08
23-07-2019 02:00,0.07
23-07-2019 03:00,0.066
23-07-2019 04:00,0.061
23-07-2019 05:00,0.033
23-07-2019 06:00,0.029
23-07-2019 07:00,0.024
23-07-2019 08:00,0.018
23-07-2019 09:00,0.014
23-07-2019 10:00,0.011
23-07-2019 11:00,0.008
23-07-2019 12:00,0.007
23-07-2019 13:00,0.006
23-07-2019 14:00,0.006
23-07-2019 15:00,0.008
23-07-2019 16:00,0.01
23-07-2019 17:00,0.017
23-07-2019 18:00,0.039
23-07-2019 19:00,0.084
23-07-2019 20:00,0.133
23-07-2019 21:00,0.179
23-07-2019 22:00,0.223
23-07-2019 23:00,0.249
24-07-2019 00:00,0.255
24-07-2019 01:00,0.264
24-07-2019 02:00,0.271
24-07-2019 03:00,0.266
24-07-2019 04:00,0.21
24-07-2019 05:00,0.095
24-07-2019 06:00,0.06
24-07-2019 07:00,0.066
24-07-2019 08:00,0.049
24-07-2019 09:00,0.038
24-07-2019 10:00,0.028
24-07-2019 11:00,0.019
24-07-2019 12:00,0.012
24-07-2019 13:00,0.008
24-07-2019 14:00,0.007
24-07-2019 15:00,0.005
24-07-2019 16:00,0.003
24-07-2019 17:00,0.002
24-07-2019 18:00,0.006
24-07-2019 19:00,0.026
24-07-2019 20:00,0.058
24-07-2019 21:00,0.082
24-07-2019 22:00,0.1
24-07-2019 23:00,0.112
25-07-2019 00:00,0.114
25-07-2019 01:00,0.106
25-07-2019 02:00,0.094
25-07-2019 03:00,0.086
25-07-2019 04:00,0.084
25-07-2019 05:00,0.055
25-07-2019 06:00,0.028
25-07-2019 07:00,0.041
25-07-2019 08:00,0.037
25-07-2019 09:00,0.03
25-07-2019 10:00,0.028
25-07-2019 11:00,0.032
25-07-2019 12:00,0.042
25-07-2019 13:00,0.058
25-07-2019 14:00,0.079
25-07-2019 15:00,0.109
25-07-2019 16:00,0.149
25-07-2019 17:00,0.2
25-07-2019 18:00,0.305
25-07-2019 19:00,0.401
25-07-2019 20:00,0.404
25-07-2019 21:00,0.352
25-07-2019 22:00,0.311
25-07-2019 23:00,0.273
26-07-2019 00:00,0.234
26-07-2019 01:00,0.205
26-07-2019 02:00,0.195
26-07-2019 03:00,0.202
26-07-2019 04:00,0.188
26-07-2019 05:00,0.104
26-07-2019 06:00,0.078
26-07-2019 07:00,0.126
26-07-2019 08:00,0.118
26-07-2019 09:00,0.09
26-07-2019 10:00,0.071
26-07-2019 11:00,0.067
26-07-2019 12:00,0.068
26-07-2019 13:00,0.062
26-07-2019 14:00,0.062
26-07-2019 15:00,0.09
26-07-2019 16:00,0.157
26-07-2019 17:00,0.281
26-07-2019 18:00,0.382
26-07-2019 19:00,0.41
26-07-2019 20:00,0.391
26-07-2019 21:00,0.358
26-07-2019 22:00,0.323
26-07-2019 23:00,0.297
27-07-2019 00:00,0.269
27-07-2019 01:00,0.282
27-07-2019 02:00,0.194
27-07-2019 03:00,0.134
27-07-2019 04:00,0.097
27-07-2019 05:00,0.074
27-07-2019 06:00,0.098
27-07-2019 07:00,0.091
27-07-2019 08:00,0.09
27-07-2019 09:00,0.083
27-07-2019 10:00,0.07
27-07-2019 11:00,0.061
27-07-2019 12:00,0.061
27-07-2019 13:00,0.065
27-07-2019 14:00,0.061
27-07-2019 15:00,0.053
27-07-2019 16:00,0.04
27-07-2019 17:00,0.02
27-07-2019 18:00,0.005
27-07-2019 19:00,0.007
27-07-2019 20:00,0.013
27-07-2019 21:00,0.026
27-07-2019 22:00,0.046
27-07-2019 23:00,0.058
28-07-2019 00:00,0.073
28-07-2019 01:00,0.084
28-07-2019 02:00,0.088
28-07-2019 03:00,0.099
28-07-2019 04:00,0.096
28-07-2019 05:00,0.075
28-07-2019 06:00,0.078
28-07-2019 07:00,0.088
28-07-2019 08:00,0.075
28-07-2019 09:00,0.064
28-07-2019 10:00,0.061
28-07-2019 11:00,0.058
28-07-2019 12:00,0.053
28-07-2019 13:00,0.047
28-07-2019 14:00,0.045
28-07-2019 15:00,0.045
28-07-2019 16:00,0.053
28-07-2019 17:00,0.068
28-07-2019 18:00,0.108
28-07-2019 19:00,0.167
28-07-2019 20:00,0.213
28-07-2019 21:00,0.225
28-07-2019 22:00,0.203
28-07-2019 23:00,0.202
29-07-2019 00:00,0.195
29-07-2019 01:00,0.179
29-07-2019 02:00,0.164
29-07-2019 03:00,0.153
29-07-2019 04:00,0.138
29-07-2019 05:00,0.148
29-07-2019 06:00,0.145
29-07-2019 07:00,0.128
29-07-2019 08:00,0.113
29-07-2019 09:00,0.101
29-07-2019 10:00,0.089
29-07-2019 11:00,0.076
29-07-2019 12:00,0.065
29-07-2019 13:00,0.061
29-07-2019 14:00,0.059
29-07-2019 15:00,0.051
29-07-2019 16:00,0.041
29-07-2019 17:00,0.03
29-07-2019 18:00,0.022
29-07-2019 19:00,0.015
29-07-2019 20:00,0.008
29-07-2019 21:00,0.004
29-07-2019 22:00,0.002
29-07-2019 23:00,0.001
30-07-2019 00:00,0.002
30-07-2019 01:00,0.003
30-07-2019 02:00,0.005
30-07-2019 03:00,0.006
30-07-2019 04:00,0.008
30-07-2019 05:00,0.009
30-07-2019 06:00,0.02
30-07-2019 07:00,0.03
30-07-2019 08:00,0.045
30-07-2019 09:00,0.061
30-07-2019 10:00,0.071
30-07-2019 11:00,0.077
30-07-2019 12:00,0.078
30-07-2019 13:00,0.078
30-07-2019 14:00,0.076
30-07-2019 15:00,0.076
30-07-2019 16:00,0.077
30-07-2019 17:00,0.071
30-07-2019 18:00,0.088
30-07-2019 19:00,0.151
30-07-2019 20:00,0.251
30-07-2019 21:00,0.346
30-07-2019 22:00,0.395
30-07-2019 23:00,0.358
31-07-2019 00:00,0.268
31-07-2019 01:00,0.161
31-07-2019 02:00,0.112
31-07-2019 03:00,0.091
31-07-2019 04:00,0.057
31-07-2019 05:00,0.059
31-07-2019 06:00,0.108
31-07-2019 07:00,0.1
31-07-2019 08:00,0.062
31-07-2019 09:00,0.065
31-07-2019 10:00,0.099
31-07-2019 11:00,0.134
31-07-2019 12:00,0.149
31-07-2019 13:00,0.154
31-07-2019 14:00,0.159
31-07-2019 15:00,0.158
31-07-2019 16:00,0.147
31-07-2019 17:00,0.121
31-07-2019 18:00,0.12
31-07-2019 19:00,0.144
31-07-2019 20:00,0.147
31-07-2019 21:00,0.136
31-07-2019 22:00,0.11
31-07-2019 23:00,0.079
01-08-2019 00:00,0.052
01-08-2019 01:00,0.027
01-08-2019 02:00,0.011
01-08-2019 03:00,0.002
01-08-2019 04:00,0.003
01-08-2019 05:00,0.007
01-08-2019 06:00,0.034
01-08-2019 07:00,0.066
01-08-2019 08:00,0.087
01-08-2019 09:00,0.095
01-08-2019 10:00,0.092
01-08-2019 11:00,0.074
01-08-2019 12:00,0.054
01-08-2019 13:00,0.046
01-08-2019 14:00,0.055
01-08-2019 15:00,0.06
01-08-2019 16:00,0.049
01-08-2019 17:00,0.044
01-08-2019 18:00,0.046
01-08-2019 19:00,0.051
01-08-2019 20:00,0.063
01-08-2019 21:00,0.069
01-08-2019 22:00,0.067
01-08-2019 23:00,0.061
02-08-2019 00:00,0.058
02-08-2019 01:00,0.064
02-08-2019 02:00,0.078
02-08-2019 03:00,0.084
02-08-2019 04:00,0.061
02-08-2019 05:00,0.021
02-08-2019 06:00,0.008
02-08-2019 07:00,0.005
02-08-2019 08:00,0.007
02-08-2019 09:00,0.015
02-08-2019 10:00,0.03
02-08-2019 11:00,0.045
02-08-2019 12:00,0.055
02-08-2019 13:00,0.056
02-08-2019 14:00,0.053
02-08-2019 15:00,0.055
02-08-2019 16:00,0.061
02-08-2019 17:00,0.061
02-08-2019 18:00,0.06
02-08-2019 19:00,0.054
02-08-2019 20:00,0.043
02-08-2019 21:00,0.039
02-08-2019 22:00,0.042
02-08-2019 23:00,0.058
03-08-2019 00:00,0.077
03-08-2019 01:00,0.091
03-08-2019 02:00,0.084
03-08-2019 03:00,0.065
03-08-2019 04:00,0.049
03-08-2019 05:00,0.035
03-08-2019 06:00,0.041
03-08-2019 07:00,0.053
03-08-2019 08:00,0.064
03-08-2019 09:00,0.074
03-08-2019 10:00,0.085
03-08-2019 11:00,0.093
03-08-2019 12:00,0.099
03-08-2019 13:00,0.108
03-08-2019 14:00,0.113
03-08-2019 15:00,0.117
03-08-2019 16:00,0.113
03-08-2019 17:00,0.1
03-08-2019 18:00,0.105
03-08-2019 19:00,0.112
03-08-2019 20:00,0.111
03-08-2019 21:00,0.102
03-08-2019 22:00,0.089
03-08-2019 23:00,0.074
04-08-2019 00:00,0.061
04-08-2019 01:00,0.05
04-08-2019 02:00,0.041
04-08-2019 03:00,0.034
04-08-2019 04:00,0.029
04-08-2019 05:00,0.014
04-08-2019 06:00,0.003
04-08-2019 07:00,0.004
04-08-2019 08:00,0.01
04-08-2019 09:00,0.016
04-08-2019 10:00,0.02
04-08-2019 11:00,0.024
04-08-2019 12:00,0.023
04-08-2019 13:00,0.022
04-08-2019 14:00,0.02
04-08-2019 15:00,0.017
04-08-2019 16:00,0.014
04-08-2019 17:00,0.009
04-08-2019 18:00,0.001
04-08-2019 19:00,0.007
04-08-2019 20:00,0.028
04-08-2019 21:00,0.051
04-08-2019 22:00,0.075
04-08-2019 23:00,0.099
05-08-2019 00:00,0.122
05-08-2019 01:00,0.15
05-08-2019 02:00,0.154
05-08-2019 03:00,0.136
05-08-2019 04:00,0.137
05-08-2019 05:00,0.102
05-08-2019 06:00,0.095
05-08-2019 07:00,0.086
05-08-2019 08:00,0.095
05-08-2019 09:00,0.128
05-08-2019 10:00,0.144
05-08-2019 11:00,0.133
05-08-2019 12:00,0.136
05-08-2019 13:00,0.154
05-08-2019 14:00,0.163
05-08-2019 15:00,0.155
05-08-2019 16:00,0.132
05-08-2019 17:00,0.081
05-08-2019 18:00,0.047
05-08-2019 19:00,0.036
05-08-2019 20:00,0.041
05-08-2019 21:00,0.05
05-08-2019 22:00,0.053
05-08-2019 23:00,0.039
06-08-2019 00:00,0.018
06-08-2019 01:00,0.006
06-08-2019 02:00,0.01
06-08-2019 03:00,0.031
06-08-2019 04:00,0.063
06-08-2019 05:00,0.063
06-08-2019 06:00,0.076
06-08-2019 07:00,0.134
06-08-2019 08:00,0.144
06-08-2019 09:00,0.167
06-08-2019 10:00,0.188
06-08-2019 11:00,0.218
06-08-2019 12:00,0.238
06-08-2019 13:00,0.226
06-08-2019 14:00,0.201
06-08-2019 15:00,0.147
06-08-2019 16:00,0.081
06-08-2019 17:00,0.044
06-08-2019 18:00,0.038
06-08-2019 19:00,0.044
06-08-2019 20:00,0.047
06-08-2019 21:00,0.056
06-08-2019 22:00,0.068
06-08-2019 23:00,0.084
07-08-2019 00:00,0.1
07-08-2019 01:00,0.104
07-08-2019 02:00,0.113
07-08-2019 03:00,0.12
07-08-2019 04:00,0.121
07-08-2019 05:00,0.094
07-08-2019 06:00,0.085
07-08-2019 07:00,0.117
07-08-2019 08:00,0.146
07-08-2019 09:00,0.144
07-08-2019 10:00,0.153
07-08-2019 11:00,0.17
07-08-2019 12:00,0.144
07-08-2019 13:00,0.112
07-08-2019 14:00,0.096
07-08-2019 15:00,0.085
07-08-2019 16:00,0.07
07-08-2019 17:00,0.083
07-08-2019 18:00,0.13
07-08-2019 19:00,0.18
07-08-2019 20:00,0.201
07-08-2019 21:00,0.199
07-08-2019 22:00,0.192
07-08-2019 23:00,0.178
08-08-2019 00:00,0.15
08-08-2019 01:00,0.133
08-08-2019 02:00,0.137
08-08-2019 03:00,0.145
08-08-2019 04:00,0.128
08-08-2019 05:00,0.081
08-08-2019 06:00,0.073
08-08-2019 07:00,0.112
08-08-2019 08:00,0.155
08-08-2019 09:00,0.187
08-08-2019 10:00,0.216
08-08-2019 11:00,0.227
08-08-2019 12:00,0.228
08-08-2019 13:00,0.234
08-08-2019 14:00,0.229
08-08-2019 15:00,0.215
08-08-2019 16:00,0.188
08-08-2019 17:00,0.142
08-08-2019 18:00,0.113
08-08-2019 19:00,0.081
08-08-2019 20:00,0.046
08-08-2019 21:00,0.02
08-08-2019 22:00,0.007
08-08-2019 23:00,0.002
09-08-2019 00:00,0.019
09-08-2019 01:00,0.062
09-08-2019 02:00,0.112
09-08-2019 03:00,0.14
09-08-2019 04:00,0.144
09-08-2019 05:00,0.094
09-08-2019 06:00,0.068
09-08-2019 07:00,0.067
09-08-2019 08:00,0.149
09-08-2019 09:00,0.177
09-08-2019 10:00,0.17
09-08-2019 11:00,0.164
09-08-2019 12:00,0.167
09-08-2019 13:00,0.178
09-08-2019 14:00,0.192
09-08-2019 15:00,0.202
09-08-2019 16:00,0.158
09-08-2019 17:00,0.11
09-08-2019 18:00,0.101
09-08-2019 19:00,0.091
09-08-2019 20:00,0.102
09-08-2019 21:00,0.136
09-08-2019 22:00,0.13
09-08-2019 23:00,0.156
10-08-2019 00:00,0.195
10-08-2019 01:00,0.234
10-08-2019 02:00,0.243
10-08-2019 03:00,0.239
10-08-2019 04:00,0.261
10-08-2019 05:00,0.379
10-08-2019 06:00,0.55
10-08-2019 07:00,0.466
10-08-2019 08:00,0.491
10-08-2019 09:00,0.55
10-08-2019 10:00,0.6
10-08-2019 11:00,0.625
10-08-2019 12:00,0.613
10-08-2019 13:00,0.59
10-08-2019 14:00,0.566
10-08-2019 15:00,0.535
10-08-2019 16:00,0.5
10-08-2019 17:00,0.413
10-08-2019 18:00,0.348
10-08-2019 19:00,0.329
10-08-2019 20:00,0.302
10-08-2019 21:00,0.289
10-08-2019 22:00,0.286
10-08-2019 23:00,0.261
11-08-2019 00:00,0.234
11-08-2019 01:00,0.202
11-08-2019 02:00,0.17
11-08-2019 03:00,0.157
11-08-2019 04:00,0.152
11-08-2019 05:00,0.102
11-08-2019 06:00,0.092
11-08-2019 07:00,0.153
11-08-2019 08:00,0.201
11-08-2019 09:00,0.233
11-08-2019 10:00,0.233
11-08-2019 11:00,0.209
11-08-2019 12:00,0.181
11-08-2019 13:00,0.149
11-08-2019 14:00,0.118
11-08-2019 15:00,0.112
11-08-2019 16:00,0.135
11-08-2019 17:00,0.205
11-08-2019 18:00,0.225
11-08-2019 19:00,0.176
11-08-2019 20:00,0.121
11-08-2019 21:00,0.069
11-08-2019 22:00,0.058
11-08-2019 23:00,0.094
12-08-2019 00:00,0.125
12-08-2019 01:00,0.133
12-08-2019 02:00,0.132
12-08-2019 03:00,0.118
12-08-2019 04:00,0.096
12-08-2019 05:00,0.053
12-08-2019 06:00,0.036
12-08-2019 07:00,0.038
12-08-2019 08:00,0.045
12-08-2019 09:00,0.054
12-08-2019 10:00,0.068
12-08-2019 11:00,0.075
12-08-2019 12:00,0.07
12-08-2019 13:00,0.075
12-08-2019 14:00,0.088
12-08-2019 15:00,0.105
12-08-2019 16:00,0.139
12-08-2019 17:00,0.114
12-08-2019 18:00,0.094
12-08-2019 19:00,0.112
12-08-2019 20:00,0.118
12-08-2019 21:00,0.118
12-08-2019 22:00,0.125
12-08-2019 23:00,0.136
13-08-2019 00:00,0.147
13-08-2019 01:00,0.149
13-08-2019 02:00,0.148
13-08-2019 03:00,0.149
13-08-2019 04:00,0.144
13-08-2019 05:00,0.136
13-08-2019 06:00,0.205
13-08-2019 07:00,0.274
13-08-2019 08:00,0.307
13-08-2019 09:00,0.302
13-08-2019 10:00,0.281
13-08-2019 11:00,0.264
13-08-2019 12:00,0.251
13-08-2019 13:00,0.225
13-08-2019 14:00,0.193
13-08-2019 15:00,0.168
13-08-2019 16:00,0.144
13-08-2019 17:00,0.108
13-08-2019 18:00,0.101
13-08-2019 19:00,0.104
13-08-2019 20:00,0.1
13-08-2019 21:00,0.084
13-08-2019 22:00,0.073
13-08-2019 23:00,0.071
14-08-2019 00:00,0.05
14-08-2019 01:00,0.026
14-08-2019 02:00,0.025
14-08-2019 03:00,0.038
14-08-2019 04:00,0.05
14-08-2019 05:00,0.037
14-08-2019 06:00,0.044
14-08-2019 07:00,0.05
14-08-2019 08:00,0.058
14-08-2019 09:00,0.072
14-08-2019 10:00,0.084
14-08-2019 11:00,0.089
14-08-2019 12:00,0.089
14-08-2019 13:00,0.085
14-08-2019 14:00,0.078
14-08-2019 15:00,0.071
14-08-2019 16:00,0.063
14-08-2019 17:00,0.051
14-08-2019 18:00,0.06
14-08-2019 19:00,0.102
14-08-2019 20:00,0.155
14-08-2019 21:00,0.2
14-08-2019 22:00,0.221
14-08-2019 23:00,0.238
15-08-2019 00:00,0.266
15-08-2019 01:00,0.301
15-08-2019 02:00,0.282
15-08-2019 03:00,0.251
15-08-2019 04:00,0.266
15-08-2019 05:00,0.202
15-08-2019 06:00,0.17
15-08-2019 07:00,0.158
15-08-2019 08:00,0.229
15-08-2019 09:00,0.3
15-08-2019 10:00,0.311
15-08-2019 11:00,0.305
15-08-2019 12:00,0.278
15-08-2019 13:00,0.27
15-08-2019 14:00,0.286
15-08-2019 15:00,0.296
15-08-2019 16:00,0.24
15-08-2019 17:00,0.191
15-08-2019 18:00,0.227
15-08-2019 19:00,0.256
15-08-2019 20:00,0.218
15-08-2019 21:00,0.199
15-08-2019 22:00,0.223
15-08-2019 23:00,0.218
16-08-2019 00:00,0.192
16-08-2019 01:00,0.163
16-08-2019 02:00,0.147
16-08-2019 03:00,0.138
16-08-2019 04:00,0.134
16-08-2019 05:00,0.084
16-08-2019 06:00,0.091
16-08-2019 07:00,0.097
16-08-2019 08:00,0.104
16-08-2019 09:00,0.112
16-08-2019 10:00,0.108
16-08-2019 11:00,0.102
16-08-2019 12:00,0.102
16-08-2019 13:00,0.106
16-08-2019 14:00,0.102
16-08-2019 15:00,0.089
16-08-2019 16:00,0.078
16-08-2019 17:00,0.069
16-08-2019 18:00,0.064
16-08-2019 19:00,0.062
16-08-2019 20:00,0.08
16-08-2019 21:00,0.108
16-08-2019 22:00,0.138
16-08-2019 23:00,0.188
17-08-2019 00:00,0.21
17-08-2019 01:00,0.207
17-08-2019 02:00,0.196
17-08-2019 03:00,0.203
17-08-2019 04:00,0.209
17-08-2019 05:00,0.163
17-08-2019 06:00,0.148
17-08-2019 07:00,0.219
17-08-2019 08:00,0.27
17-08-2019 09:00,0.289
17-08-2019 10:00,0.349
17-08-2019 11:00,0.445
17-08-2019 12:00,0.507
17-08-2019 13:00,0.451
17-08-2019 14:00,0.437
17-08-2019 15:00,0.396
17-08-2019 16:00,0.25
17-08-2019 17:00,0.183
17-08-2019 18:00,0.187
17-08-2019 19:00,0.171
17-08-2019 20:00,0.156
17-08-2019 21:00,0.158
17-08-2019 22:00,0.155
17-08-2019 23:00,0.156
18-08-2019 00:00,0.159
18-08-2019 01:00,0.159
18-08-2019 02:00,0.161
18-08-2019 03:00,0.165
18-08-2019 04:00,0.168
18-08-2019 05:00,0.154
18-08-2019 06:00,0.157
18-08-2019 07:00,0.259
18-08-2019 08:00,0.362
18-08-2019 09:00,0.448
18-08-2019 10:00,0.487
18-08-2019 11:00,0.544
18-08-2019 12:00,0.632
18-08-2019 13:00,0.661
18-08-2019 14:00,0.647
18-08-2019 15:00,0.595
18-08-2019 16:00,0.484
18-08-2019 17:00,0.358
18-08-2019 18:00,0.295
18-08-2019 19:00,0.203
18-08-2019 20:00,0.108
18-08-2019 21:00,0.068
18-08-2019 22:00,0.057
18-08-2019 23:00,0.093
19-08-2019 00:00,0.155
19-08-2019 01:00,0.121
19-08-2019 02:00,0.108
19-08-2019 03:00,0.144
19-08-2019 04:00,0.134
19-08-2019 05:00,0.09
19-08-2019 06:00,0.06
19-08-2019 07:00,0.111
19-08-2019 08:00,0.155
19-08-2019 09:00,0.183
19-08-2019 10:00,0.19
19-08-2019 11:00,0.182
19-08-2019 12:00,0.171
19-08-2019 13:00,0.158
19-08-2019 14:00,0.144
19-08-2019 15:00,0.122
19-08-2019 16:00,0.097
19-08-2019 17:00,0.078
19-08-2019 18:00,0.069
19-08-2019 19:00,0.058
19-08-2019 20:00,0.045
19-08-2019 21:00,0.034
19-08-2019 22:00,0.027
19-08-2019 23:00,0.028
20-08-2019 00:00,0.035
20-08-2019 01:00,0.039
20-08-2019 02:00,0.032
20-08-2019 03:00,0.031
20-08-2019 04:00,0.04
20-08-2019 05:00,0.039
20-08-2019 06:00,0.027
20-08-2019 07:00,0.035
20-08-2019 08:00,0.031
20-08-2019 09:00,0.034
20-08-2019 10:00,0.034
20-08-2019 11:00,0.04
20-08-2019 12:00,0.052
20-08-2019 13:00,0.067
20-08-2019 14:00,0.074
20-08-2019 15:00,0.07
20-08-2019 16:00,0.064
20-08-2019 17:00,0.078
20-08-2019 18:00,0.102
20-08-2019 19:00,0.114
20-08-2019 20:00,0.123
20-08-2019 21:00,0.122
20-08-2019 22:00,0.113
20-08-2019 23:00,0.102
21-08-2019 00:00,0.087
21-08-2019 01:00,0.071
21-08-2019 02:00,0.047
21-08-2019 03:00,0.032
21-08-2019 04:00,0.019
21-08-2019 05:00,0.006
21-08-2019 06:00,0.002
21-08-2019 07:00,0.003
21-08-2019 08:00,0.003
21-08-2019 09:00,0.005
21-08-2019 10:00,0.005
21-08-2019 11:00,0.004
21-08-2019 12:00,0.004
21-08-2019 13:00,0.003
21-08-2019 14:00,0.004
21-08-2019 15:00,0.006
21-08-2019 16:00,0.009
21-08-2019 17:00,0.019
21-08-2019 18:00,0.038
21-08-2019 19:00,0.061
21-08-2019 20:00,0.07
21-08-2019 21:00,0.083
21-08-2019 22:00,0.109
21-08-2019 23:00,0.134
22-08-2019 00:00,0.157
22-08-2019 01:00,0.156
22-08-2019 02:00,0.149
22-08-2019 03:00,0.149
22-08-2019 04:00,0.148
22-08-2019 05:00,0.115
22-08-2019 06:00,0.083
22-08-2019 07:00,0.156
22-08-2019 08:00,0.137
22-08-2019 09:00,0.094
22-08-2019 10:00,0.063
22-08-2019 11:00,0.045
22-08-2019 12:00,0.03
22-08-2019 13:00,0.021
22-08-2019 14:00,0.016
22-08-2019 15:00,0.014
22-08-2019 16:00,0.012
22-08-2019 17:00,0.013
22-08-2019 18:00,0.014
22-08-2019 19:00,0.017
22-08-2019 20:00,0.02
22-08-2019 21:00,0.022
22-08-2019 22:00,0.023
22-08-2019 23:00,0.024
23-08-2019 00:00,0.025
23-08-2019 01:00,0.027
23-08-2019 02:00,0.03
23-08-2019 03:00,0.033
23-08-2019 04:00,0.029
23-08-2019 05:00,0.027
23-08-2019 06:00,0.014
23-08-2019 07:00,0.015
23-08-2019 08:00,0.025
23-08-2019 09:00,0.027
23-08-2019 10:00,0.028
23-08-2019 11:00,0.029
23-08-2019 12:00,0.032
23-08-2019 13:00,0.037
23-08-2019 14:00,0.045
23-08-2019 15:00,0.055
23-08-2019 16:00,0.066
23-08-2019 17:00,0.08
23-08-2019 18:00,0.118
23-08-2019 19:00,0.155
23-08-2019 20:00,0.164
23-08-2019 21:00,0.165
23-08-2019 22:00,0.161
23-08-2019 23:00,0.145
24-08-2019 00:00,0.126
24-08-2019 01:00,0.114
24-08-2019 02:00,0.113
24-08-2019 03:00,0.116
24-08-2019 04:00,0.129
24-08-2019 05:00,0.112
24-08-2019 06:00,0.052
24-08-2019 07:00,0.071
24-08-2019 08:00,0.093
24-08-2019 09:00,0.075
24-08-2019 10:00,0.061
24-08-2019 11:00,0.055
24-08-2019 12:00,0.057
24-08-2019 13:00,0.062
24-08-2019 14:00,0.072
24-08-2019 15:00,0.094
24-08-2019 16:00,0.125
24-08-2019 17:00,0.155
24-08-2019 18:00,0.192
24-08-2019 19:00,0.191
24-08-2019 20:00,0.158
24-08-2019 21:00,0.127
24-08-2019 22:00,0.112
24-08-2019 23:00,0.105
25-08-2019 00:00,0.11
25-08-2019 01:00,0.12
25-08-2019 02:00,0.123
25-08-2019 03:00,0.113
25-08-2019 04:00,0.099
25-08-2019 05:00,0.058
25-08-2019 06:00,0.029
25-08-2019 07:00,0.036
25-08-2019 08:00,0.056
25-08-2019 09:00,0.057
25-08-2019 10:00,0.047
25-08-2019 11:00,0.037
25-08-2019 12:00,0.031
25-08-2019 13:00,0.027
25-08-2019 14:00,0.028
25-08-2019 15:00,0.03
25-08-2019 16:00,0.031
25-08-2019 17:00,0.032
25-08-2019 18:00,0.034
25-08-2019 19:00,0.035
25-08-2019 20:00,0.037
25-08-2019 21:00,0.047
25-08-2019 22:00,0.061
25-08-2019 23:00,0.071
26-08-2019 00:00,0.076
26-08-2019 01:00,0.079
26-08-2019 02:00,0.084
26-08-2019 03:00,0.088
26-08-2019 04:00,0.1
26-08-2019 05:00,0.077
26-08-2019 06:00,0.036
26-08-2019 07:00,0.06
26-08-2019 08:00,0.067
26-08-2019 09:00,0.051
26-08-2019 10:00,0.038
26-08-2019 11:00,0.029
26-08-2019 12:00,0.024
26-08-2019 13:00,0.02
26-08-2019 14:00,0.02
26-08-2019 15:00,0.025
26-08-2019 16:00,0.035
26-08-2019 17:00,0.051
26-08-2019 18:00,0.062
26-08-2019 19:00,0.063
26-08-2019 20:00,0.057
26-08-2019 21:00,0.057
26-08-2019 22:00,0.061
26-08-2019 23:00,0.062
27-08-2019 00:00,0.06
27-08-2019 01:00,0.059
27-08-2019 02:00,0.063
27-08-2019 03:00,0.068
27-08-2019 04:00,0.077
27-08-2019 05:00,0.068
27-08-2019 06:00,0.037
27-08-2019 07:00,0.047
27-08-2019 08:00,0.053
27-08-2019 09:00,0.051
27-08-2019 10:00,0.044
27-08-2019 11:00,0.032
27-08-2019 12:00,0.023
27-08-2019 13:00,0.021
27-08-2019 14:00,0.023
27-08-2019 15:00,0.029
27-08-2019 16:00,0.038
27-08-2019 17:00,0.056
27-08-2019 18:00,0.078
27-08-2019 19:00,0.099
27-08-2019 20:00,0.117
27-08-2019 21:00,0.134
27-08-2019 22:00,0.15
27-08-2019 23:00,0.156
28-08-2019 00:00,0.154
28-08-2019 01:00,0.145
28-08-2019 02:00,0.138
28-08-2019 03:00,0.133
28-08-2019 04:00,0.128
28-08-2019 05:00,0.106
28-08-2019 06:00,0.071
28-08-2019 07:00,0.053
28-08-2019 08:00,0.046
28-08-2019 09:00,0.068
28-08-2019 10:00,0.088
28-08-2019 11:00,0.088
28-08-2019 12:00,0.09
28-08-2019 13:00,0.096
28-08-2019 14:00,0.099
28-08-2019 15:00,0.103
28-08-2019 16:00,0.102
28-08-2019 17:00,0.116
28-08-2019 18:00,0.122
28-08-2019 19:00,0.106
28-08-2019 20:00,0.078
28-08-2019 21:00,0.055
28-08-2019 22:00,0.043
28-08-2019 23:00,0.036
29-08-2019 00:00,0.033
29-08-2019 01:00,0.03
29-08-2019 02:00,0.025
29-08-2019 03:00,0.021
29-08-2019 04:00,0.021
29-08-2019 05:00,0.028
29-08-2019 06:00,0.025
29-08-2019 07:00,0.006
29-08-2019 08:00,0.009
29-08-2019 09:00,0.031
29-08-2019 10:00,0.047
29-08-2019 11:00,0.053
29-08-2019 12:00,0.057
29-08-2019 13:00,0.061
29-08-2019 14:00,0.062
29-08-2019 15:00,0.062
29-08-2019 16:00,0.063
29-08-2019 17:00,0.079
29-08-2019 18:00,0.105
29-08-2019 19:00,0.121
29-08-2019 20:00,0.12
29-08-2019 21:00,0.114
29-08-2019 22:00,0.11
29-08-2019 23:00,0.114
30-08-2019 00:00,0.125
30-08-2019 01:00,0.133
30-08-2019 02:00,0.132
30-08-2019 03:00,0.12
30-08-2019 04:00,0.106
30-08-2019 05:00,0.068
30-08-2019 06:00,0.045
30-08-2019 07:00,0.018
30-08-2019 08:00,0.012
30-08-2019 09:00,0.027
30-08-2019 10:00,0.041
30-08-2019 11:00,0.053
30-08-2019 12:00,0.057
30-08-2019 13:00,0.056
30-08-2019 14:00,0.05
30-08-2019 15:00,0.038
30-08-2019 16:00,0.025
30-08-2019 17:00,0.012
30-08-2019 18:00,0.004
30-08-2019 19:00,0.002
30-08-2019 20:00,0.003
30-08-2019 21:00,0.006
30-08-2019 22:00,0.014
30-08-2019 23:00,0.029
31-08-2019 00:00,0.05
31-08-2019 01:00,0.068
31-08-2019 02:00,0.079
31-08-2019 03:00,0.084
31-08-2019 04:00,0.089
31-08-2019 05:00,0.088
31-08-2019 06:00,0.05
31-08-2019 07:00,0.065
31-08-2019 08:00,0.084
31-08-2019 09:00,0.1
31-08-2019 10:00,0.111
31-08-2019 11:00,0.113
31-08-2019 12:00,0.112
31-08-2019 13:00,0.107
31-08-2019 14:00,0.102
31-08-2019 15:00,0.106
31-08-2019 16:00,0.114
31-08-2019 17:00,0.133
31-08-2019 18:00,0.169
31-08-2019 19:00,0.202
31-08-2019 20:00,0.228
31-08-2019 21:00,0.24
31-08-2019 22:00,0.22
31-08-2019 23:00,0.195
01-09-2019 00:00,0.164
01-09-2019 01:00,0.126
01-09-2019 02:00,0.103
01-09-2019 03:00,0.1
01-09-2019 04:00,0.112
01-09-2019 05:00,0.102
01-09-2019 06:00,0.091
01-09-2019 07:00,0.091
01-09-2019 08:00,0.124
01-09-2019 09:00,0.163
01-09-2019 10:00,0.182
01-09-2019 11:00,0.196
01-09-2019 12:00,0.208
01-09-2019 13:00,0.198
01-09-2019 14:00,0.168
01-09-2019 15:00,0.152
01-09-2019 16:00,0.156
01-09-2019 17:00,0.156
01-09-2019 18:00,0.167
01-09-2019 19:00,0.178
01-09-2019 20:00,0.167
01-09-2019 21:00,0.146
01-09-2019 22:00,0.128
01-09-2019 23:00,0.117
02-09-2019 00:00,0.104
02-09-2019 01:00,0.093
02-09-2019 02:00,0.09
02-09-2019 03:00,0.094
02-09-2019 04:00,0.101
02-09-2019 05:00,0.08
02-09-2019 06:00,0.074
02-09-2019 07:00,0.093
02-09-2019 08:00,0.093
02-09-2019 09:00,0.083
02-09-2019 10:00,0.084
02-09-2019 11:00,0.092
02-09-2019 12:00,0.096
02-09-2019 13:00,0.098
02-09-2019 14:00,0.093
02-09-2019 15:00,0.089
02-09-2019 16:00,0.076
02-09-2019 17:00,0.074
02-09-2019 18:00,0.083
02-09-2019 19:00,0.076
02-09-2019 20:00,0.057
02-09-2019 21:00,0.033
02-09-2019 22:00,0.015
02-09-2019 23:00,0.006
03-09-2019 00:00,0.009
03-09-2019 01:00,0.025
03-09-2019 02:00,0.051
03-09-2019 03:00,0.087
03-09-2019 04:00,0.119
03-09-2019 05:00,0.114
03-09-2019 06:00,0.058
03-09-2019 07:00,0.115
03-09-2019 08:00,0.145
03-09-2019 09:00,0.157
03-09-2019 10:00,0.162
03-09-2019 11:00,0.168
03-09-2019 12:00,0.176
03-09-2019 13:00,0.178
03-09-2019 14:00,0.172
03-09-2019 15:00,0.153
03-09-2019 16:00,0.12
03-09-2019 17:00,0.093
03-09-2019 18:00,0.09
03-09-2019 19:00,0.093
03-09-2019 20:00,0.095
03-09-2019 21:00,0.084
03-09-2019 22:00,0.063
03-09-2019 23:00,0.046
04-09-2019 00:00,0.037
04-09-2019 01:00,0.039
04-09-2019 02:00,0.047
04-09-2019 03:00,0.058
04-09-2019 04:00,0.067
04-09-2019 05:00,0.071
04-09-2019 06:00,0.041
04-09-2019 07:00,0.075
04-09-2019 08:00,0.158
04-09-2019 09:00,0.204
04-09-2019 10:00,0.237
04-09-2019 11:00,0.259
04-09-2019 12:00,0.267
04-09-2019 13:00,0.269
04-09-2019 14:00,0.264
04-09-2019 15:00,0.255
04-09-2019 16:00,0.223
04-09-2019 17:00,0.198
04-09-2019 18:00,0.194
04-09-2019 19:00,0.185
04-09-2019 20:00,0.2
04-09-2019 21:00,0.238
04-09-2019 22:00,0.225
04-09-2019 23:00,0.194
05-09-2019 00:00,0.145
05-09-2019 01:00,0.118
05-09-2019 02:00,0.105
05-09-2019 03:00,0.106
05-09-2019 04:00,0.114
05-09-2019 05:00,0.108
05-09-2019 06:00,0.113
05-09-2019 07:00,0.183
05-09-2019 08:00,0.22
05-09-2019 09:00,0.238
05-09-2019 10:00,0.261
05-09-2019 11:00,0.281
05-09-2019 12:00,0.29
05-09-2019 13:00,0.287
05-09-2019 14:00,0.278
05-09-2019 15:00,0.281
05-09-2019 16:00,0.291
05-09-2019 17:00,0.291
05-09-2019 18:00,0.294
05-09-2019 19:00,0.251
05-09-2019 20:00,0.201
05-09-2019 21:00,0.169
05-09-2019 22:00,0.151
05-09-2019 23:00,0.146
06-09-2019 00:00,0.127
06-09-2019 01:00,0.099
06-09-2019 02:00,0.083
06-09-2019 03:00,0.075
06-09-2019 04:00,0.071
06-09-2019 05:00,0.05
06-09-2019 06:00,0.026
06-09-2019 07:00,0.009
06-09-2019 08:00,0.002
06-09-2019 09:00,0.001
06-09-2019 10:00,0.002
06-09-2019 11:00,0.005
06-09-2019 12:00,0.009
06-09-2019 13:00,0.013
06-09-2019 14:00,0.016
06-09-2019 15:00,0.02
06-09-2019 16:00,0.025
06-09-2019 17:00,0.033
06-09-2019 18:00,0.033
06-09-2019 19:00,0.028
06-09-2019 20:00,0.023
06-09-2019 21:00,0.02
06-09-2019 22:00,0.019
06-09-2019 23:00,0.019
07-09-2019 00:00,0.02
07-09-2019 01:00,0.024
07-09-2019 02:00,0.035
07-09-2019 03:00,0.062
07-09-2019 04:00,0.087
07-09-2019 05:00,0.092
07-09-2019 06:00,0.057
07-09-2019 07:00,0.037
07-09-2019 08:00,0.018
07-09-2019 09:00,0.019
07-09-2019 10:00,0.037
07-09-2019 11:00,0.06
07-09-2019 12:00,0.078
07-09-2019 13:00,0.08
07-09-2019 14:00,0.063
07-09-2019 15:00,0.04
07-09-2019 16:00,0.022
07-09-2019 17:00,0.013
07-09-2019 18:00,0.008
07-09-2019 19:00,0.005
07-09-2019 20:00,0.004
07-09-2019 21:00,0.005
07-09-2019 22:00,0.006
07-09-2019 23:00,0.008
08-09-2019 00:00,0.009
08-09-2019 01:00,0.008
08-09-2019 02:00,0.006
08-09-2019 03:00,0.004
08-09-2019 04:00,0.004
08-09-2019 05:00,0.007
08-09-2019 06:00,0.01
08-09-2019 07:00,0.022
08-09-2019 08:00,0.03
08-09-2019 09:00,0.036
08-09-2019 10:00,0.035
08-09-2019 11:00,0.025
08-09-2019 12:00,0.018
08-09-2019 13:00,0.013
08-09-2019 14:00,0.013
08-09-2019 15:00,0.013
08-09-2019 16:00,0.018
08-09-2019 17:00,0.039
08-09-2019 18:00,0.061
08-09-2019 19:00,0.072
08-09-2019 20:00,0.08
08-09-2019 21:00,0.078
08-09-2019 22:00,0.07
08-09-2019 23:00,0.062
09-09-2019 00:00,0.062
09-09-2019 01:00,0.075
09-09-2019 02:00,0.105
09-09-2019 03:00,0.117
09-09-2019 04:00,0.13
09-09-2019 05:00,0.126
09-09-2019 06:00,0.112
09-09-2019 07:00,0.126
09-09-2019 08:00,0.153
09-09-2019 09:00,0.166
09-09-2019 10:00,0.152
09-09-2019 11:00,0.135
09-09-2019 12:00,0.125
09-09-2019 13:00,0.12
09-09-2019 14:00,0.118
09-09-2019 15:00,0.11
09-09-2019 16:00,0.093
09-09-2019 17:00,0.095
09-09-2019 18:00,0.099
09-09-2019 19:00,0.088
09-09-2019 20:00,0.074
09-09-2019 21:00,0.067
09-09-2019 22:00,0.064
09-09-2019 23:00,0.068
10-09-2019 00:00,0.072
10-09-2019 01:00,0.071
10-09-2019 02:00,0.069
10-09-2019 03:00,0.056
10-09-2019 04:00,0.036
10-09-2019 05:00,0.019
10-09-2019 06:00,0.007
10-09-2019 07:00,0.005
10-09-2019 08:00,0.009
10-09-2019 09:00,0.024
10-09-2019 10:00,0.031
10-09-2019 11:00,0.036
10-09-2019 12:00,0.038
10-09-2019 13:00,0.038
10-09-2019 14:00,0.034
10-09-2019 15:00,0.025
10-09-2019 16:00,0.014
10-09-2019 17:00,0.007
10-09-2019 18:00,0.003
10-09-2019 19:00,0.005
10-09-2019 20:00,0.012
10-09-2019 21:00,0.023
10-09-2019 22:00,0.035
10-09-2019 23:00,0.047
11-09-2019 00:00,0.051
11-09-2019 01:00,0.047
11-09-2019 02:00,0.042
11-09-2019 03:00,0.037
11-09-2019 04:00,0.035
11-09-2019 05:00,0.04
11-09-2019 06:00,0.03
11-09-2019 07:00,0.021
11-09-2019 08:00,0.038
11-09-2019 09:00,0.062
11-09-2019 10:00,0.091
11-09-2019 11:00,0.113
11-09-2019 12:00,0.134
11-09-2019 13:00,0.155
11-09-2019 14:00,0.17
11-09-2019 15:00,0.183
11-09-2019 16:00,0.172
11-09-2019 17:00,0.199
11-09-2019 18:00,0.258
11-09-2019 19:00,0.264
11-09-2019 20:00,0.218
11-09-2019 21:00,0.177
11-09-2019 22:00,0.169
11-09-2019 23:00,0.199
12-09-2019 00:00,0.213
12-09-2019 01:00,0.225
12-09-2019 02:00,0.211
12-09-2019 03:00,0.192
12-09-2019 04:00,0.182
12-09-2019 05:00,0.169
12-09-2019 06:00,0.122
12-09-2019 07:00,0.125
12-09-2019 08:00,0.155
12-09-2019 09:00,0.17
12-09-2019 10:00,0.192
12-09-2019 11:00,0.21
12-09-2019 12:00,0.222
12-09-2019 13:00,0.225
12-09-2019 14:00,0.223
12-09-2019 15:00,0.216
12-09-2019 16:00,0.181
12-09-2019 17:00,0.178
12-09-2019 18:00,0.196
12-09-2019 19:00,0.208
12-09-2019 20:00,0.216
12-09-2019 21:00,0.205
12-09-2019 22:00,0.183
12-09-2019 23:00,0.163
13-09-2019 00:00,0.159
13-09-2019 01:00,0.146
13-09-2019 02:00,0.136
13-09-2019 03:00,0.131
13-09-2019 04:00,0.13
13-09-2019 05:00,0.128
13-09-2019 06:00,0.082
13-09-2019 07:00,0.137
13-09-2019 08:00,0.167
13-09-2019 09:00,0.16
13-09-2019 10:00,0.149
13-09-2019 11:00,0.146
13-09-2019 12:00,0.149
13-09-2019 13:00,0.146
13-09-2019 14:00,0.136
13-09-2019 15:00,0.126
13-09-2019 16:00,0.121
13-09-2019 17:00,0.143
13-09-2019 18:00,0.186
13-09-2019 19:00,0.202
13-09-2019 20:00,0.201
13-09-2019 21:00,0.199
13-09-2019 22:00,0.2
13-09-2019 23:00,0.194
14-09-2019 00:00,0.184
14-09-2019 01:00,0.177
14-09-2019 02:00,0.168
14-09-2019 03:00,0.168
14-09-2019 04:00,0.168
14-09-2019 05:00,0.146
14-09-2019 06:00,0.106
14-09-2019 07:00,0.114
14-09-2019 08:00,0.072
14-09-2019 09:00,0.03
14-09-2019 10:00,0.011
14-09-2019 11:00,0.006
14-09-2019 12:00,0.011
14-09-2019 13:00,0.014
14-09-2019 14:00,0.008
14-09-2019 15:00,0.008
14-09-2019 16:00,0.02
14-09-2019 17:00,0.065
14-09-2019 18:00,0.109
14-09-2019 19:00,0.134
14-09-2019 20:00,0.135
14-09-2019 21:00,0.13
14-09-2019 22:00,0.126
14-09-2019 23:00,0.127
15-09-2019 00:00,0.133
15-09-2019 01:00,0.139
15-09-2019 02:00,0.142
15-09-2019 03:00,0.133
15-09-2019 04:00,0.118
15-09-2019 05:00,0.107
15-09-2019 06:00,0.063
15-09-2019 07:00,0.043
15-09-2019 08:00,0.11
15-09-2019 09:00,0.122
15-09-2019 10:00,0.131
15-09-2019 11:00,0.139
15-09-2019 12:00,0.153
15-09-2019 13:00,0.173
15-09-2019 14:00,0.192
15-09-2019 15:00,0.199
15-09-2019 16:00,0.195
15-09-2019 17:00,0.212
15-09-2019 18:00,0.213
15-09-2019 19:00,0.206
15-09-2019 20:00,0.192
15-09-2019 21:00,0.185
15-09-2019 22:00,0.167
15-09-2019 23:00,0.131
16-09-2019 00:00,0.093
16-09-2019 01:00,0.074
16-09-2019 02:00,0.064
16-09-2019 03:00,0.043
16-09-2019 04:00,0.023
16-09-2019 05:00,0.011
16-09-2019 06:00,0.004
16-09-2019 07:00,0.001
16-09-2019 08:00,0.011
16-09-2019 09:00,0.054
16-09-2019 10:00,0.118
16-09-2019 11:00,0.175
16-09-2019 12:00,0.234
16-09-2019 13:00,0.286
16-09-2019 14:00,0.306
16-09-2019 15:00,0.273
16-09-2019 16:00,0.167
16-09-2019 17:00,0.111
16-09-2019 18:00,0.102
16-09-2019 19:00,0.105
16-09-2019 20:00,0.103
16-09-2019 21:00,0.095
16-09-2019 22:00,0.102
16-09-2019 23:00,0.113
17-09-2019 00:00,0.113
17-09-2019 01:00,0.108
17-09-2019 02:00,0.102
17-09-2019 03:00,0.093
17-09-2019 04:00,0.086
17-09-2019 05:00,0.076
17-09-2019 06:00,0.073
17-09-2019 07:00,0.14
17-09-2019 08:00,0.176
17-09-2019 09:00,0.21
17-09-2019 10:00,0.266
17-09-2019 11:00,0.341
17-09-2019 12:00,0.419
17-09-2019 13:00,0.484
17-09-2019 14:00,0.535
17-09-2019 15:00,0.563
17-09-2019 16:00,0.548
17-09-2019 17:00,0.521
17-09-2019 18:00,0.495
17-09-2019 19:00,0.443
17-09-2019 20:00,0.342
17-09-2019 21:00,0.261
17-09-2019 22:00,0.223
17-09-2019 23:00,0.201
18-09-2019 00:00,0.182
18-09-2019 01:00,0.164
18-09-2019 02:00,0.152
18-09-2019 03:00,0.139
18-09-2019 04:00,0.118
18-09-2019 05:00,0.084
18-09-2019 06:00,0.049
18-09-2019 07:00,0.087
18-09-2019 08:00,0.08
18-09-2019 09:00,0.067
18-09-2019 10:00,0.068
18-09-2019 11:00,0.083
18-09-2019 12:00,0.105
18-09-2019 13:00,0.132
18-09-2019 14:00,0.154
18-09-2019 15:00,0.177
18-09-2019 16:00,0.19
18-09-2019 17:00,0.23
18-09-2019 18:00,0.281
18-09-2019 19:00,0.289
18-09-2019 20:00,0.257
18-09-2019 21:00,0.204
18-09-2019 22:00,0.178
18-09-2019 23:00,0.169
19-09-2019 00:00,0.161
19-09-2019 01:00,0.153
19-09-2019 02:00,0.137
19-09-2019 03:00,0.118
19-09-2019 04:00,0.106
19-09-2019 05:00,0.1
19-09-2019 06:00,0.058
19-09-2019 07:00,0.115
19-09-2019 08:00,0.106
19-09-2019 09:00,0.096
19-09-2019 10:00,0.096
19-09-2019 11:00,0.094
19-09-2019 12:00,0.084
19-09-2019 13:00,0.088
19-09-2019 14:00,0.1
19-09-2019 15:00,0.084
19-09-2019 16:00,0.086
19-09-2019 17:00,0.119
19-09-2019 18:00,0.131
19-09-2019 19:00,0.13
19-09-2019 20:00,0.118
19-09-2019 21:00,0.098
19-09-2019 22:00,0.076
19-09-2019 23:00,0.057
20-09-2019 00:00,0.039
20-09-2019 01:00,0.028
20-09-2019 02:00,0.021
20-09-2019 03:00,0.018
20-09-2019 04:00,0.02
20-09-2019 05:00,0.025
20-09-2019 06:00,0.018
20-09-2019 07:00,0.014
20-09-2019 08:00,0.022
20-09-2019 09:00,0.023
20-09-2019 10:00,0.02
20-09-2019 11:00,0.017
20-09-2019 12:00,0.016
20-09-2019 13:00,0.018
20-09-2019 14:00,0.021
20-09-2019 15:00,0.023
20-09-2019 16:00,0.026
20-09-2019 17:00,0.037
20-09-2019 18:00,0.064
20-09-2019 19:00,0.101
20-09-2019 20:00,0.137
20-09-2019 21:00,0.171
20-09-2019 22:00,0.192
20-09-2019 23:00,0.194
21-09-2019 00:00,0.196
21-09-2019 01:00,0.193
21-09-2019 02:00,0.185
21-09-2019 03:00,0.176
21-09-2019 04:00,0.168
21-09-2019 05:00,0.164
21-09-2019 06:00,0.104
21-09-2019 07:00,0.061
21-09-2019 08:00,0.133
21-09-2019 09:00,0.132
21-09-2019 10:00,0.123
21-09-2019 11:00,0.127
21-09-2019 12:00,0.134
21-09-2019 13:00,0.145
21-09-2019 14:00,0.155
21-09-2019 15:00,0.164
21-09-2019 16:00,0.173
21-09-2019 17:00,0.241
21-09-2019 18:00,0.309
21-09-2019 19:00,0.321
21-09-2019 20:00,0.313
21-09-2019 21:00,0.305
21-09-2019 22:00,0.295
21-09-2019 23:00,0.285
22-09-2019 00:00,0.274
22-09-2019 01:00,0.263
22-09-2019 02:00,0.255
22-09-2019 03:00,0.251
22-09-2019 04:00,0.245
22-09-2019 05:00,0.231
22-09-2019 06:00,0.135
22-09-2019 07:00,0.095
22-09-2019 08:00,0.116
22-09-2019 09:00,0.111
22-09-2019 10:00,0.087
22-09-2019 11:00,0.067
22-09-2019 12:00,0.05
22-09-2019 13:00,0.038
22-09-2019 14:00,0.031
22-09-2019 15:00,0.032
22-09-2019 16:00,0.05
22-09-2019 17:00,0.082
22-09-2019 18:00,0.125
22-09-2019 19:00,0.169
22-09-2019 20:00,0.192
22-09-2019 21:00,0.179
22-09-2019 22:00,0.145
22-09-2019 23:00,0.124
23-09-2019 00:00,0.112
23-09-2019 01:00,0.093
23-09-2019 02:00,0.066
23-09-2019 03:00,0.049
23-09-2019 04:00,0.044
23-09-2019 05:00,0.058
23-09-2019 06:00,0.074
23-09-2019 07:00,0.139
23-09-2019 08:00,0.196
23-09-2019 09:00,0.211
23-09-2019 10:00,0.196
23-09-2019 11:00,0.171
23-09-2019 12:00,0.153
23-09-2019 13:00,0.125
23-09-2019 14:00,0.089
23-09-2019 15:00,0.05
23-09-2019 16:00,0.023
23-09-2019 17:00,0.01
23-09-2019 18:00,0.01
23-09-2019 19:00,0.021
23-09-2019 20:00,0.035
23-09-2019 21:00,0.047
23-09-2019 22:00,0.055
23-09-2019 23:00,0.063
24-09-2019 00:00,0.068
24-09-2019 01:00,0.061
24-09-2019 02:00,0.051
24-09-2019 03:00,0.047
24-09-2019 04:00,0.044
24-09-2019 05:00,0.055
24-09-2019 06:00,0.049
24-09-2019 07:00,0.021
24-09-2019 08:00,0.034
24-09-2019 09:00,0.048
24-09-2019 10:00,0.06
24-09-2019 11:00,0.075
24-09-2019 12:00,0.095
24-09-2019 13:00,0.113
24-09-2019 14:00,0.118
24-09-2019 15:00,0.093
24-09-2019 16:00,0.088
24-09-2019 17:00,0.118
24-09-2019 18:00,0.155
24-09-2019 19:00,0.184
24-09-2019 20:00,0.2
24-09-2019 21:00,0.199
24-09-2019 22:00,0.173
24-09-2019 23:00,0.146
25-09-2019 00:00,0.134
25-09-2019 01:00,0.133
25-09-2019 02:00,0.148
25-09-2019 03:00,0.193
25-09-2019 04:00,0.24
25-09-2019 05:00,0.274
25-09-2019 06:00,0.233
25-09-2019 07:00,0.258
25-09-2019 08:00,0.315
25-09-2019 09:00,0.322
25-09-2019 10:00,0.323
25-09-2019 11:00,0.314
25-09-2019 12:00,0.3
25-09-2019 13:00,0.264
25-09-2019 14:00,0.225
25-09-2019 15:00,0.178
25-09-2019 16:00,0.148
25-09-2019 17:00,0.176
25-09-2019 18:00,0.204
25-09-2019 19:00,0.22
25-09-2019 20:00,0.222
25-09-2019 21:00,0.214
25-09-2019 22:00,0.206
25-09-2019 23:00,0.184
26-09-2019 00:00,0.169
26-09-2019 01:00,0.154
26-09-2019 02:00,0.136
26-09-2019 03:00,0.146
26-09-2019 04:00,0.162
26-09-2019 05:00,0.168
26-09-2019 06:00,0.124
26-09-2019 07:00,0.117
26-09-2019 08:00,0.178
26-09-2019 09:00,0.236
26-09-2019 10:00,0.264
26-09-2019 11:00,0.264
26-09-2019 12:00,0.257
26-09-2019 13:00,0.261
26-09-2019 14:00,0.23
26-09-2019 15:00,0.164
26-09-2019 16:00,0.16
26-09-2019 17:00,0.205
26-09-2019 18:00,0.236
26-09-2019 19:00,0.294
26-09-2019 20:00,0.347
26-09-2019 21:00,0.278
26-09-2019 22:00,0.239
26-09-2019 23:00,0.245
27-09-2019 00:00,0.243
27-09-2019 01:00,0.24
27-09-2019 02:00,0.238
27-09-2019 03:00,0.241
27-09-2019 04:00,0.255
27-09-2019 05:00,0.264
27-09-2019 06:00,0.262
27-09-2019 07:00,0.27
27-09-2019 08:00,0.328
27-09-2019 09:00,0.372
27-09-2019 10:00,0.344
27-09-2019 11:00,0.332
27-09-2019 12:00,0.288
27-09-2019 13:00,0.256
27-09-2019 14:00,0.291
27-09-2019 15:00,0.255
27-09-2019 16:00,0.202
27-09-2019 17:00,0.261
27-09-2019 18:00,0.261
27-09-2019 19:00,0.256
27-09-2019 20:00,0.252
27-09-2019 21:00,0.237
27-09-2019 22:00,0.228
27-09-2019 23:00,0.22
28-09-2019 00:00,0.209
28-09-2019 01:00,0.21
28-09-2019 02:00,0.223
28-09-2019 03:00,0.233
28-09-2019 04:00,0.25
28-09-2019 05:00,0.266
28-09-2019 06:00,0.289
28-09-2019 07:00,0.337
28-09-2019 08:00,0.518
28-09-2019 09:00,0.586
28-09-2019 10:00,0.608
28-09-2019 11:00,0.623
28-09-2019 12:00,0.623
28-09-2019 13:00,0.61
28-09-2019 14:00,0.566
28-09-2019 15:00,0.491
28-09-2019 16:00,0.419
28-09-2019 17:00,0.413
28-09-2019 18:00,0.443
28-09-2019 19:00,0.45
28-09-2019 20:00,0.428
28-09-2019 21:00,0.336
28-09-2019 22:00,0.314
28-09-2019 23:00,0.349
29-09-2019 00:00,0.325
29-09-2019 01:00,0.308
29-09-2019 02:00,0.245
29-09-2019 03:00,0.239
29-09-2019 04:00,0.252
29-09-2019 05:00,0.294
29-09-2019 06:00,0.281
29-09-2019 07:00,0.302
29-09-2019 08:00,0.538
29-09-2019 09:00,0.627
29-09-2019 10:00,0.635
29-09-2019 11:00,0.681
29-09-2019 12:00,0.702
29-09-2019 13:00,0.712
29-09-2019 14:00,0.72
29-09-2019 15:00,0.713
29-09-2019 16:00,0.682
29-09-2019 17:00,0.672
29-09-2019 18:00,0.69
29-09-2019 19:00,0.718
29-09-2019 20:00,0.77
29-09-2019 21:00,0.81
29-09-2019 22:00,0.832
29-09-2019 23:00,0.848
30-09-2019 00:00,0.86
30-09-2019 01:00,0.855
30-09-2019 02:00,0.843
30-09-2019 03:00,0.839
30-09-2019 04:00,0.841
30-09-2019 05:00,0.826
30-09-2019 06:00,0.805
30-09-2019 07:00,0.788
30-09-2019 08:00,0.793
30-09-2019 09:00,0.776
30-09-2019 10:00,0.739
30-09-2019 11:00,0.704
30-09-2019 12:00,0.663
30-09-2019 13:00,0.613
30-09-2019 14:00,0.549
30-09-2019 15:00,0.457
30-09-2019 16:00,0.322
30-09-2019 17:00,0.272
30-09-2019 18:00,0.235
30-09-2019 19:00,0.207
30-09-2019 20:00,0.206
30-09-2019 21:00,0.201
30-09-2019 22:00,0.202
30-09-2019 23:00,0.216
01-10-2019 00:00,0.237
01-10-2019 01:00,0.265
01-10-2019 02:00,0.305
01-10-2019 03:00,0.382
01-10-2019 04:00,0.398
01-10-2019 05:00,0.416
01-10-2019 06:00,0.426
01-10-2019 07:00,0.416
01-10-2019 08:00,0.484
01-10-2019 09:00,0.541
01-10-2019 10:00,0.559
01-10-2019 11:00,0.565
01-10-2019 12:00,0.564
01-10-2019 13:00,0.522
01-10-2019 14:00,0.453
01-10-2019 15:00,0.418
01-10-2019 16:00,0.388
01-10-2019 17:00,0.398
01-10-2019 18:00,0.419
01-10-2019 19:00,0.474
01-10-2019 20:00,0.485
01-10-2019 21:00,0.478
01-10-2019 22:00,0.386
01-10-2019 23:00,0.324
02-10-2019 00:00,0.294
02-10-2019 01:00,0.259
02-10-2019 02:00,0.221
02-10-2019 03:00,0.245
02-10-2019 04:00,0.251
02-10-2019 05:00,0.241
02-10-2019 06:00,0.206
02-10-2019 07:00,0.294
02-10-2019 08:00,0.395
02-10-2019 09:00,0.379
02-10-2019 10:00,0.342
02-10-2019 11:00,0.308
02-10-2019 12:00,0.302
02-10-2019 13:00,0.327
02-10-2019 14:00,0.342
02-10-2019 15:00,0.312
02-10-2019 16:00,0.251
02-10-2019 17:00,0.215
02-10-2019 18:00,0.182
02-10-2019 19:00,0.191
02-10-2019 20:00,0.219
02-10-2019 21:00,0.248
02-10-2019 22:00,0.274
02-10-2019 23:00,0.311
03-10-2019 00:00,0.329
03-10-2019 01:00,0.339
03-10-2019 02:00,0.302
03-10-2019 03:00,0.296
03-10-2019 04:00,0.307
03-10-2019 05:00,0.294
03-10-2019 06:00,0.332
03-10-2019 07:00,0.323
03-10-2019 08:00,0.314
03-10-2019 09:00,0.311
03-10-2019 10:00,0.277
03-10-2019 11:00,0.235
03-10-2019 12:00,0.214
03-10-2019 13:00,0.205
03-10-2019 14:00,0.186
03-10-2019 15:00,0.16
03-10-2019 16:00,0.135
03-10-2019 17:00,0.144
03-10-2019 18:00,0.154
03-10-2019 19:00,0.141
03-10-2019 20:00,0.117
03-10-2019 21:00,0.096
03-10-2019 22:00,0.074
03-10-2019 23:00,0.058
04-10-2019 00:00,0.063
04-10-2019 01:00,0.083
04-10-2019 02:00,0.099
04-10-2019 03:00,0.105
04-10-2019 04:00,0.106
04-10-2019 05:00,0.124
04-10-2019 06:00,0.135
04-10-2019 07:00,0.113
04-10-2019 08:00,0.125
04-10-2019 09:00,0.21
04-10-2019 10:00,0.278
04-10-2019 11:00,0.337
04-10-2019 12:00,0.359
04-10-2019 13:00,0.301
04-10-2019 14:00,0.248
04-10-2019 15:00,0.231
04-10-2019 16:00,0.229
04-10-2019 17:00,0.263
04-10-2019 18:00,0.295
04-10-2019 19:00,0.295
04-10-2019 20:00,0.28
04-10-2019 21:00,0.262
04-10-2019 22:00,0.281
04-10-2019 23:00,0.357
05-10-2019 00:00,0.377
05-10-2019 01:00,0.394
05-10-2019 02:00,0.425
05-10-2019 03:00,0.425
05-10-2019 04:00,0.365
05-10-2019 05:00,0.337
05-10-2019 06:00,0.32
05-10-2019 07:00,0.349
05-10-2019 08:00,0.362
05-10-2019 09:00,0.325
05-10-2019 10:00,0.269
05-10-2019 11:00,0.223
05-10-2019 12:00,0.196
05-10-2019 13:00,0.179
05-10-2019 14:00,0.155
05-10-2019 15:00,0.137
05-10-2019 16:00,0.124
05-10-2019 17:00,0.144
05-10-2019 18:00,0.159
05-10-2019 19:00,0.154
05-10-2019 20:00,0.147
05-10-2019 21:00,0.14
05-10-2019 22:00,0.123
05-10-2019 23:00,0.113
06-10-2019 00:00,0.119
06-10-2019 01:00,0.122
06-10-2019 02:00,0.106
06-10-2019 03:00,0.088
06-10-2019 04:00,0.084
06-10-2019 05:00,0.094
06-10-2019 06:00,0.139
06-10-2019 07:00,0.201
06-10-2019 08:00,0.252
06-10-2019 09:00,0.282
06-10-2019 10:00,0.283
06-10-2019 11:00,0.279
06-10-2019 12:00,0.287
06-10-2019 13:00,0.29
06-10-2019 14:00,0.278
06-10-2019 15:00,0.267
06-10-2019 16:00,0.304
06-10-2019 17:00,0.333
06-10-2019 18:00,0.348
06-10-2019 19:00,0.36
06-10-2019 20:00,0.348
06-10-2019 21:00,0.323
06-10-2019 22:00,0.275
06-10-2019 23:00,0.226
07-10-2019 00:00,0.174
07-10-2019 01:00,0.173
07-10-2019 02:00,0.163
07-10-2019 03:00,0.167
07-10-2019 04:00,0.175
07-10-2019 05:00,0.168
07-10-2019 06:00,0.122
07-10-2019 07:00,0.077
07-10-2019 08:00,0.1
07-10-2019 09:00,0.085
07-10-2019 10:00,0.054
07-10-2019 11:00,0.028
07-10-2019 12:00,0.017
07-10-2019 13:00,0.016
07-10-2019 14:00,0.019
07-10-2019 15:00,0.028
07-10-2019 16:00,0.043
07-10-2019 17:00,0.072
07-10-2019 18:00,0.106
07-10-2019 19:00,0.137
07-10-2019 20:00,0.18
07-10-2019 21:00,0.228
07-10-2019 22:00,0.252
07-10-2019 23:00,0.237
08-10-2019 00:00,0.219
08-10-2019 01:00,0.243
08-10-2019 02:00,0.252
08-10-2019 03:00,0.279
08-10-2019 04:00,0.294
08-10-2019 05:00,0.305
08-10-2019 06:00,0.332
08-10-2019 07:00,0.408
08-10-2019 08:00,0.539
08-10-2019 09:00,0.531
08-10-2019 10:00,0.502
08-10-2019 11:00,0.445
08-10-2019 12:00,0.382
08-10-2019 13:00,0.332
08-10-2019 14:00,0.282
08-10-2019 15:00,0.222
08-10-2019 16:00,0.218
08-10-2019 17:00,0.243
08-10-2019 18:00,0.243
08-10-2019 19:00,0.249
08-10-2019 20:00,0.199
08-10-2019 21:00,0.191
08-10-2019 22:00,0.192
08-10-2019 23:00,0.219
09-10-2019 00:00,0.248
09-10-2019 01:00,0.273
09-10-2019 02:00,0.266
09-10-2019 03:00,0.263
09-10-2019 04:00,0.243
09-10-2019 05:00,0.242
09-10-2019 06:00,0.248
09-10-2019 07:00,0.22
09-10-2019 08:00,0.223
09-10-2019 09:00,0.29
09-10-2019 10:00,0.353
09-10-2019 11:00,0.42
09-10-2019 12:00,0.344
09-10-2019 13:00,0.286
09-10-2019 14:00,0.395
09-10-2019 15:00,0.457
09-10-2019 16:00,0.466
09-10-2019 17:00,0.513
09-10-2019 18:00,0.529
09-10-2019 19:00,0.535
09-10-2019 20:00,0.534
09-10-2019 21:00,0.519
09-10-2019 22:00,0.505
09-10-2019 23:00,0.477
10-10-2019 00:00,0.431
10-10-2019 01:00,0.401
10-10-2019 02:00,0.375
10-10-2019 03:00,0.317
10-10-2019 04:00,0.291
10-10-2019 05:00,0.309
10-10-2019 06:00,0.309
10-10-2019 07:00,0.343
10-10-2019 08:00,0.379
10-10-2019 09:00,0.45
10-10-2019 10:00,0.479
10-10-2019 11:00,0.516
10-10-2019 12:00,0.521
10-10-2019 13:00,0.503
10-10-2019 14:00,0.471
10-10-2019 15:00,0.407
10-10-2019 16:00,0.379
10-10-2019 17:00,0.407
10-10-2019 18:00,0.413
10-10-2019 19:00,0.413
10-10-2019 20:00,0.387
10-10-2019 21:00,0.319
10-10-2019 22:00,0.296
10-10-2019 23:00,0.279
11-10-2019 00:00,0.284
11-10-2019 01:00,0.272
11-10-2019 02:00,0.243
11-10-2019 03:00,0.228
11-10-2019 04:00,0.226
11-10-2019 05:00,0.231
11-10-2019 06:00,0.264
11-10-2019 07:00,0.253
11-10-2019 08:00,0.285
11-10-2019 09:00,0.365
11-10-2019 10:00,0.419
11-10-2019 11:00,0.479
11-10-2019 12:00,0.504
11-10-2019 13:00,0.495
11-10-2019 14:00,0.471
11-10-2019 15:00,0.42
11-10-2019 16:00,0.401
11-10-2019 17:00,0.406
11-10-2019 18:00,0.403
11-10-2019 19:00,0.404
11-10-2019 20:00,0.399
11-10-2019 21:00,0.391
11-10-2019 22:00,0.369
11-10-2019 23:00,0.367
12-10-2019 00:00,0.375
12-10-2019 01:00,0.371
12-10-2019 02:00,0.358
12-10-2019 03:00,0.362
12-10-2019 04:00,0.388
12-10-2019 05:00,0.417
12-10-2019 06:00,0.415
12-10-2019 07:00,0.341
12-10-2019 08:00,0.461
12-10-2019 09:00,0.501
12-10-2019 10:00,0.493
12-10-2019 11:00,0.475
12-10-2019 12:00,0.47
12-10-2019 13:00,0.465
12-10-2019 14:00,0.388
12-10-2019 15:00,0.286
12-10-2019 16:00,0.296
12-10-2019 17:00,0.338
12-10-2019 18:00,0.38
12-10-2019 19:00,0.352
12-10-2019 20:00,0.325
12-10-2019 21:00,0.334
12-10-2019 22:00,0.333
12-10-2019 23:00,0.328
13-10-2019 00:00,0.298
13-10-2019 01:00,0.278
13-10-2019 02:00,0.275
13-10-2019 03:00,0.272
13-10-2019 04:00,0.251
13-10-2019 05:00,0.251
13-10-2019 06:00,0.243
13-10-2019 07:00,0.191
13-10-2019 08:00,0.201
13-10-2019 09:00,0.27
13-10-2019 10:00,0.27
13-10-2019 11:00,0.304
13-10-2019 12:00,0.385
13-10-2019 13:00,0.425
13-10-2019 14:00,0.379
13-10-2019 15:00,0.365
13-10-2019 16:00,0.403
13-10-2019 17:00,0.446
13-10-2019 18:00,0.444
13-10-2019 19:00,0.403
13-10-2019 20:00,0.362
13-10-2019 21:00,0.325
13-10-2019 22:00,0.291
13-10-2019 23:00,0.274
14-10-2019 00:00,0.266
14-10-2019 01:00,0.21
14-10-2019 02:00,0.159
14-10-2019 03:00,0.129
14-10-2019 04:00,0.123
14-10-2019 05:00,0.12
14-10-2019 06:00,0.114
14-10-2019 07:00,0.079
14-10-2019 08:00,0.058
14-10-2019 09:00,0.078
14-10-2019 10:00,0.117
14-10-2019 11:00,0.149
14-10-2019 12:00,0.163
14-10-2019 13:00,0.155
14-10-2019 14:00,0.124
14-10-2019 15:00,0.09
14-10-2019 16:00,0.105
14-10-2019 17:00,0.157
14-10-2019 18:00,0.236
14-10-2019 19:00,0.299
14-10-2019 20:00,0.322
14-10-2019 21:00,0.325
14-10-2019 22:00,0.316
14-10-2019 23:00,0.296
15-10-2019 00:00,0.254
15-10-2019 01:00,0.238
15-10-2019 02:00,0.23
15-10-2019 03:00,0.209
15-10-2019 04:00,0.179
15-10-2019 05:00,0.147
15-10-2019 06:00,0.123
15-10-2019 07:00,0.084
15-10-2019 08:00,0.057
15-10-2019 09:00,0.073
15-10-2019 10:00,0.095
15-10-2019 11:00,0.091
15-10-2019 12:00,0.091
15-10-2019 13:00,0.097
15-10-2019 14:00,0.101
15-10-2019 15:00,0.118
15-10-2019 16:00,0.153
15-10-2019 17:00,0.17
15-10-2019 18:00,0.229
15-10-2019 19:00,0.323
15-10-2019 20:00,0.385
15-10-2019 21:00,0.433
15-10-2019 22:00,0.441
15-10-2019 23:00,0.378
16-10-2019 00:00,0.313
16-10-2019 01:00,0.334
16-10-2019 02:00,0.391
16-10-2019 03:00,0.32
16-10-2019 04:00,0.317
16-10-2019 05:00,0.315
16-10-2019 06:00,0.314
16-10-2019 07:00,0.328
16-10-2019 08:00,0.4
16-10-2019 09:00,0.457
16-10-2019 10:00,0.464
16-10-2019 11:00,0.461
16-10-2019 12:00,0.459
16-10-2019 13:00,0.428
16-10-2019 14:00,0.354
16-10-2019 15:00,0.261
16-10-2019 16:00,0.251
16-10-2019 17:00,0.283
16-10-2019 18:00,0.306
16-10-2019 19:00,0.341
16-10-2019 20:00,0.349
16-10-2019 21:00,0.325
16-10-2019 22:00,0.306
16-10-2019 23:00,0.298
17-10-2019 00:00,0.285
17-10-2019 01:00,0.261
17-10-2019 02:00,0.231
17-10-2019 03:00,0.245
17-10-2019 04:00,0.35
17-10-2019 05:00,0.334
17-10-2019 06:00,0.272
17-10-2019 07:00,0.254
17-10-2019 08:00,0.276
17-10-2019 09:00,0.315
17-10-2019 10:00,0.282
17-10-2019 11:00,0.231
17-10-2019 12:00,0.197
17-10-2019 13:00,0.18
17-10-2019 14:00,0.154
17-10-2019 15:00,0.118
17-10-2019 16:00,0.135
17-10-2019 17:00,0.174
17-10-2019 18:00,0.221
17-10-2019 19:00,0.286
17-10-2019 20:00,0.294
17-10-2019 21:00,0.251
17-10-2019 22:00,0.264
17-10-2019 23:00,0.237
18-10-2019 00:00,0.236
18-10-2019 01:00,0.226
18-10-2019 02:00,0.202
18-10-2019 03:00,0.19
18-10-2019 04:00,0.192
18-10-2019 05:00,0.214
18-10-2019 06:00,0.225
18-10-2019 07:00,0.233
18-10-2019 08:00,0.291
18-10-2019 09:00,0.362
18-10-2019 10:00,0.429
18-10-2019 11:00,0.519
18-10-2019 12:00,0.556
18-10-2019 13:00,0.552
18-10-2019 14:00,0.551
18-10-2019 15:00,0.471
18-10-2019 16:00,0.432
18-10-2019 17:00,0.409
18-10-2019 18:00,0.348
18-10-2019 19:00,0.27
18-10-2019 20:00,0.201
18-10-2019 21:00,0.161
18-10-2019 22:00,0.138
18-10-2019 23:00,0.131
19-10-2019 00:00,0.178
19-10-2019 01:00,0.191
19-10-2019 02:00,0.18
19-10-2019 03:00,0.184
19-10-2019 04:00,0.207
19-10-2019 05:00,0.227
19-10-2019 06:00,0.233
19-10-2019 07:00,0.248
19-10-2019 08:00,0.211
19-10-2019 09:00,0.251
19-10-2019 10:00,0.346
19-10-2019 11:00,0.393
19-10-2019 12:00,0.388
19-10-2019 13:00,0.345
19-10-2019 14:00,0.312
19-10-2019 15:00,0.32
19-10-2019 16:00,0.316
19-10-2019 17:00,0.3
19-10-2019 18:00,0.3
19-10-2019 19:00,0.267
19-10-2019 20:00,0.231
19-10-2019 21:00,0.209
19-10-2019 22:00,0.236
19-10-2019 23:00,0.218
20-10-2019 00:00,0.153
20-10-2019 01:00,0.125
20-10-2019 02:00,0.117
20-10-2019 03:00,0.128
20-10-2019 04:00,0.147
20-10-2019 05:00,0.141
20-10-2019 06:00,0.131
20-10-2019 07:00,0.131
20-10-2019 08:00,0.143
20-10-2019 09:00,0.134
20-10-2019 10:00,0.12
20-10-2019 11:00,0.126
20-10-2019 12:00,0.131
20-10-2019 13:00,0.135
20-10-2019 14:00,0.115
20-10-2019 15:00,0.113
20-10-2019 16:00,0.126
20-10-2019 17:00,0.119
20-10-2019 18:00,0.109
20-10-2019 19:00,0.103
20-10-2019 20:00,0.099
20-10-2019 21:00,0.084
20-10-2019 22:00,0.073
20-10-2019 23:00,0.07
21-10-2019 00:00,0.072
21-10-2019 01:00,0.075
21-10-2019 02:00,0.083
21-10-2019 03:00,0.104
21-10-2019 04:00,0.123
21-10-2019 05:00,0.093
21-10-2019 06:00,0.076
21-10-2019 07:00,0.062
21-10-2019 08:00,0.034
21-10-2019 09:00,0.046
21-10-2019 10:00,0.062
21-10-2019 11:00,0.062
21-10-2019 12:00,0.059
21-10-2019 13:00,0.049
21-10-2019 14:00,0.067
21-10-2019 15:00,0.07
21-10-2019 16:00,0.068
21-10-2019 17:00,0.075
21-10-2019 18:00,0.085
21-10-2019 19:00,0.103
21-10-2019 20:00,0.139
21-10-2019 21:00,0.125
21-10-2019 22:00,0.094
21-10-2019 23:00,0.093
22-10-2019 00:00,0.078
22-10-2019 01:00,0.034
22-10-2019 02:00,0.005
22-10-2019 03:00,0.005
22-10-2019 04:00,0.033
22-10-2019 05:00,0.03
22-10-2019 06:00,0.008
22-10-2019 07:00,0.007
22-10-2019 08:00,0.017
22-10-2019 09:00,0.021
22-10-2019 10:00,0.021
22-10-2019 11:00,0.018
22-10-2019 12:00,0.013
22-10-2019 13:00,0.014
22-10-2019 14:00,0.016
22-10-2019 15:00,0.026
22-10-2019 16:00,0.05
22-10-2019 17:00,0.077
22-10-2019 18:00,0.11
22-10-2019 19:00,0.149
22-10-2019 20:00,0.184
22-10-2019 21:00,0.183
22-10-2019 22:00,0.18
22-10-2019 23:00,0.188
23-10-2019 00:00,0.186
23-10-2019 01:00,0.178
23-10-2019 02:00,0.172
23-10-2019 03:00,0.168
23-10-2019 04:00,0.158
23-10-2019 05:00,0.147
23-10-2019 06:00,0.146
23-10-2019 07:00,0.113
23-10-2019 08:00,0.118
23-10-2019 09:00,0.139
23-10-2019 10:00,0.128
23-10-2019 11:00,0.111
23-10-2019 12:00,0.101
23-10-2019 13:00,0.107
23-10-2019 14:00,0.119
23-10-2019 15:00,0.136
23-10-2019 16:00,0.209
23-10-2019 17:00,0.273
23-10-2019 18:00,0.275
23-10-2019 19:00,0.252
23-10-2019 20:00,0.227
23-10-2019 21:00,0.225
23-10-2019 22:00,0.217
23-10-2019 23:00,0.207
24-10-2019 00:00,0.201
24-10-2019 01:00,0.187
24-10-2019 02:00,0.164
24-10-2019 03:00,0.144
24-10-2019 04:00,0.128
24-10-2019 05:00,0.115
24-10-2019 06:00,0.103
24-10-2019 07:00,0.078
24-10-2019 08:00,0.083
24-10-2019 09:00,0.122
24-10-2019 10:00,0.153
24-10-2019 11:00,0.158
24-10-2019 12:00,0.144
24-10-2019 13:00,0.115
24-10-2019 14:00,0.086
24-10-2019 15:00,0.083
24-10-2019 16:00,0.129
24-10-2019 17:00,0.167
24-10-2019 18:00,0.216
24-10-2019 19:00,0.251
24-10-2019 20:00,0.241
24-10-2019 21:00,0.201
24-10-2019 22:00,0.207
24-10-2019 23:00,0.213
25-10-2019 00:00,0.191
25-10-2019 01:00,0.187
25-10-2019 02:00,0.186
25-10-2019 03:00,0.195
25-10-2019 04:00,0.195
25-10-2019 05:00,0.199
25-10-2019 06:00,0.196
25-10-2019 07:00,0.155
25-10-2019 08:00,0.167
25-10-2019 09:00,0.238
25-10-2019 10:00,0.254
25-10-2019 11:00,0.256
25-10-2019 12:00,0.251
25-10-2019 13:00,0.235
25-10-2019 14:00,0.201
25-10-2019 15:00,0.151
25-10-2019 16:00,0.149
25-10-2019 17:00,0.176
25-10-2019 18:00,0.215
25-10-2019 19:00,0.251
25-10-2019 20:00,0.272
25-10-2019 21:00,0.266
25-10-2019 22:00,0.261
25-10-2019 23:00,0.264
26-10-2019 00:00,0.265
26-10-2019 01:00,0.262
26-10-2019 02:00,0.233
26-10-2019 03:00,0.199
26-10-2019 04:00,0.179
26-10-2019 05:00,0.171
26-10-2019 06:00,0.167
26-10-2019 07:00,0.167
26-10-2019 08:00,0.177
26-10-2019 09:00,0.209
26-10-2019 10:00,0.243
26-10-2019 11:00,0.249
26-10-2019 12:00,0.247
26-10-2019 13:00,0.255
26-10-2019 14:00,0.241
26-10-2019 15:00,0.255
26-10-2019 16:00,0.343
26-10-2019 17:00,0.379
26-10-2019 18:00,0.386
26-10-2019 19:00,0.398
26-10-2019 20:00,0.414
26-10-2019 21:00,0.429
26-10-2019 22:00,0.43
26-10-2019 23:00,0.42
27-10-2019 00:00,0.422
27-10-2019 01:00,0.418
27-10-2019 02:00,0.414
27-10-2019 03:00,0.422
27-10-2019 04:00,0.42
27-10-2019 05:00,0.399
27-10-2019 06:00,0.362
27-10-2019 07:00,0.272
27-10-2019 08:00,0.208
27-10-2019 09:00,0.202
27-10-2019 10:00,0.172
27-10-2019 11:00,0.164
27-10-2019 12:00,0.158
27-10-2019 13:00,0.141
27-10-2019 14:00,0.108
27-10-2019 15:00,0.076
27-10-2019 16:00,0.059
27-10-2019 17:00,0.057
27-10-2019 18:00,0.055
27-10-2019 19:00,0.073
27-10-2019 20:00,0.09
27-10-2019 21:00,0.101
27-10-2019 22:00,0.1
27-10-2019 23:00,0.095
28-10-2019 00:00,0.085
28-10-2019 01:00,0.07
28-10-2019 02:00,0.062
28-10-2019 03:00,0.055
28-10-2019 04:00,0.045
28-10-2019 05:00,0.032
28-10-2019 06:00,0.021
28-10-2019 07:00,0.012
28-10-2019 08:00,0.009
28-10-2019 09:00,0.009
28-10-2019 10:00,0.013
28-10-2019 11:00,0.016
28-10-2019 12:00,0.017
28-10-2019 13:00,0.02
28-10-2019 14:00,0.027
28-10-2019 15:00,0.037
28-10-2019 16:00,0.055
28-10-2019 17:00,0.073
28-10-2019 18:00,0.084
28-10-2019 19:00,0.086
28-10-2019 20:00,0.08
28-10-2019 21:00,0.074
28-10-2019 22:00,0.073
28-10-2019 23:00,0.075
29-10-2019 00:00,0.078
29-10-2019 01:00,0.083
29-10-2019 02:00,0.086
29-10-2019 03:00,0.078
29-10-2019 04:00,0.073
29-10-2019 05:00,0.068
29-10-2019 06:00,0.064
29-10-2019 07:00,0.067
29-10-2019 08:00,0.093
29-10-2019 09:00,0.134
29-10-2019 10:00,0.134
29-10-2019 11:00,0.128
29-10-2019 12:00,0.125
29-10-2019 13:00,0.127
29-10-2019 14:00,0.135
29-10-2019 15:00,0.148
29-10-2019 16:00,0.206
29-10-2019 17:00,0.249
29-10-2019 18:00,0.251
29-10-2019 19:00,0.244
29-10-2019 20:00,0.229
29-10-2019 21:00,0.217
29-10-2019 22:00,0.208
29-10-2019 23:00,0.206
30-10-2019 00:00,0.196
30-10-2019 01:00,0.18
30-10-2019 02:00,0.155
30-10-2019 03:00,0.131
30-10-2019 04:00,0.115
30-10-2019 05:00,0.093
30-10-2019 06:00,0.095
30-10-2019 07:00,0.121
30-10-2019 08:00,0.169
30-10-2019 09:00,0.181
30-10-2019 10:00,0.18
30-10-2019 11:00,0.168
30-10-2019 12:00,0.154
30-10-2019 13:00,0.145
30-10-2019 14:00,0.128
30-10-2019 15:00,0.128
30-10-2019 16:00,0.194
30-10-2019 17:00,0.245
30-10-2019 18:00,0.247
30-10-2019 19:00,0.236
30-10-2019 20:00,0.24
30-10-2019 21:00,0.243
30-10-2019 22:00,0.249
30-10-2019 23:00,0.259
31-10-2019 00:00,0.259
31-10-2019 01:00,0.248
31-10-2019 02:00,0.229
31-10-2019 03:00,0.21
31-10-2019 04:00,0.207
31-10-2019 05:00,0.214
31-10-2019 06:00,0.223
31-10-2019 07:00,0.165
31-10-2019 08:00,0.084
31-10-2019 09:00,0.165
31-10-2019 10:00,0.194
31-10-2019 11:00,0.178
31-10-2019 12:00,0.169
31-10-2019 13:00,0.167
31-10-2019 14:00,0.156
31-10-2019 15:00,0.158
31-10-2019 16:00,0.232
31-10-2019 17:00,0.284
31-10-2019 18:00,0.298
31-10-2019 19:00,0.3
31-10-2019 20:00,0.294
31-10-2019 21:00,0.291
31-10-2019 22:00,0.287
31-10-2019 23:00,0.278
01-11-2019 00:00,0.26
01-11-2019 01:00,0.225
01-11-2019 02:00,0.166
01-11-2019 03:00,0.146
01-11-2019 04:00,0.159
01-11-2019 05:00,0.187
01-11-2019 06:00,0.2
01-11-2019 07:00,0.202
01-11-2019 08:00,0.213
01-11-2019 09:00,0.225
01-11-2019 10:00,0.214
01-11-2019 11:00,0.22
01-11-2019 12:00,0.221
01-11-2019 13:00,0.22
01-11-2019 14:00,0.228
01-11-2019 15:00,0.257
01-11-2019 16:00,0.284
01-11-2019 17:00,0.311
01-11-2019 18:00,0.308
01-11-2019 19:00,0.298
01-11-2019 20:00,0.319
01-11-2019 21:00,0.323
01-11-2019 22:00,0.294
01-11-2019 23:00,0.279
02-11-2019 00:00,0.275
02-11-2019 01:00,0.323
02-11-2019 02:00,0.317
02-11-2019 03:00,0.355
02-11-2019 04:00,0.407
02-11-2019 05:00,0.491
02-11-2019 06:00,0.457
02-11-2019 07:00,0.457
02-11-2019 08:00,0.463
02-11-2019 09:00,0.422
02-11-2019 10:00,0.398
02-11-2019 11:00,0.407
02-11-2019 12:00,0.443
02-11-2019 13:00,0.413
02-11-2019 14:00,0.401
02-11-2019 15:00,0.414
02-11-2019 16:00,0.417
02-11-2019 17:00,0.373
02-11-2019 18:00,0.332
02-11-2019 19:00,0.328
02-11-2019 20:00,0.317
02-11-2019 21:00,0.314
02-11-2019 22:00,0.332
02-11-2019 23:00,0.344
03-11-2019 00:00,0.364
03-11-2019 01:00,0.439
03-11-2019 02:00,0.425
03-11-2019 03:00,0.358
03-11-2019 04:00,0.274
03-11-2019 05:00,0.241
03-11-2019 06:00,0.241
03-11-2019 07:00,0.254
03-11-2019 08:00,0.233
03-11-2019 09:00,0.194
03-11-2019 10:00,0.207
03-11-2019 11:00,0.186
03-11-2019 12:00,0.174
03-11-2019 13:00,0.159
03-11-2019 14:00,0.132
03-11-2019 15:00,0.152
03-11-2019 16:00,0.185
03-11-2019 17:00,0.219
03-11-2019 18:00,0.212
03-11-2019 19:00,0.196
03-11-2019 20:00,0.208
03-11-2019 21:00,0.219
03-11-2019 22:00,0.243
03-11-2019 23:00,0.256
04-11-2019 00:00,0.304
04-11-2019 01:00,0.337
04-11-2019 02:00,0.331
04-11-2019 03:00,0.292
04-11-2019 04:00,0.305
04-11-2019 05:00,0.272
04-11-2019 06:00,0.334
04-11-2019 07:00,0.342
04-11-2019 08:00,0.334
04-11-2019 09:00,0.356
04-11-2019 10:00,0.308
04-11-2019 11:00,0.259
04-11-2019 12:00,0.256
04-11-2019 13:00,0.304
04-11-2019 14:00,0.323
04-11-2019 15:00,0.337
04-11-2019 16:00,0.386
04-11-2019 17:00,0.397
04-11-2019 18:00,0.311
04-11-2019 19:00,0.241
04-11-2019 20:00,0.2
04-11-2019 21:00,0.185
04-11-2019 22:00,0.197
04-11-2019 23:00,0.27
05-11-2019 00:00,0.348
05-11-2019 01:00,0.377
05-11-2019 02:00,0.328
05-11-2019 03:00,0.303
05-11-2019 04:00,0.264
05-11-2019 05:00,0.224
05-11-2019 06:00,0.223
05-11-2019 07:00,0.208
05-11-2019 08:00,0.201
05-11-2019 09:00,0.194
05-11-2019 10:00,0.169
05-11-2019 11:00,0.147
05-11-2019 12:00,0.125
05-11-2019 13:00,0.104
05-11-2019 14:00,0.084
05-11-2019 15:00,0.075
05-11-2019 16:00,0.087
05-11-2019 17:00,0.096
05-11-2019 18:00,0.104
05-11-2019 19:00,0.107
05-11-2019 20:00,0.109
05-11-2019 21:00,0.108
05-11-2019 22:00,0.103
05-11-2019 23:00,0.099
06-11-2019 00:00,0.092
06-11-2019 01:00,0.086
06-11-2019 02:00,0.087
06-11-2019 03:00,0.092
06-11-2019 04:00,0.1
06-11-2019 05:00,0.111
06-11-2019 06:00,0.114
06-11-2019 07:00,0.096
06-11-2019 08:00,0.085
06-11-2019 09:00,0.09
06-11-2019 10:00,0.137
06-11-2019 11:00,0.193
06-11-2019 12:00,0.201
06-11-2019 13:00,0.166
06-11-2019 14:00,0.123
06-11-2019 15:00,0.127
06-11-2019 16:00,0.155
06-11-2019 17:00,0.168
06-11-2019 18:00,0.148
06-11-2019 19:00,0.116
06-11-2019 20:00,0.103
06-11-2019 21:00,0.1
06-11-2019 22:00,0.093
06-11-2019 23:00,0.102
07-11-2019 00:00,0.119
07-11-2019 01:00,0.138
07-11-2019 02:00,0.153
07-11-2019 03:00,0.16
07-11-2019 04:00,0.17
07-11-2019 05:00,0.179
07-11-2019 06:00,0.171
07-11-2019 07:00,0.157
07-11-2019 08:00,0.141
07-11-2019 09:00,0.184
07-11-2019 10:00,0.267
07-11-2019 11:00,0.348
07-11-2019 12:00,0.413
07-11-2019 13:00,0.447
07-11-2019 14:00,0.466
07-11-2019 15:00,0.486
07-11-2019 16:00,0.484
07-11-2019 17:00,0.399
07-11-2019 18:00,0.315
07-11-2019 19:00,0.236
07-11-2019 20:00,0.167
07-11-2019 21:00,0.113
07-11-2019 22:00,0.078
07-11-2019 23:00,0.053
08-11-2019 00:00,0.032
08-11-2019 01:00,0.021
08-11-2019 02:00,0.026
08-11-2019 03:00,0.035
08-11-2019 04:00,0.041
08-11-2019 05:00,0.042
08-11-2019 06:00,0.026
08-11-2019 07:00,0.019
08-11-2019 08:00,0.014
08-11-2019 09:00,0.02
08-11-2019 10:00,0.038
08-11-2019 11:00,0.068
08-11-2019 12:00,0.11
08-11-2019 13:00,0.141
08-11-2019 14:00,0.158
08-11-2019 15:00,0.161
08-11-2019 16:00,0.156
08-11-2019 17:00,0.146
08-11-2019 18:00,0.144
08-11-2019 19:00,0.131
08-11-2019 20:00,0.126
08-11-2019 21:00,0.122
08-11-2019 22:00,0.119
08-11-2019 23:00,0.115
09-11-2019 00:00,0.107
09-11-2019 01:00,0.095
09-11-2019 02:00,0.084
09-11-2019 03:00,0.079
09-11-2019 04:00,0.071
09-11-2019 05:00,0.064
09-11-2019 06:00,0.055
09-11-2019 07:00,0.06
09-11-2019 08:00,0.075
09-11-2019 09:00,0.089
09-11-2019 10:00,0.115
09-11-2019 11:00,0.135
09-11-2019 12:00,0.155
09-11-2019 13:00,0.158
09-11-2019 14:00,0.136
09-11-2019 15:00,0.131
09-11-2019 16:00,0.148
09-11-2019 17:00,0.152
09-11-2019 18:00,0.133
09-11-2019 19:00,0.118
09-11-2019 20:00,0.108
09-11-2019 21:00,0.1
09-11-2019 22:00,0.101
09-11-2019 23:00,0.108
10-11-2019 00:00,0.108
10-11-2019 01:00,0.094
10-11-2019 02:00,0.072
10-11-2019 03:00,0.051
10-11-2019 04:00,0.041
10-11-2019 05:00,0.045
10-11-2019 06:00,0.055
10-11-2019 07:00,0.059
10-11-2019 08:00,0.054
10-11-2019 09:00,0.038
10-11-2019 10:00,0.025
10-11-2019 11:00,0.022
10-11-2019 12:00,0.02
10-11-2019 13:00,0.016
10-11-2019 14:00,0.012
10-11-2019 15:00,0.008
10-11-2019 16:00,0.005
10-11-2019 17:00,0.005
10-11-2019 18:00,0.01
10-11-2019 19:00,0.021
10-11-2019 20:00,0.035
10-11-2019 21:00,0.056
10-11-2019 22:00,0.091
10-11-2019 23:00,0.12
11-11-2019 00:00,0.087
11-11-2019 01:00,0.044
11-11-2019 02:00,0.041
11-11-2019 03:00,0.062
11-11-2019 04:00,0.084
11-11-2019 05:00,0.104
11-11-2019 06:00,0.135
11-11-2019 07:00,0.192
11-11-2019 08:00,0.229
11-11-2019 09:00,0.233
11-11-2019 10:00,0.231
11-11-2019 11:00,0.219
11-11-2019 12:00,0.199
11-11-2019 13:00,0.185
11-11-2019 14:00,0.17
11-11-2019 15:00,0.159
11-11-2019 16:00,0.207
11-11-2019 17:00,0.235
11-11-2019 18:00,0.241
11-11-2019 19:00,0.245
11-11-2019 20:00,0.247
11-11-2019 21:00,0.233
11-11-2019 22:00,0.21
11-11-2019 23:00,0.2
12-11-2019 00:00,0.194
12-11-2019 01:00,0.164
12-11-2019 02:00,0.168
12-11-2019 03:00,0.196
12-11-2019 04:00,0.228
12-11-2019 05:00,0.278
12-11-2019 06:00,0.323
12-11-2019 07:00,0.307
12-11-2019 08:00,0.3
12-11-2019 09:00,0.407
12-11-2019 10:00,0.438
12-11-2019 11:00,0.419
12-11-2019 12:00,0.376
12-11-2019 13:00,0.318
12-11-2019 14:00,0.233
12-11-2019 15:00,0.232
12-11-2019 16:00,0.243
12-11-2019 17:00,0.228
12-11-2019 18:00,0.205
12-11-2019 19:00,0.17
12-11-2019 20:00,0.157
12-11-2019 21:00,0.131
12-11-2019 22:00,0.101
12-11-2019 23:00,0.09
13-11-2019 00:00,0.079
13-11-2019 01:00,0.068
13-11-2019 02:00,0.065
13-11-2019 03:00,0.072
13-11-2019 04:00,0.078
13-11-2019 05:00,0.09
13-11-2019 06:00,0.102
13-11-2019 07:00,0.108
13-11-2019 08:00,0.136
13-11-2019 09:00,0.177
13-11-2019 10:00,0.167
13-11-2019 11:00,0.158
13-11-2019 12:00,0.158
13-11-2019 13:00,0.155
13-11-2019 14:00,0.133
13-11-2019 15:00,0.14
13-11-2019 16:00,0.159
13-11-2019 17:00,0.154
13-11-2019 18:00,0.164
13-11-2019 19:00,0.167
13-11-2019 20:00,0.156
13-11-2019 21:00,0.133
13-11-2019 22:00,0.117
13-11-2019 23:00,0.104
14-11-2019 00:00,0.098
14-11-2019 01:00,0.084
14-11-2019 02:00,0.074
14-11-2019 03:00,0.078
14-11-2019 04:00,0.098
14-11-2019 05:00,0.126
14-11-2019 06:00,0.151
14-11-2019 07:00,0.175
14-11-2019 08:00,0.213
14-11-2019 09:00,0.234
14-11-2019 10:00,0.315
14-11-2019 11:00,0.336
14-11-2019 12:00,0.314
14-11-2019 13:00,0.298
14-11-2019 14:00,0.287
14-11-2019 15:00,0.343
14-11-2019 16:00,0.348
14-11-2019 17:00,0.363
14-11-2019 18:00,0.346
14-11-2019 19:00,0.317
14-11-2019 20:00,0.305
14-11-2019 21:00,0.294
14-11-2019 22:00,0.259
14-11-2019 23:00,0.238
15-11-2019 00:00,0.214
15-11-2019 01:00,0.213
15-11-2019 02:00,0.201
15-11-2019 03:00,0.202
15-11-2019 04:00,0.237
15-11-2019 05:00,0.27
15-11-2019 06:00,0.308
15-11-2019 07:00,0.3
15-11-2019 08:00,0.278
15-11-2019 09:00,0.265
15-11-2019 10:00,0.193
15-11-2019 11:00,0.114
15-11-2019 12:00,0.086
15-11-2019 13:00,0.076
15-11-2019 14:00,0.074
15-11-2019 15:00,0.062
15-11-2019 16:00,0.035
15-11-2019 17:00,0.034
15-11-2019 18:00,0.039
15-11-2019 19:00,0.027
15-11-2019 20:00,0.042
15-11-2019 21:00,0.087
15-11-2019 22:00,0.14
15-11-2019 23:00,0.156
16-11-2019 00:00,0.162
16-11-2019 01:00,0.142
16-11-2019 02:00,0.136
16-11-2019 03:00,0.139
16-11-2019 04:00,0.131
16-11-2019 05:00,0.106
16-11-2019 06:00,0.078
16-11-2019 07:00,0.076
16-11-2019 08:00,0.071
16-11-2019 09:00,0.076
16-11-2019 10:00,0.097
16-11-2019 11:00,0.137
16-11-2019 12:00,0.162
16-11-2019 13:00,0.127
16-11-2019 14:00,0.109
16-11-2019 15:00,0.115
16-11-2019 16:00,0.093
16-11-2019 17:00,0.139
16-11-2019 18:00,0.144
16-11-2019 19:00,0.118
16-11-2019 20:00,0.115
16-11-2019 21:00,0.134
16-11-2019 22:00,0.112
16-11-2019 23:00,0.071
17-11-2019 00:00,0.045
17-11-2019 01:00,0.035
17-11-2019 02:00,0.054
17-11-2019 03:00,0.086
17-11-2019 04:00,0.12
17-11-2019 05:00,0.148
17-11-2019 06:00,0.172
17-11-2019 07:00,0.248
17-11-2019 08:00,0.303
17-11-2019 09:00,0.311
17-11-2019 10:00,0.342
17-11-2019 11:00,0.367
17-11-2019 12:00,0.379
17-11-2019 13:00,0.324
17-11-2019 14:00,0.331
17-11-2019 15:00,0.291
17-11-2019 16:00,0.275
17-11-2019 17:00,0.265
17-11-2019 18:00,0.262
17-11-2019 19:00,0.279
17-11-2019 20:00,0.211
17-11-2019 21:00,0.17
17-11-2019 22:00,0.126
17-11-2019 23:00,0.088
18-11-2019 00:00,0.096
18-11-2019 01:00,0.11
18-11-2019 02:00,0.125
18-11-2019 03:00,0.131
18-11-2019 04:00,0.138
18-11-2019 05:00,0.144
18-11-2019 06:00,0.136
18-11-2019 07:00,0.127
18-11-2019 08:00,0.125
18-11-2019 09:00,0.162
18-11-2019 10:00,0.222
18-11-2019 11:00,0.259
18-11-2019 12:00,0.303
18-11-2019 13:00,0.343
18-11-2019 14:00,0.323
18-11-2019 15:00,0.352
18-11-2019 16:00,0.392
18-11-2019 17:00,0.404
18-11-2019 18:00,0.394
18-11-2019 19:00,0.422
18-11-2019 20:00,0.444
18-11-2019 21:00,0.464
18-11-2019 22:00,0.47
18-11-2019 23:00,0.451
19-11-2019 00:00,0.418
19-11-2019 01:00,0.36
19-11-2019 02:00,0.31
19-11-2019 03:00,0.251
19-11-2019 04:00,0.177
19-11-2019 05:00,0.149
19-11-2019 06:00,0.132
19-11-2019 07:00,0.106
19-11-2019 08:00,0.068
19-11-2019 09:00,0.042
19-11-2019 10:00,0.033
19-11-2019 11:00,0.029
19-11-2019 12:00,0.032
19-11-2019 13:00,0.032
19-11-2019 14:00,0.029
19-11-2019 15:00,0.029
19-11-2019 16:00,0.031
19-11-2019 17:00,0.033
19-11-2019 18:00,0.034
19-11-2019 19:00,0.035
19-11-2019 20:00,0.035
19-11-2019 21:00,0.035
19-11-2019 22:00,0.037
19-11-2019 23:00,0.039
20-11-2019 00:00,0.043
20-11-2019 01:00,0.047
20-11-2019 02:00,0.047
20-11-2019 03:00,0.041
20-11-2019 04:00,0.04
20-11-2019 05:00,0.038
20-11-2019 06:00,0.041
20-11-2019 07:00,0.039
20-11-2019 08:00,0.029
20-11-2019 09:00,0.032
20-11-2019 10:00,0.042
20-11-2019 11:00,0.047
20-11-2019 12:00,0.045
20-11-2019 13:00,0.04
20-11-2019 14:00,0.039
20-11-2019 15:00,0.059
20-11-2019 16:00,0.093
20-11-2019 17:00,0.119
20-11-2019 18:00,0.144
20-11-2019 19:00,0.162
20-11-2019 20:00,0.153
20-11-2019 21:00,0.125
20-11-2019 22:00,0.095
20-11-2019 23:00,0.078
21-11-2019 00:00,0.071
21-11-2019 01:00,0.064
21-11-2019 02:00,0.054
21-11-2019 03:00,0.045
21-11-2019 04:00,0.042
21-11-2019 05:00,0.037
21-11-2019 06:00,0.033
21-11-2019 07:00,0.033
21-11-2019 08:00,0.027
21-11-2019 09:00,0.015
21-11-2019 10:00,0.01
21-11-2019 11:00,0.01
21-11-2019 12:00,0.011
21-11-2019 13:00,0.012
21-11-2019 14:00,0.017
21-11-2019 15:00,0.031
21-11-2019 16:00,0.051
21-11-2019 17:00,0.073
21-11-2019 18:00,0.089
21-11-2019 19:00,0.1
21-11-2019 20:00,0.106
21-11-2019 21:00,0.119
21-11-2019 22:00,0.147
21-11-2019 23:00,0.18
22-11-2019 00:00,0.211
22-11-2019 01:00,0.209
22-11-2019 02:00,0.169
22-11-2019 03:00,0.147
22-11-2019 04:00,0.135
22-11-2019 05:00,0.133
22-11-2019 06:00,0.142
22-11-2019 07:00,0.142
22-11-2019 08:00,0.146
22-11-2019 09:00,0.133
22-11-2019 10:00,0.119
22-11-2019 11:00,0.108
22-11-2019 12:00,0.101
22-11-2019 13:00,0.107
22-11-2019 14:00,0.126
22-11-2019 15:00,0.157
22-11-2019 16:00,0.192
22-11-2019 17:00,0.208
22-11-2019 18:00,0.209
22-11-2019 19:00,0.192
22-11-2019 20:00,0.175
22-11-2019 21:00,0.183
22-11-2019 22:00,0.204
22-11-2019 23:00,0.212
23-11-2019 00:00,0.222
23-11-2019 01:00,0.227
23-11-2019 02:00,0.243
23-11-2019 03:00,0.238
23-11-2019 04:00,0.251
23-11-2019 05:00,0.252
23-11-2019 06:00,0.25
23-11-2019 07:00,0.27
23-11-2019 08:00,0.279
23-11-2019 09:00,0.28
23-11-2019 10:00,0.274
23-11-2019 11:00,0.265
23-11-2019 12:00,0.27
23-11-2019 13:00,0.251
23-11-2019 14:00,0.325
23-11-2019 15:00,0.449
23-11-2019 16:00,0.474
23-11-2019 17:00,0.436
23-11-2019 18:00,0.401
23-11-2019 19:00,0.365
23-11-2019 20:00,0.297
23-11-2019 21:00,0.256
23-11-2019 22:00,0.22
23-11-2019 23:00,0.188
24-11-2019 00:00,0.155
24-11-2019 01:00,0.125
24-11-2019 02:00,0.116
24-11-2019 03:00,0.107
24-11-2019 04:00,0.096
24-11-2019 05:00,0.085
24-11-2019 06:00,0.079
24-11-2019 07:00,0.073
24-11-2019 08:00,0.062
24-11-2019 09:00,0.054
24-11-2019 10:00,0.04
24-11-2019 11:00,0.03
24-11-2019 12:00,0.025
24-11-2019 13:00,0.021
24-11-2019 14:00,0.019
24-11-2019 15:00,0.019
24-11-2019 16:00,0.018
24-11-2019 17:00,0.017
24-11-2019 18:00,0.017
24-11-2019 19:00,0.02
24-11-2019 20:00,0.02
24-11-2019 21:00,0.014
24-11-2019 22:00,0.008
24-11-2019 23:00,0.004
25-11-2019 00:00,0.003
25-11-2019 01:00,0.004
25-11-2019 02:00,0.006
25-11-2019 03:00,0.009
25-11-2019 04:00,0.013
25-11-2019 05:00,0.017
25-11-2019 06:00,0.02
25-11-2019 07:00,0.022
25-11-2019 08:00,0.028
25-11-2019 09:00,0.032
25-11-2019 10:00,0.031
25-11-2019 11:00,0.026
25-11-2019 12:00,0.021
25-11-2019 13:00,0.019
25-11-2019 14:00,0.017
25-11-2019 15:00,0.018
25-11-2019 16:00,0.028
25-11-2019 17:00,0.045
25-11-2019 18:00,0.062
25-11-2019 19:00,0.073
25-11-2019 20:00,0.076
25-11-2019 21:00,0.077
25-11-2019 22:00,0.079
25-11-2019 23:00,0.083
26-11-2019 00:00,0.091
26-11-2019 01:00,0.099
26-11-2019 02:00,0.106
26-11-2019 03:00,0.112
26-11-2019 04:00,0.118
26-11-2019 05:00,0.127
26-11-2019 06:00,0.147
26-11-2019 07:00,0.165
26-11-2019 08:00,0.152
26-11-2019 09:00,0.138
26-11-2019 10:00,0.144
26-11-2019 11:00,0.154
26-11-2019 12:00,0.133
26-11-2019 13:00,0.13
26-11-2019 14:00,0.151
26-11-2019 15:00,0.203
26-11-2019 16:00,0.242
26-11-2019 17:00,0.252
26-11-2019 18:00,0.251
26-11-2019 19:00,0.248
26-11-2019 20:00,0.231
26-11-2019 21:00,0.203
26-11-2019 22:00,0.191
26-11-2019 23:00,0.165
27-11-2019 00:00,0.183
27-11-2019 01:00,0.211
27-11-2019 02:00,0.21
27-11-2019 03:00,0.21
27-11-2019 04:00,0.236
27-11-2019 05:00,0.289
27-11-2019 06:00,0.305
27-11-2019 07:00,0.302
27-11-2019 08:00,0.346
27-11-2019 09:00,0.289
27-11-2019 10:00,0.281
27-11-2019 11:00,0.28
27-11-2019 12:00,0.262
27-11-2019 13:00,0.269
27-11-2019 14:00,0.331
27-11-2019 15:00,0.4
27-11-2019 16:00,0.448
27-11-2019 17:00,0.497
27-11-2019 18:00,0.55
27-11-2019 19:00,0.599
27-11-2019 20:00,0.627
27-11-2019 21:00,0.676
27-11-2019 22:00,0.679
27-11-2019 23:00,0.666
28-11-2019 00:00,0.648
28-11-2019 01:00,0.64
28-11-2019 02:00,0.642
28-11-2019 03:00,0.645
28-11-2019 04:00,0.659
28-11-2019 05:00,0.663
28-11-2019 06:00,0.654
28-11-2019 07:00,0.652
28-11-2019 08:00,0.654
28-11-2019 09:00,0.669
28-11-2019 10:00,0.686
28-11-2019 11:00,0.704
28-11-2019 12:00,0.713
28-11-2019 13:00,0.71
28-11-2019 14:00,0.694
28-11-2019 15:00,0.704
28-11-2019 16:00,0.71
28-11-2019 17:00,0.7
28-11-2019 18:00,0.678
28-11-2019 19:00,0.635
28-11-2019 20:00,0.599
28-11-2019 21:00,0.553
28-11-2019 22:00,0.532
28-11-2019 23:00,0.516
29-11-2019 00:00,0.507
29-11-2019 01:00,0.471
29-11-2019 02:00,0.405
29-11-2019 03:00,0.324
29-11-2019 04:00,0.257
29-11-2019 05:00,0.236
29-11-2019 06:00,0.219
29-11-2019 07:00,0.202
29-11-2019 08:00,0.176
29-11-2019 09:00,0.22
29-11-2019 10:00,0.323
29-11-2019 11:00,0.362
29-11-2019 12:00,0.364
29-11-2019 13:00,0.343
29-11-2019 14:00,0.3
29-11-2019 15:00,0.311
29-11-2019 16:00,0.316
29-11-2019 17:00,0.297
29-11-2019 18:00,0.285
29-11-2019 19:00,0.266
29-11-2019 20:00,0.23
29-11-2019 21:00,0.198
29-11-2019 22:00,0.177
29-11-2019 23:00,0.177
30-11-2019 00:00,0.179
30-11-2019 01:00,0.161
30-11-2019 02:00,0.152
30-11-2019 03:00,0.14
30-11-2019 04:00,0.104
30-11-2019 05:00,0.076
30-11-2019 06:00,0.058
30-11-2019 07:00,0.046
30-11-2019 08:00,0.036
30-11-2019 09:00,0.032
30-11-2019 10:00,0.03
30-11-2019 11:00,0.029
30-11-2019 12:00,0.024
30-11-2019 13:00,0.014
30-11-2019 14:00,0.005
30-11-2019 15:00,0.002
30-11-2019 16:00,0.004
30-11-2019 17:00,0.011
30-11-2019 18:00,0.021
30-11-2019 19:00,0.038
30-11-2019 20:00,0.066
30-11-2019 21:00,0.093
30-11-2019 22:00,0.108
30-11-2019 23:00,0.113
01-12-2019 00:00,0.118
01-12-2019 01:00,0.134
01-12-2019 02:00,0.15
01-12-2019 03:00,0.17
01-12-2019 04:00,0.194
01-12-2019 05:00,0.206
01-12-2019 06:00,0.23
01-12-2019 07:00,0.252
01-12-2019 08:00,0.233
01-12-2019 09:00,0.182
01-12-2019 10:00,0.153
01-12-2019 11:00,0.124
01-12-2019 12:00,0.132
01-12-2019 13:00,0.17
01-12-2019 14:00,0.204
01-12-2019 15:00,0.209
01-12-2019 16:00,0.195
01-12-2019 17:00,0.183
01-12-2019 18:00,0.17
01-12-2019 19:00,0.141
01-12-2019 20:00,0.139
01-12-2019 21:00,0.135
01-12-2019 22:00,0.126
01-12-2019 23:00,0.121
02-12-2019 00:00,0.123
02-12-2019 01:00,0.132
02-12-2019 02:00,0.128
02-12-2019 03:00,0.118
02-12-2019 04:00,0.124
02-12-2019 05:00,0.118
02-12-2019 06:00,0.091
02-12-2019 07:00,0.088
02-12-2019 08:00,0.07
02-12-2019 09:00,0.06
02-12-2019 10:00,0.11
02-12-2019 11:00,0.148
02-12-2019 12:00,0.159
02-12-2019 13:00,0.148
02-12-2019 14:00,0.176
02-12-2019 15:00,0.218
02-12-2019 16:00,0.233
02-12-2019 17:00,0.231
02-12-2019 18:00,0.217
02-12-2019 19:00,0.21
02-12-2019 20:00,0.209
02-12-2019 21:00,0.174
02-12-2019 22:00,0.154
02-12-2019 23:00,0.124
03-12-2019 00:00,0.104
03-12-2019 01:00,0.077
03-12-2019 02:00,0.066
03-12-2019 03:00,0.083
03-12-2019 04:00,0.094
03-12-2019 05:00,0.079
03-12-2019 06:00,0.07
03-12-2019 07:00,0.068
03-12-2019 08:00,0.058
03-12-2019 09:00,0.045
03-12-2019 10:00,0.039
03-12-2019 11:00,0.031
03-12-2019 12:00,0.018
03-12-2019 13:00,0.014
03-12-2019 14:00,0.01
03-12-2019 15:00,0.016
03-12-2019 16:00,0.035
03-12-2019 17:00,0.046
03-12-2019 18:00,0.059
03-12-2019 19:00,0.076
03-12-2019 20:00,0.079
03-12-2019 21:00,0.082
03-12-2019 22:00,0.091
03-12-2019 23:00,0.093
04-12-2019 00:00,0.082
04-12-2019 01:00,0.072
04-12-2019 02:00,0.068
04-12-2019 03:00,0.067
04-12-2019 04:00,0.069
04-12-2019 05:00,0.076
04-12-2019 06:00,0.077
04-12-2019 07:00,0.073
04-12-2019 08:00,0.05
04-12-2019 09:00,0.047
04-12-2019 10:00,0.052
04-12-2019 11:00,0.053
04-12-2019 12:00,0.058
04-12-2019 13:00,0.067
04-12-2019 14:00,0.077
04-12-2019 15:00,0.111
04-12-2019 16:00,0.144
04-12-2019 17:00,0.164
04-12-2019 18:00,0.175
04-12-2019 19:00,0.179
04-12-2019 20:00,0.17
04-12-2019 21:00,0.155
04-12-2019 22:00,0.137
04-12-2019 23:00,0.121
05-12-2019 00:00,0.109
05-12-2019 01:00,0.107
05-12-2019 02:00,0.105
05-12-2019 03:00,0.088
05-12-2019 04:00,0.07
05-12-2019 05:00,0.067
05-12-2019 06:00,0.064
05-12-2019 07:00,0.066
05-12-2019 08:00,0.068
05-12-2019 09:00,0.069
05-12-2019 10:00,0.068
05-12-2019 11:00,0.069
05-12-2019 12:00,0.073
05-12-2019 13:00,0.078
05-12-2019 14:00,0.086
05-12-2019 15:00,0.13
05-12-2019 16:00,0.17
05-12-2019 17:00,0.175
05-12-2019 18:00,0.155
05-12-2019 19:00,0.136
05-12-2019 20:00,0.139
05-12-2019 21:00,0.177
05-12-2019 22:00,0.2
05-12-2019 23:00,0.207
06-12-2019 00:00,0.212
06-12-2019 01:00,0.216
06-12-2019 02:00,0.24
06-12-2019 03:00,0.263
06-12-2019 04:00,0.285
06-12-2019 05:00,0.3
06-12-2019 06:00,0.311
06-12-2019 07:00,0.295
06-12-2019 08:00,0.323
06-12-2019 09:00,0.325
06-12-2019 10:00,0.335
06-12-2019 11:00,0.344
06-12-2019 12:00,0.347
06-12-2019 13:00,0.328
06-12-2019 14:00,0.372
06-12-2019 15:00,0.423
06-12-2019 16:00,0.451
06-12-2019 17:00,0.467
06-12-2019 18:00,0.479
06-12-2019 19:00,0.53
06-12-2019 20:00,0.546
06-12-2019 21:00,0.54
06-12-2019 22:00,0.543
06-12-2019 23:00,0.532
07-12-2019 00:00,0.645
07-12-2019 01:00,0.654
07-12-2019 02:00,0.661
07-12-2019 03:00,0.637
07-12-2019 04:00,0.589
07-12-2019 05:00,0.552
07-12-2019 06:00,0.593
07-12-2019 07:00,0.568
07-12-2019 08:00,0.481
07-12-2019 09:00,0.432
07-12-2019 10:00,0.4
07-12-2019 11:00,0.386
07-12-2019 12:00,0.386
07-12-2019 13:00,0.407
07-12-2019 14:00,0.412
07-12-2019 15:00,0.42
07-12-2019 16:00,0.407
07-12-2019 17:00,0.395
07-12-2019 18:00,0.371
07-12-2019 19:00,0.367
07-12-2019 20:00,0.349
07-12-2019 21:00,0.337
07-12-2019 22:00,0.337
07-12-2019 23:00,0.308
08-12-2019 00:00,0.294
08-12-2019 01:00,0.312
08-12-2019 02:00,0.379
08-12-2019 03:00,0.328
08-12-2019 04:00,0.354
08-12-2019 05:00,0.395
08-12-2019 06:00,0.542
08-12-2019 07:00,0.642
08-12-2019 08:00,0.69
08-12-2019 09:00,0.721
08-12-2019 10:00,0.721
08-12-2019 11:00,0.747
08-12-2019 12:00,0.748
08-12-2019 13:00,0.74
08-12-2019 14:00,0.745
08-12-2019 15:00,0.727
08-12-2019 16:00,0.69
08-12-2019 17:00,0.651
08-12-2019 18:00,0.574
08-12-2019 19:00,0.547
08-12-2019 20:00,0.578
08-12-2019 21:00,0.552
08-12-2019 22:00,0.528
08-12-2019 23:00,0.523
09-12-2019 00:00,0.545
09-12-2019 01:00,0.588
09-12-2019 02:00,0.61
09-12-2019 03:00,0.62
09-12-2019 04:00,0.618
09-12-2019 05:00,0.618
09-12-2019 06:00,0.628
09-12-2019 07:00,0.624
09-12-2019 08:00,0.637
09-12-2019 09:00,0.674
09-12-2019 10:00,0.7
09-12-2019 11:00,0.633
09-12-2019 12:00,0.526
09-12-2019 13:00,0.425
09-12-2019 14:00,0.337
09-12-2019 15:00,0.264
09-12-2019 16:00,0.236
09-12-2019 17:00,0.236
09-12-2019 18:00,0.238
09-12-2019 19:00,0.27
09-12-2019 20:00,0.349
09-12-2019 21:00,0.41
09-12-2019 22:00,0.498
09-12-2019 23:00,0.454
10-12-2019 00:00,0.392
10-12-2019 01:00,0.355
10-12-2019 02:00,0.278
10-12-2019 03:00,0.283
10-12-2019 04:00,0.264
10-12-2019 05:00,0.235
10-12-2019 06:00,0.202
10-12-2019 07:00,0.167
10-12-2019 08:00,0.135
10-12-2019 09:00,0.117
10-12-2019 10:00,0.123
10-12-2019 11:00,0.131
10-12-2019 12:00,0.125
10-12-2019 13:00,0.111
10-12-2019 14:00,0.119
10-12-2019 15:00,0.174
10-12-2019 16:00,0.233
10-12-2019 17:00,0.267
10-12-2019 18:00,0.279
10-12-2019 19:00,0.279
10-12-2019 20:00,0.277
10-12-2019 21:00,0.289
10-12-2019 22:00,0.31
10-12-2019 23:00,0.323
11-12-2019 00:00,0.331
11-12-2019 01:00,0.33
11-12-2019 02:00,0.33
11-12-2019 03:00,0.322
11-12-2019 04:00,0.294
11-12-2019 05:00,0.256
11-12-2019 06:00,0.231
11-12-2019 07:00,0.218
11-12-2019 08:00,0.205
11-12-2019 09:00,0.199
11-12-2019 10:00,0.193
11-12-2019 11:00,0.185
11-12-2019 12:00,0.181
11-12-2019 13:00,0.192
11-12-2019 14:00,0.208
11-12-2019 15:00,0.222
11-12-2019 16:00,0.218
11-12-2019 17:00,0.194
11-12-2019 18:00,0.197
11-12-2019 19:00,0.185
11-12-2019 20:00,0.149
11-12-2019 21:00,0.135
11-12-2019 22:00,0.124
11-12-2019 23:00,0.105
12-12-2019 00:00,0.1
12-12-2019 01:00,0.108
12-12-2019 02:00,0.112
12-12-2019 03:00,0.119
12-12-2019 04:00,0.123
12-12-2019 05:00,0.133
12-12-2019 06:00,0.141
12-12-2019 07:00,0.151
12-12-2019 08:00,0.145
12-12-2019 09:00,0.134
12-12-2019 10:00,0.146
12-12-2019 11:00,0.156
12-12-2019 12:00,0.163
12-12-2019 13:00,0.176
12-12-2019 14:00,0.186
12-12-2019 15:00,0.202
12-12-2019 16:00,0.223
12-12-2019 17:00,0.218
12-12-2019 18:00,0.233
12-12-2019 19:00,0.261
12-12-2019 20:00,0.282
12-12-2019 21:00,0.294
12-12-2019 22:00,0.321
12-12-2019 23:00,0.364
13-12-2019 00:00,0.358
13-12-2019 01:00,0.407
13-12-2019 02:00,0.444
13-12-2019 03:00,0.512
13-12-2019 04:00,0.541
13-12-2019 05:00,0.551
13-12-2019 06:00,0.538
13-12-2019 07:00,0.497
13-12-2019 08:00,0.45
13-12-2019 09:00,0.425
13-12-2019 10:00,0.472
13-12-2019 11:00,0.409
13-12-2019 12:00,0.305
13-12-2019 13:00,0.292
13-12-2019 14:00,0.274
13-12-2019 15:00,0.43
13-12-2019 16:00,0.466
13-12-2019 17:00,0.414
13-12-2019 18:00,0.364
13-12-2019 19:00,0.331
13-12-2019 20:00,0.34
13-12-2019 21:00,0.367
13-12-2019 22:00,0.483
13-12-2019 23:00,0.547
14-12-2019 00:00,0.503
14-12-2019 01:00,0.422
14-12-2019 02:00,0.38
14-12-2019 03:00,0.381
14-12-2019 04:00,0.425
14-12-2019 05:00,0.407
14-12-2019 06:00,0.393
14-12-2019 07:00,0.408
14-12-2019 08:00,0.65
14-12-2019 09:00,0.813
14-12-2019 10:00,0.802
14-12-2019 11:00,0.768
14-12-2019 12:00,0.777
14-12-2019 13:00,0.796
14-12-2019 14:00,0.786
14-12-2019 15:00,0.784
14-12-2019 16:00,0.803
14-12-2019 17:00,0.799
14-12-2019 18:00,0.768
14-12-2019 19:00,0.738
14-12-2019 20:00,0.682
14-12-2019 21:00,0.604
14-12-2019 22:00,0.512
14-12-2019 23:00,0.362
15-12-2019 00:00,0.233
15-12-2019 01:00,0.217
15-12-2019 02:00,0.22
15-12-2019 03:00,0.304
15-12-2019 04:00,0.432
15-12-2019 05:00,0.514
15-12-2019 06:00,0.775
15-12-2019 07:00,0.824
15-12-2019 08:00,0.795
15-12-2019 09:00,0.682
15-12-2019 10:00,0.58
15-12-2019 11:00,0.528
15-12-2019 12:00,0.471
15-12-2019 13:00,0.416
15-12-2019 14:00,0.395
15-12-2019 15:00,0.424
15-12-2019 16:00,0.435
15-12-2019 17:00,0.41
15-12-2019 18:00,0.365
15-12-2019 19:00,0.351
15-12-2019 20:00,0.337
15-12-2019 21:00,0.308
15-12-2019 22:00,0.249
15-12-2019 23:00,0.192
16-12-2019 00:00,0.158
16-12-2019 01:00,0.149
16-12-2019 02:00,0.17
16-12-2019 03:00,0.195
16-12-2019 04:00,0.193
16-12-2019 05:00,0.201
16-12-2019 06:00,0.211
16-12-2019 07:00,0.238
16-12-2019 08:00,0.228
16-12-2019 09:00,0.225
16-12-2019 10:00,0.176
16-12-2019 11:00,0.152
16-12-2019 12:00,0.157
16-12-2019 13:00,0.169
16-12-2019 14:00,0.229
16-12-2019 15:00,0.304
16-12-2019 16:00,0.334
16-12-2019 17:00,0.322
16-12-2019 18:00,0.314
16-12-2019 19:00,0.312
16-12-2019 20:00,0.311
16-12-2019 21:00,0.321
16-12-2019 22:00,0.302
16-12-2019 23:00,0.261
17-12-2019 00:00,0.218
17-12-2019 01:00,0.193
17-12-2019 02:00,0.186
17-12-2019 03:00,0.22
17-12-2019 04:00,0.22
17-12-2019 05:00,0.202
17-12-2019 06:00,0.199
17-12-2019 07:00,0.196
17-12-2019 08:00,0.188
17-12-2019 09:00,0.152
17-12-2019 10:00,0.12
17-12-2019 11:00,0.114
17-12-2019 12:00,0.121
17-12-2019 13:00,0.152
17-12-2019 14:00,0.221
17-12-2019 15:00,0.291
17-12-2019 16:00,0.328
17-12-2019 17:00,0.325
17-12-2019 18:00,0.304
17-12-2019 19:00,0.279
17-12-2019 20:00,0.266
17-12-2019 21:00,0.28
17-12-2019 22:00,0.341
17-12-2019 23:00,0.488
18-12-2019 00:00,0.602
18-12-2019 01:00,0.58
18-12-2019 02:00,0.488
18-12-2019 03:00,0.374
18-12-2019 04:00,0.274
18-12-2019 05:00,0.209
18-12-2019 06:00,0.176
18-12-2019 07:00,0.172
18-12-2019 08:00,0.14
18-12-2019 09:00,0.098
18-12-2019 10:00,0.077
18-12-2019 11:00,0.072
18-12-2019 12:00,0.058
18-12-2019 13:00,0.037
18-12-2019 14:00,0.027
18-12-2019 15:00,0.025
18-12-2019 16:00,0.042
18-12-2019 17:00,0.095
18-12-2019 18:00,0.18
18-12-2019 19:00,0.27
18-12-2019 20:00,0.323
18-12-2019 21:00,0.308
18-12-2019 22:00,0.233
18-12-2019 23:00,0.169
19-12-2019 00:00,0.149
19-12-2019 01:00,0.148
19-12-2019 02:00,0.141
19-12-2019 03:00,0.147
19-12-2019 04:00,0.156
19-12-2019 05:00,0.179
19-12-2019 06:00,0.186
19-12-2019 07:00,0.185
19-12-2019 08:00,0.169
19-12-2019 09:00,0.147
19-12-2019 10:00,0.168
19-12-2019 11:00,0.161
19-12-2019 12:00,0.162
19-12-2019 13:00,0.161
19-12-2019 14:00,0.192
19-12-2019 15:00,0.266
19-12-2019 16:00,0.292
19-12-2019 17:00,0.242
19-12-2019 18:00,0.184
19-12-2019 19:00,0.159
19-12-2019 20:00,0.163
19-12-2019 21:00,0.179
19-12-2019 22:00,0.184
19-12-2019 23:00,0.192
20-12-2019 00:00,0.186
20-12-2019 01:00,0.209
20-12-2019 02:00,0.249
20-12-2019 03:00,0.291
20-12-2019 04:00,0.265
20-12-2019 05:00,0.289
20-12-2019 06:00,0.315
20-12-2019 07:00,0.337
20-12-2019 08:00,0.426
20-12-2019 09:00,0.395
20-12-2019 10:00,0.343
20-12-2019 11:00,0.286
20-12-2019 12:00,0.228
20-12-2019 13:00,0.236
20-12-2019 14:00,0.249
20-12-2019 15:00,0.303
20-12-2019 16:00,0.324
20-12-2019 17:00,0.36
20-12-2019 18:00,0.383
20-12-2019 19:00,0.352
20-12-2019 20:00,0.302
20-12-2019 21:00,0.245
20-12-2019 22:00,0.238
20-12-2019 23:00,0.241
21-12-2019 00:00,0.212
21-12-2019 01:00,0.189
21-12-2019 02:00,0.185
21-12-2019 03:00,0.189
21-12-2019 04:00,0.177
21-12-2019 05:00,0.162
21-12-2019 06:00,0.157
21-12-2019 07:00,0.163
21-12-2019 08:00,0.179
21-12-2019 09:00,0.161
21-12-2019 10:00,0.16
21-12-2019 11:00,0.132
21-12-2019 12:00,0.112
21-12-2019 13:00,0.104
21-12-2019 14:00,0.118
21-12-2019 15:00,0.176
21-12-2019 16:00,0.192
21-12-2019 17:00,0.202
21-12-2019 18:00,0.211
21-12-2019 19:00,0.181
21-12-2019 20:00,0.161
21-12-2019 21:00,0.156
21-12-2019 22:00,0.15
21-12-2019 23:00,0.178
22-12-2019 00:00,0.213
22-12-2019 01:00,0.227
22-12-2019 02:00,0.246
22-12-2019 03:00,0.278
22-12-2019 04:00,0.315
22-12-2019 05:00,0.239
22-12-2019 06:00,0.209
22-12-2019 07:00,0.252
22-12-2019 08:00,0.243
22-12-2019 09:00,0.194
22-12-2019 10:00,0.139
22-12-2019 11:00,0.148
22-12-2019 12:00,0.201
22-12-2019 13:00,0.211
22-12-2019 14:00,0.194
22-12-2019 15:00,0.231
22-12-2019 16:00,0.278
22-12-2019 17:00,0.333
22-12-2019 18:00,0.433
22-12-2019 19:00,0.498
22-12-2019 20:00,0.5
22-12-2019 21:00,0.494
22-12-2019 22:00,0.484
22-12-2019 23:00,0.473
23-12-2019 00:00,0.477
23-12-2019 01:00,0.505
23-12-2019 02:00,0.457
23-12-2019 03:00,0.407
23-12-2019 04:00,0.379
23-12-2019 05:00,0.333
23-12-2019 06:00,0.325
23-12-2019 07:00,0.308
23-12-2019 08:00,0.306
23-12-2019 09:00,0.314
23-12-2019 10:00,0.3
23-12-2019 11:00,0.364
23-12-2019 12:00,0.43
23-12-2019 13:00,0.402
23-12-2019 14:00,0.369
23-12-2019 15:00,0.343
23-12-2019 16:00,0.323
23-12-2019 17:00,0.334
23-12-2019 18:00,0.349
23-12-2019 19:00,0.358
23-12-2019 20:00,0.351
23-12-2019 21:00,0.328
23-12-2019 22:00,0.302
23-12-2019 23:00,0.288
24-12-2019 00:00,0.3
24-12-2019 01:00,0.28
24-12-2019 02:00,0.234
24-12-2019 03:00,0.209
24-12-2019 04:00,0.199
24-12-2019 05:00,0.218
24-12-2019 06:00,0.253
24-12-2019 07:00,0.27
24-12-2019 08:00,0.274
24-12-2019 09:00,0.257
24-12-2019 10:00,0.31
24-12-2019 11:00,0.397
24-12-2019 12:00,0.423
24-12-2019 13:00,0.394
24-12-2019 14:00,0.435
24-12-2019 15:00,0.541
24-12-2019 16:00,0.644
24-12-2019 17:00,0.633
24-12-2019 18:00,0.552
24-12-2019 19:00,0.466
24-12-2019 20:00,0.442
24-12-2019 21:00,0.407
24-12-2019 22:00,0.391
24-12-2019 23:00,0.438
25-12-2019 00:00,0.467
25-12-2019 01:00,0.432
25-12-2019 02:00,0.418
25-12-2019 03:00,0.391
25-12-2019 04:00,0.364
25-12-2019 05:00,0.317
25-12-2019 06:00,0.31
25-12-2019 07:00,0.357
25-12-2019 08:00,0.37
25-12-2019 09:00,0.389
25-12-2019 10:00,0.42
25-12-2019 11:00,0.398
25-12-2019 12:00,0.337
25-12-2019 13:00,0.283
25-12-2019 14:00,0.289
25-12-2019 15:00,0.278
25-12-2019 16:00,0.249
25-12-2019 17:00,0.247
25-12-2019 18:00,0.219
25-12-2019 19:00,0.188
25-12-2019 20:00,0.174
25-12-2019 21:00,0.162
25-12-2019 22:00,0.16
25-12-2019 23:00,0.153
26-12-2019 00:00,0.132
26-12-2019 01:00,0.116
26-12-2019 02:00,0.097
26-12-2019 03:00,0.076
26-12-2019 04:00,0.051
26-12-2019 05:00,0.029
26-12-2019 06:00,0.012
26-12-2019 07:00,0.006
26-12-2019 08:00,0.004
26-12-2019 09:00,0.005
26-12-2019 10:00,0.007
26-12-2019 11:00,0.014
26-12-2019 12:00,0.02
26-12-2019 13:00,0.017
26-12-2019 14:00,0.011
26-12-2019 15:00,0.023
26-12-2019 16:00,0.042
26-12-2019 17:00,0.062
26-12-2019 18:00,0.077
26-12-2019 19:00,0.078
26-12-2019 20:00,0.078
26-12-2019 21:00,0.082
26-12-2019 22:00,0.084
26-12-2019 23:00,0.077
27-12-2019 00:00,0.062
27-12-2019 01:00,0.042
27-12-2019 02:00,0.026
27-12-2019 03:00,0.021
27-12-2019 04:00,0.025
27-12-2019 05:00,0.044
27-12-2019 06:00,0.075
27-12-2019 07:00,0.104
27-12-2019 08:00,0.113
27-12-2019 09:00,0.117
27-12-2019 10:00,0.153
27-12-2019 11:00,0.173
27-12-2019 12:00,0.16
27-12-2019 13:00,0.141
27-12-2019 14:00,0.148
27-12-2019 15:00,0.171
27-12-2019 16:00,0.179
27-12-2019 17:00,0.181
27-12-2019 18:00,0.176
27-12-2019 19:00,0.167
27-12-2019 20:00,0.152
27-12-2019 21:00,0.135
27-12-2019 22:00,0.122
27-12-2019 23:00,0.103
28-12-2019 00:00,0.084
28-12-2019 01:00,0.064
28-12-2019 02:00,0.046
28-12-2019 03:00,0.045
28-12-2019 04:00,0.049
28-12-2019 05:00,0.054
28-12-2019 06:00,0.058
28-12-2019 07:00,0.053
28-12-2019 08:00,0.045
28-12-2019 09:00,0.046
28-12-2019 10:00,0.045
28-12-2019 11:00,0.03
28-12-2019 12:00,0.024
28-12-2019 13:00,0.026
28-12-2019 14:00,0.041
28-12-2019 15:00,0.073
28-12-2019 16:00,0.11
28-12-2019 17:00,0.135
28-12-2019 18:00,0.152
28-12-2019 19:00,0.158
28-12-2019 20:00,0.134
28-12-2019 21:00,0.1
28-12-2019 22:00,0.087
28-12-2019 23:00,0.076
29-12-2019 00:00,0.089
29-12-2019 01:00,0.112
29-12-2019 02:00,0.107
29-12-2019 03:00,0.099
29-12-2019 04:00,0.11
29-12-2019 05:00,0.122
29-12-2019 06:00,0.107
29-12-2019 07:00,0.085
29-12-2019 08:00,0.054
29-12-2019 09:00,0.046
29-12-2019 10:00,0.053
29-12-2019 11:00,0.045
29-12-2019 12:00,0.038
29-12-2019 13:00,0.038
29-12-2019 14:00,0.058
29-12-2019 15:00,0.089
29-12-2019 16:00,0.106
29-12-2019 17:00,0.12
29-12-2019 18:00,0.144
29-12-2019 19:00,0.165
29-12-2019 20:00,0.171
29-12-2019 21:00,0.17
29-12-2019 22:00,0.156
29-12-2019 23:00,0.135
30-12-2019 00:00,0.123
30-12-2019 01:00,0.116
30-12-2019 02:00,0.112
30-12-2019 03:00,0.112
30-12-2019 04:00,0.119
30-12-2019 05:00,0.127
30-12-2019 06:00,0.138
30-12-2019 07:00,0.144
30-12-2019 08:00,0.117
30-12-2019 09:00,0.093
30-12-2019 10:00,0.084
30-12-2019 11:00,0.084
30-12-2019 12:00,0.1
30-12-2019 13:00,0.104
30-12-2019 14:00,0.147
30-12-2019 15:00,0.201
30-12-2019 16:00,0.238
30-12-2019 17:00,0.267
30-12-2019 18:00,0.285
30-12-2019 19:00,0.286
30-12-2019 20:00,0.272
30-12-2019 21:00,0.259
30-12-2019 22:00,0.259
30-12-2019 23:00,0.259
31-12-2019 00:00,0.244
31-12-2019 01:00,0.227
31-12-2019 02:00,0.216
31-12-2019 03:00,0.213
31-12-2019 04:00,0.193
31-12-2019 05:00,0.168
31-12-2019 06:00,0.138
31-12-2019 07:00,0.112
31-12-2019 08:00,0.089
31-12-2019 09:00,0.072
31-12-2019 10:00,0.059
31-12-2019 11:00,0.056
31-12-2019 12:00,0.058
31-12-2019 13:00,0.052
31-12-2019 14:00,0.058
31-12-2019 15:00,0.07
31-12-2019 16:00,0.075
31-12-2019 17:00,0.069
31-12-2019 18:00,0.045
31-12-2019 19:00,0.025
31-12-2019 20:00,0.015
31-12-2019 21:00,0.01
31-12-2019 22:00,0.008
31-12-2019 23:00,0.009
