time,p_max_pu
01-01-2019 00:00,0
01-01-2019 01:00,0
01-01-2019 02:00,0
01-01-2019 03:00,0
01-01-2019 04:00,0
01-01-2019 05:00,0
01-01-2019 06:00,0
01-01-2019 07:00,0.01
01-01-2019 08:00,0.31
01-01-2019 09:00,0.518
01-01-2019 10:00,0.643
01-01-2019 11:00,0.701
01-01-2019 12:00,0.705
01-01-2019 13:00,0.657
01-01-2019 14:00,0.551
01-01-2019 15:00,0.375
01-01-2019 16:00,0.119
01-01-2019 17:00,0
01-01-2019 18:00,0
01-01-2019 19:00,0
01-01-2019 20:00,0
01-01-2019 21:00,0
01-01-2019 22:00,0
01-01-2019 23:00,0
02-01-2019 00:00,0
02-01-2019 01:00,0
02-01-2019 02:00,0
02-01-2019 03:00,0
02-01-2019 04:00,0
02-01-2019 05:00,0
02-01-2019 06:00,0
02-01-2019 07:00,0.011
02-01-2019 08:00,0.317
02-01-2019 09:00,0.529
02-01-2019 10:00,0.657
02-01-2019 11:00,0.716
02-01-2019 12:00,0.721
02-01-2019 13:00,0.671
02-01-2019 14:00,0.564
02-01-2019 15:00,0.385
02-01-2019 16:00,0.127
02-01-2019 17:00,0
02-01-2019 18:00,0
02-01-2019 19:00,0
02-01-2019 20:00,0
02-01-2019 21:00,0
02-01-2019 22:00,0
02-01-2019 23:00,0
03-01-2019 00:00,0
03-01-2019 01:00,0
03-01-2019 02:00,0
03-01-2019 03:00,0
03-01-2019 04:00,0
03-01-2019 05:00,0
03-01-2019 06:00,0
03-01-2019 07:00,0.011
03-01-2019 08:00,0.296
03-01-2019 09:00,0.508
03-01-2019 10:00,0.641
03-01-2019 11:00,0.699
03-01-2019 12:00,0.7
03-01-2019 13:00,0.645
03-01-2019 14:00,0.532
03-01-2019 15:00,0.347
03-01-2019 16:00,0.093
03-01-2019 17:00,0
03-01-2019 18:00,0
03-01-2019 19:00,0
03-01-2019 20:00,0
03-01-2019 21:00,0
03-01-2019 22:00,0
03-01-2019 23:00,0
04-01-2019 00:00,0
04-01-2019 01:00,0
04-01-2019 02:00,0
04-01-2019 03:00,0
04-01-2019 04:00,0
04-01-2019 05:00,0
04-01-2019 06:00,0
04-01-2019 07:00,0.001
04-01-2019 08:00,0.188
04-01-2019 09:00,0.407
04-01-2019 10:00,0.612
04-01-2019 11:00,0.708
04-01-2019 12:00,0.714
04-01-2019 13:00,0.664
04-01-2019 14:00,0.557
04-01-2019 15:00,0.377
04-01-2019 16:00,0.122
04-01-2019 17:00,0
04-01-2019 18:00,0
04-01-2019 19:00,0
04-01-2019 20:00,0
04-01-2019 21:00,0
04-01-2019 22:00,0
04-01-2019 23:00,0
05-01-2019 00:00,0
05-01-2019 01:00,0
05-01-2019 02:00,0
05-01-2019 03:00,0
05-01-2019 04:00,0
05-01-2019 05:00,0
05-01-2019 06:00,0
05-01-2019 07:00,0.004
05-01-2019 08:00,0.212
05-01-2019 09:00,0.461
05-01-2019 10:00,0.644
05-01-2019 11:00,0.711
05-01-2019 12:00,0.715
05-01-2019 13:00,0.665
05-01-2019 14:00,0.556
05-01-2019 15:00,0.374
05-01-2019 16:00,0.119
05-01-2019 17:00,0
05-01-2019 18:00,0
05-01-2019 19:00,0
05-01-2019 20:00,0
05-01-2019 21:00,0
05-01-2019 22:00,0
05-01-2019 23:00,0
06-01-2019 00:00,0
06-01-2019 01:00,0
06-01-2019 02:00,0
06-01-2019 03:00,0
06-01-2019 04:00,0
06-01-2019 05:00,0
06-01-2019 06:00,0
06-01-2019 07:00,0.018
06-01-2019 08:00,0.345
06-01-2019 09:00,0.549
06-01-2019 10:00,0.672
06-01-2019 11:00,0.728
06-01-2019 12:00,0.728
06-01-2019 13:00,0.676
06-01-2019 14:00,0.569
06-01-2019 15:00,0.394
06-01-2019 16:00,0.136
06-01-2019 17:00,0
06-01-2019 18:00,0
06-01-2019 19:00,0
06-01-2019 20:00,0
06-01-2019 21:00,0
06-01-2019 22:00,0
06-01-2019 23:00,0
07-01-2019 00:00,0
07-01-2019 01:00,0
07-01-2019 02:00,0
07-01-2019 03:00,0
07-01-2019 04:00,0
07-01-2019 05:00,0
07-01-2019 06:00,0
07-01-2019 07:00,0.019
07-01-2019 08:00,0.345
07-01-2019 09:00,0.55
07-01-2019 10:00,0.672
07-01-2019 11:00,0.726
07-01-2019 12:00,0.725
07-01-2019 13:00,0.67
07-01-2019 14:00,0.558
07-01-2019 15:00,0.378
07-01-2019 16:00,0.12
07-01-2019 17:00,0
07-01-2019 18:00,0
07-01-2019 19:00,0
07-01-2019 20:00,0
07-01-2019 21:00,0
07-01-2019 22:00,0
07-01-2019 23:00,0
08-01-2019 00:00,0
08-01-2019 01:00,0
08-01-2019 02:00,0
08-01-2019 03:00,0
08-01-2019 04:00,0
08-01-2019 05:00,0
08-01-2019 06:00,0
08-01-2019 07:00,0
08-01-2019 08:00,0.138
08-01-2019 09:00,0.418
08-01-2019 10:00,0.635
08-01-2019 11:00,0.702
08-01-2019 12:00,0.703
08-01-2019 13:00,0.653
08-01-2019 14:00,0.546
08-01-2019 15:00,0.367
08-01-2019 16:00,0.115
08-01-2019 17:00,0
08-01-2019 18:00,0
08-01-2019 19:00,0
08-01-2019 20:00,0
08-01-2019 21:00,0
08-01-2019 22:00,0
08-01-2019 23:00,0
09-01-2019 00:00,0
09-01-2019 01:00,0
09-01-2019 02:00,0
09-01-2019 03:00,0
09-01-2019 04:00,0
09-01-2019 05:00,0
09-01-2019 06:00,0
09-01-2019 07:00,0.015
09-01-2019 08:00,0.295
09-01-2019 09:00,0.526
09-01-2019 10:00,0.647
09-01-2019 11:00,0.702
09-01-2019 12:00,0.703
09-01-2019 13:00,0.651
09-01-2019 14:00,0.544
09-01-2019 15:00,0.366
09-01-2019 16:00,0.115
09-01-2019 17:00,0
09-01-2019 18:00,0
09-01-2019 19:00,0
09-01-2019 20:00,0
09-01-2019 21:00,0
09-01-2019 22:00,0
09-01-2019 23:00,0
10-01-2019 00:00,0
10-01-2019 01:00,0
10-01-2019 02:00,0
10-01-2019 03:00,0
10-01-2019 04:00,0
10-01-2019 05:00,0
10-01-2019 06:00,0
10-01-2019 07:00,0.022
10-01-2019 08:00,0.346
10-01-2019 09:00,0.548
10-01-2019 10:00,0.671
10-01-2019 11:00,0.735
10-01-2019 12:00,0.741
10-01-2019 13:00,0.693
10-01-2019 14:00,0.586
10-01-2019 15:00,0.403
10-01-2019 16:00,0.138
10-01-2019 17:00,0
10-01-2019 18:00,0
10-01-2019 19:00,0
10-01-2019 20:00,0
10-01-2019 21:00,0
10-01-2019 22:00,0
10-01-2019 23:00,0
11-01-2019 00:00,0
11-01-2019 01:00,0
11-01-2019 02:00,0
11-01-2019 03:00,0
11-01-2019 04:00,0
11-01-2019 05:00,0
11-01-2019 06:00,0
11-01-2019 07:00,0.024
11-01-2019 08:00,0.354
11-01-2019 09:00,0.556
11-01-2019 10:00,0.679
11-01-2019 11:00,0.737
11-01-2019 12:00,0.74
11-01-2019 13:00,0.689
11-01-2019 14:00,0.579
11-01-2019 15:00,0.395
11-01-2019 16:00,0.131
11-01-2019 17:00,0
11-01-2019 18:00,0
11-01-2019 19:00,0
11-01-2019 20:00,0
11-01-2019 21:00,0
11-01-2019 22:00,0
11-01-2019 23:00,0
12-01-2019 00:00,0
12-01-2019 01:00,0
12-01-2019 02:00,0
12-01-2019 03:00,0
12-01-2019 04:00,0
12-01-2019 05:00,0
12-01-2019 06:00,0
12-01-2019 07:00,0.02
12-01-2019 08:00,0.315
12-01-2019 09:00,0.518
12-01-2019 10:00,0.646
12-01-2019 11:00,0.712
12-01-2019 12:00,0.719
12-01-2019 13:00,0.669
12-01-2019 14:00,0.56
12-01-2019 15:00,0.378
12-01-2019 16:00,0.111
12-01-2019 17:00,0
12-01-2019 18:00,0
12-01-2019 19:00,0
12-01-2019 20:00,0
12-01-2019 21:00,0
12-01-2019 22:00,0
12-01-2019 23:00,0
13-01-2019 00:00,0
13-01-2019 01:00,0
13-01-2019 02:00,0
13-01-2019 03:00,0
13-01-2019 04:00,0
13-01-2019 05:00,0
13-01-2019 06:00,0
13-01-2019 07:00,0.013
13-01-2019 08:00,0.192
13-01-2019 09:00,0.522
13-01-2019 10:00,0.664
13-01-2019 11:00,0.722
13-01-2019 12:00,0.724
13-01-2019 13:00,0.67
13-01-2019 14:00,0.558
13-01-2019 15:00,0.374
13-01-2019 16:00,0.109
13-01-2019 17:00,0
13-01-2019 18:00,0
13-01-2019 19:00,0
13-01-2019 20:00,0
13-01-2019 21:00,0
13-01-2019 22:00,0
13-01-2019 23:00,0
14-01-2019 00:00,0
14-01-2019 01:00,0
14-01-2019 02:00,0
14-01-2019 03:00,0
14-01-2019 04:00,0
14-01-2019 05:00,0
14-01-2019 06:00,0
14-01-2019 07:00,0
14-01-2019 08:00,0.084
14-01-2019 09:00,0.408
14-01-2019 10:00,0.645
14-01-2019 11:00,0.704
14-01-2019 12:00,0.705
14-01-2019 13:00,0.653
14-01-2019 14:00,0.545
14-01-2019 15:00,0.369
14-01-2019 16:00,0.11
14-01-2019 17:00,0
14-01-2019 18:00,0
14-01-2019 19:00,0
14-01-2019 20:00,0
14-01-2019 21:00,0
14-01-2019 22:00,0
14-01-2019 23:00,0
15-01-2019 00:00,0
15-01-2019 01:00,0
15-01-2019 02:00,0
15-01-2019 03:00,0
15-01-2019 04:00,0
15-01-2019 05:00,0
15-01-2019 06:00,0
15-01-2019 07:00,0.004
15-01-2019 08:00,0.166
15-01-2019 09:00,0.413
15-01-2019 10:00,0.599
15-01-2019 11:00,0.685
15-01-2019 12:00,0.698
15-01-2019 13:00,0.649
15-01-2019 14:00,0.541
15-01-2019 15:00,0.361
15-01-2019 16:00,0.098
15-01-2019 17:00,0
15-01-2019 18:00,0
15-01-2019 19:00,0
15-01-2019 20:00,0
15-01-2019 21:00,0
15-01-2019 22:00,0
15-01-2019 23:00,0
16-01-2019 00:00,0
16-01-2019 01:00,0
16-01-2019 02:00,0
16-01-2019 03:00,0
16-01-2019 04:00,0
16-01-2019 05:00,0
16-01-2019 06:00,0
16-01-2019 07:00,0.006
16-01-2019 08:00,0.155
16-01-2019 09:00,0.336
16-01-2019 10:00,0.462
16-01-2019 11:00,0.615
16-01-2019 12:00,0.653
16-01-2019 13:00,0.612
16-01-2019 14:00,0.475
16-01-2019 15:00,0.262
16-01-2019 16:00,0.042
16-01-2019 17:00,0
16-01-2019 18:00,0
16-01-2019 19:00,0
16-01-2019 20:00,0
16-01-2019 21:00,0
16-01-2019 22:00,0
16-01-2019 23:00,0
17-01-2019 00:00,0
17-01-2019 01:00,0
17-01-2019 02:00,0
17-01-2019 03:00,0
17-01-2019 04:00,0
17-01-2019 05:00,0
17-01-2019 06:00,0
17-01-2019 07:00,0
17-01-2019 08:00,0.044
17-01-2019 09:00,0.141
17-01-2019 10:00,0.247
17-01-2019 11:00,0.417
17-01-2019 12:00,0.528
17-01-2019 13:00,0.497
17-01-2019 14:00,0.326
17-01-2019 15:00,0.121
17-01-2019 16:00,0.014
17-01-2019 17:00,0
17-01-2019 18:00,0
17-01-2019 19:00,0
17-01-2019 20:00,0
17-01-2019 21:00,0
17-01-2019 22:00,0
17-01-2019 23:00,0
18-01-2019 00:00,0
18-01-2019 01:00,0
18-01-2019 02:00,0
18-01-2019 03:00,0
18-01-2019 04:00,0
18-01-2019 05:00,0
18-01-2019 06:00,0
18-01-2019 07:00,0.029
18-01-2019 08:00,0.286
18-01-2019 09:00,0.435
18-01-2019 10:00,0.315
18-01-2019 11:00,0.34
18-01-2019 12:00,0.603
18-01-2019 13:00,0.494
18-01-2019 14:00,0.322
18-01-2019 15:00,0.259
18-01-2019 16:00,0.052
18-01-2019 17:00,0
18-01-2019 18:00,0
18-01-2019 19:00,0
18-01-2019 20:00,0
18-01-2019 21:00,0
18-01-2019 22:00,0
18-01-2019 23:00,0
19-01-2019 00:00,0
19-01-2019 01:00,0
19-01-2019 02:00,0
19-01-2019 03:00,0
19-01-2019 04:00,0
19-01-2019 05:00,0
19-01-2019 06:00,0
19-01-2019 07:00,0
19-01-2019 08:00,0.033
19-01-2019 09:00,0.084
19-01-2019 10:00,0.199
19-01-2019 11:00,0.394
19-01-2019 12:00,0.381
19-01-2019 13:00,0.237
19-01-2019 14:00,0.113
19-01-2019 15:00,0.032
19-01-2019 16:00,0
19-01-2019 17:00,0
19-01-2019 18:00,0
19-01-2019 19:00,0
19-01-2019 20:00,0
19-01-2019 21:00,0
19-01-2019 22:00,0
19-01-2019 23:00,0
20-01-2019 00:00,0
20-01-2019 01:00,0
20-01-2019 02:00,0
20-01-2019 03:00,0
20-01-2019 04:00,0
20-01-2019 05:00,0
20-01-2019 06:00,0
20-01-2019 07:00,0
20-01-2019 08:00,0.032
20-01-2019 09:00,0.171
20-01-2019 10:00,0.345
20-01-2019 11:00,0.611
20-01-2019 12:00,0.671
20-01-2019 13:00,0.644
20-01-2019 14:00,0.53
20-01-2019 15:00,0.337
20-01-2019 16:00,0.087
20-01-2019 17:00,0
20-01-2019 18:00,0
20-01-2019 19:00,0
20-01-2019 20:00,0
20-01-2019 21:00,0
20-01-2019 22:00,0
20-01-2019 23:00,0
21-01-2019 00:00,0
21-01-2019 01:00,0
21-01-2019 02:00,0
21-01-2019 03:00,0
21-01-2019 04:00,0
21-01-2019 05:00,0
21-01-2019 06:00,0
21-01-2019 07:00,0.002
21-01-2019 08:00,0.099
21-01-2019 09:00,0.312
21-01-2019 10:00,0.628
21-01-2019 11:00,0.68
21-01-2019 12:00,0.68
21-01-2019 13:00,0.647
21-01-2019 14:00,0.549
21-01-2019 15:00,0.387
21-01-2019 16:00,0.127
21-01-2019 17:00,0
21-01-2019 18:00,0
21-01-2019 19:00,0
21-01-2019 20:00,0
21-01-2019 21:00,0
21-01-2019 22:00,0
21-01-2019 23:00,0
22-01-2019 00:00,0
22-01-2019 01:00,0
22-01-2019 02:00,0
22-01-2019 03:00,0
22-01-2019 04:00,0
22-01-2019 05:00,0
22-01-2019 06:00,0
22-01-2019 07:00,0.017
22-01-2019 08:00,0.219
22-01-2019 09:00,0.265
22-01-2019 10:00,0.223
22-01-2019 11:00,0.299
22-01-2019 12:00,0.272
22-01-2019 13:00,0.239
22-01-2019 14:00,0.182
22-01-2019 15:00,0.089
22-01-2019 16:00,0.006
22-01-2019 17:00,0
22-01-2019 18:00,0
22-01-2019 19:00,0
22-01-2019 20:00,0
22-01-2019 21:00,0
22-01-2019 22:00,0
22-01-2019 23:00,0
23-01-2019 00:00,0
23-01-2019 01:00,0
23-01-2019 02:00,0
23-01-2019 03:00,0
23-01-2019 04:00,0
23-01-2019 05:00,0
23-01-2019 06:00,0
23-01-2019 07:00,0
23-01-2019 08:00,0.036
23-01-2019 09:00,0.155
23-01-2019 10:00,0.347
23-01-2019 11:00,0.587
23-01-2019 12:00,0.655
23-01-2019 13:00,0.589
23-01-2019 14:00,0.483
23-01-2019 15:00,0.305
23-01-2019 16:00,0.071
23-01-2019 17:00,0
23-01-2019 18:00,0
23-01-2019 19:00,0
23-01-2019 20:00,0
23-01-2019 21:00,0
23-01-2019 22:00,0
23-01-2019 23:00,0
24-01-2019 00:00,0
24-01-2019 01:00,0
24-01-2019 02:00,0
24-01-2019 03:00,0
24-01-2019 04:00,0
24-01-2019 05:00,0
24-01-2019 06:00,0
24-01-2019 07:00,0.01
24-01-2019 08:00,0.212
24-01-2019 09:00,0.499
24-01-2019 10:00,0.613
24-01-2019 11:00,0.63
24-01-2019 12:00,0.56
24-01-2019 13:00,0.548
24-01-2019 14:00,0.466
24-01-2019 15:00,0.303
24-01-2019 16:00,0.053
24-01-2019 17:00,0
24-01-2019 18:00,0
24-01-2019 19:00,0
24-01-2019 20:00,0
24-01-2019 21:00,0
24-01-2019 22:00,0
24-01-2019 23:00,0
25-01-2019 00:00,0
25-01-2019 01:00,0
25-01-2019 02:00,0
25-01-2019 03:00,0
25-01-2019 04:00,0
25-01-2019 05:00,0
25-01-2019 06:00,0
25-01-2019 07:00,0.009
25-01-2019 08:00,0.137
25-01-2019 09:00,0.506
25-01-2019 10:00,0.635
25-01-2019 11:00,0.705
25-01-2019 12:00,0.71
25-01-2019 13:00,0.662
25-01-2019 14:00,0.557
25-01-2019 15:00,0.384
25-01-2019 16:00,0.134
25-01-2019 17:00,0
25-01-2019 18:00,0
25-01-2019 19:00,0
25-01-2019 20:00,0
25-01-2019 21:00,0
25-01-2019 22:00,0
25-01-2019 23:00,0
26-01-2019 00:00,0
26-01-2019 01:00,0
26-01-2019 02:00,0
26-01-2019 03:00,0
26-01-2019 04:00,0
26-01-2019 05:00,0
26-01-2019 06:00,0
26-01-2019 07:00,0.005
26-01-2019 08:00,0.112
26-01-2019 09:00,0.435
26-01-2019 10:00,0.682
26-01-2019 11:00,0.739
26-01-2019 12:00,0.739
26-01-2019 13:00,0.688
26-01-2019 14:00,0.581
26-01-2019 15:00,0.407
26-01-2019 16:00,0.152
26-01-2019 17:00,0
26-01-2019 18:00,0
26-01-2019 19:00,0
26-01-2019 20:00,0
26-01-2019 21:00,0
26-01-2019 22:00,0
26-01-2019 23:00,0
27-01-2019 00:00,0
27-01-2019 01:00,0
27-01-2019 02:00,0
27-01-2019 03:00,0
27-01-2019 04:00,0
27-01-2019 05:00,0
27-01-2019 06:00,0
27-01-2019 07:00,0.004
27-01-2019 08:00,0.06
27-01-2019 09:00,0.18
27-01-2019 10:00,0.534
27-01-2019 11:00,0.705
27-01-2019 12:00,0.728
27-01-2019 13:00,0.686
27-01-2019 14:00,0.58
27-01-2019 15:00,0.404
27-01-2019 16:00,0.143
27-01-2019 17:00,0
27-01-2019 18:00,0
27-01-2019 19:00,0
27-01-2019 20:00,0
27-01-2019 21:00,0
27-01-2019 22:00,0
27-01-2019 23:00,0
28-01-2019 00:00,0
28-01-2019 01:00,0
28-01-2019 02:00,0
28-01-2019 03:00,0
28-01-2019 04:00,0
28-01-2019 05:00,0
28-01-2019 06:00,0
28-01-2019 07:00,0.071
28-01-2019 08:00,0.382
28-01-2019 09:00,0.569
28-01-2019 10:00,0.682
28-01-2019 11:00,0.74
28-01-2019 12:00,0.742
28-01-2019 13:00,0.688
28-01-2019 14:00,0.575
28-01-2019 15:00,0.391
28-01-2019 16:00,0.136
28-01-2019 17:00,0
28-01-2019 18:00,0
28-01-2019 19:00,0
28-01-2019 20:00,0
28-01-2019 21:00,0
28-01-2019 22:00,0
28-01-2019 23:00,0
29-01-2019 00:00,0
29-01-2019 01:00,0
29-01-2019 02:00,0
29-01-2019 03:00,0
29-01-2019 04:00,0
29-01-2019 05:00,0
29-01-2019 06:00,0
29-01-2019 07:00,0
29-01-2019 08:00,0.033
29-01-2019 09:00,0.079
29-01-2019 10:00,0.113
29-01-2019 11:00,0.444
29-01-2019 12:00,0.694
29-01-2019 13:00,0.374
29-01-2019 14:00,0.175
29-01-2019 15:00,0.071
29-01-2019 16:00,0.022
29-01-2019 17:00,0
29-01-2019 18:00,0
29-01-2019 19:00,0
29-01-2019 20:00,0
29-01-2019 21:00,0
29-01-2019 22:00,0
29-01-2019 23:00,0
30-01-2019 00:00,0
30-01-2019 01:00,0
30-01-2019 02:00,0
30-01-2019 03:00,0
30-01-2019 04:00,0
30-01-2019 05:00,0
30-01-2019 06:00,0
30-01-2019 07:00,0.005
30-01-2019 08:00,0.139
30-01-2019 09:00,0.509
30-01-2019 10:00,0.653
30-01-2019 11:00,0.72
30-01-2019 12:00,0.706
30-01-2019 13:00,0.611
30-01-2019 14:00,0.479
30-01-2019 15:00,0.336
30-01-2019 16:00,0.071
30-01-2019 17:00,0
30-01-2019 18:00,0
30-01-2019 19:00,0
30-01-2019 20:00,0
30-01-2019 21:00,0
30-01-2019 22:00,0
30-01-2019 23:00,0
31-01-2019 00:00,0
31-01-2019 01:00,0
31-01-2019 02:00,0
31-01-2019 03:00,0
31-01-2019 04:00,0
31-01-2019 05:00,0
31-01-2019 06:00,0
31-01-2019 07:00,0
31-01-2019 08:00,0.051
31-01-2019 09:00,0.106
31-01-2019 10:00,0.142
31-01-2019 11:00,0.324
31-01-2019 12:00,0.572
31-01-2019 13:00,0.612
31-01-2019 14:00,0.459
31-01-2019 15:00,0.191
31-01-2019 16:00,0.022
31-01-2019 17:00,0
31-01-2019 18:00,0
31-01-2019 19:00,0
31-01-2019 20:00,0
31-01-2019 21:00,0
31-01-2019 22:00,0
31-01-2019 23:00,0
01-02-2019 00:00,0
01-02-2019 01:00,0
01-02-2019 02:00,0
01-02-2019 03:00,0
01-02-2019 04:00,0
01-02-2019 05:00,0
01-02-2019 06:00,0
01-02-2019 07:00,0.015
01-02-2019 08:00,0.251
01-02-2019 09:00,0.5
01-02-2019 10:00,0.611
01-02-2019 11:00,0.677
01-02-2019 12:00,0.672
01-02-2019 13:00,0.548
01-02-2019 14:00,0.342
01-02-2019 15:00,0.132
01-02-2019 16:00,0.021
01-02-2019 17:00,0
01-02-2019 18:00,0
01-02-2019 19:00,0
01-02-2019 20:00,0
01-02-2019 21:00,0
01-02-2019 22:00,0
01-02-2019 23:00,0
02-02-2019 00:00,0
02-02-2019 01:00,0
02-02-2019 02:00,0
02-02-2019 03:00,0
02-02-2019 04:00,0
02-02-2019 05:00,0
02-02-2019 06:00,0
02-02-2019 07:00,0.038
02-02-2019 08:00,0.338
02-02-2019 09:00,0.525
02-02-2019 10:00,0.613
02-02-2019 11:00,0.517
02-02-2019 12:00,0.462
02-02-2019 13:00,0.437
02-02-2019 14:00,0.369
02-02-2019 15:00,0.217
02-02-2019 16:00,0.059
02-02-2019 17:00,0
02-02-2019 18:00,0
02-02-2019 19:00,0
02-02-2019 20:00,0
02-02-2019 21:00,0
02-02-2019 22:00,0
02-02-2019 23:00,0
03-02-2019 00:00,0
03-02-2019 01:00,0
03-02-2019 02:00,0
03-02-2019 03:00,0
03-02-2019 04:00,0
03-02-2019 05:00,0
03-02-2019 06:00,0
03-02-2019 07:00,0.064
03-02-2019 08:00,0.389
03-02-2019 09:00,0.579
03-02-2019 10:00,0.696
03-02-2019 11:00,0.742
03-02-2019 12:00,0.764
03-02-2019 13:00,0.718
03-02-2019 14:00,0.607
03-02-2019 15:00,0.436
03-02-2019 16:00,0.183
03-02-2019 17:00,0
03-02-2019 18:00,0
03-02-2019 19:00,0
03-02-2019 20:00,0
03-02-2019 21:00,0
03-02-2019 22:00,0
03-02-2019 23:00,0
04-02-2019 00:00,0
04-02-2019 01:00,0
04-02-2019 02:00,0
04-02-2019 03:00,0
04-02-2019 04:00,0
04-02-2019 05:00,0
04-02-2019 06:00,0
04-02-2019 07:00,0.121
04-02-2019 08:00,0.424
04-02-2019 09:00,0.605
04-02-2019 10:00,0.714
04-02-2019 11:00,0.761
04-02-2019 12:00,0.741
04-02-2019 13:00,0.62
04-02-2019 14:00,0.454
04-02-2019 15:00,0.249
04-02-2019 16:00,0.115
04-02-2019 17:00,0
04-02-2019 18:00,0
04-02-2019 19:00,0
04-02-2019 20:00,0
04-02-2019 21:00,0
04-02-2019 22:00,0
04-02-2019 23:00,0
05-02-2019 00:00,0
05-02-2019 01:00,0
05-02-2019 02:00,0
05-02-2019 03:00,0
05-02-2019 04:00,0
05-02-2019 05:00,0
05-02-2019 06:00,0
05-02-2019 07:00,0.111
05-02-2019 08:00,0.393
05-02-2019 09:00,0.571
05-02-2019 10:00,0.677
05-02-2019 11:00,0.727
05-02-2019 12:00,0.731
05-02-2019 13:00,0.684
05-02-2019 14:00,0.582
05-02-2019 15:00,0.417
05-02-2019 16:00,0.18
05-02-2019 17:00,0
05-02-2019 18:00,0
05-02-2019 19:00,0
05-02-2019 20:00,0
05-02-2019 21:00,0
05-02-2019 22:00,0
05-02-2019 23:00,0
06-02-2019 00:00,0
06-02-2019 01:00,0
06-02-2019 02:00,0
06-02-2019 03:00,0
06-02-2019 04:00,0
06-02-2019 05:00,0
06-02-2019 06:00,0
06-02-2019 07:00,0.113
06-02-2019 08:00,0.384
06-02-2019 09:00,0.566
06-02-2019 10:00,0.674
06-02-2019 11:00,0.725
06-02-2019 12:00,0.729
06-02-2019 13:00,0.682
06-02-2019 14:00,0.581
06-02-2019 15:00,0.417
06-02-2019 16:00,0.183
06-02-2019 17:00,0
06-02-2019 18:00,0
06-02-2019 19:00,0
06-02-2019 20:00,0
06-02-2019 21:00,0
06-02-2019 22:00,0
06-02-2019 23:00,0
07-02-2019 00:00,0
07-02-2019 01:00,0
07-02-2019 02:00,0
07-02-2019 03:00,0
07-02-2019 04:00,0
07-02-2019 05:00,0
07-02-2019 06:00,0
07-02-2019 07:00,0.015
07-02-2019 08:00,0.108
07-02-2019 09:00,0.354
07-02-2019 10:00,0.633
07-02-2019 11:00,0.735
07-02-2019 12:00,0.74
07-02-2019 13:00,0.689
07-02-2019 14:00,0.587
07-02-2019 15:00,0.422
07-02-2019 16:00,0.184
07-02-2019 17:00,0
07-02-2019 18:00,0
07-02-2019 19:00,0
07-02-2019 20:00,0
07-02-2019 21:00,0
07-02-2019 22:00,0
07-02-2019 23:00,0
08-02-2019 00:00,0
08-02-2019 01:00,0
08-02-2019 02:00,0
08-02-2019 03:00,0
08-02-2019 04:00,0
08-02-2019 05:00,0
08-02-2019 06:00,0
08-02-2019 07:00,0.137
08-02-2019 08:00,0.412
08-02-2019 09:00,0.587
08-02-2019 10:00,0.694
08-02-2019 11:00,0.746
08-02-2019 12:00,0.75
08-02-2019 13:00,0.704
08-02-2019 14:00,0.604
08-02-2019 15:00,0.44
08-02-2019 16:00,0.203
08-02-2019 17:00,0
08-02-2019 18:00,0
08-02-2019 19:00,0
08-02-2019 20:00,0
08-02-2019 21:00,0
08-02-2019 22:00,0
08-02-2019 23:00,0
09-02-2019 00:00,0
09-02-2019 01:00,0
09-02-2019 02:00,0
09-02-2019 03:00,0
09-02-2019 04:00,0
09-02-2019 05:00,0
09-02-2019 06:00,0
09-02-2019 07:00,0.06
09-02-2019 08:00,0.206
09-02-2019 09:00,0.394
09-02-2019 10:00,0.663
09-02-2019 11:00,0.753
09-02-2019 12:00,0.753
09-02-2019 13:00,0.706
09-02-2019 14:00,0.605
09-02-2019 15:00,0.44
09-02-2019 16:00,0.203
09-02-2019 17:00,0
09-02-2019 18:00,0
09-02-2019 19:00,0
09-02-2019 20:00,0
09-02-2019 21:00,0
09-02-2019 22:00,0
09-02-2019 23:00,0
10-02-2019 00:00,0
10-02-2019 01:00,0
10-02-2019 02:00,0
10-02-2019 03:00,0
10-02-2019 04:00,0
10-02-2019 05:00,0
10-02-2019 06:00,0
10-02-2019 07:00,0.016
10-02-2019 08:00,0.107
10-02-2019 09:00,0.297
10-02-2019 10:00,0.558
10-02-2019 11:00,0.545
10-02-2019 12:00,0.65
10-02-2019 13:00,0.656
10-02-2019 14:00,0.528
10-02-2019 15:00,0.372
10-02-2019 16:00,0.096
10-02-2019 17:00,0
10-02-2019 18:00,0
10-02-2019 19:00,0
10-02-2019 20:00,0
10-02-2019 21:00,0
10-02-2019 22:00,0
10-02-2019 23:00,0
11-02-2019 00:00,0
11-02-2019 01:00,0
11-02-2019 02:00,0
11-02-2019 03:00,0
11-02-2019 04:00,0
11-02-2019 05:00,0
11-02-2019 06:00,0
11-02-2019 07:00,0.007
11-02-2019 08:00,0.089
11-02-2019 09:00,0.348
11-02-2019 10:00,0.627
11-02-2019 11:00,0.731
11-02-2019 12:00,0.737
11-02-2019 13:00,0.69
11-02-2019 14:00,0.593
11-02-2019 15:00,0.435
11-02-2019 16:00,0.205
11-02-2019 17:00,0
11-02-2019 18:00,0
11-02-2019 19:00,0
11-02-2019 20:00,0
11-02-2019 21:00,0
11-02-2019 22:00,0
11-02-2019 23:00,0
12-02-2019 00:00,0
12-02-2019 01:00,0
12-02-2019 02:00,0
12-02-2019 03:00,0
12-02-2019 04:00,0
12-02-2019 05:00,0
12-02-2019 06:00,0
12-02-2019 07:00,0.052
12-02-2019 08:00,0.243
12-02-2019 09:00,0.503
12-02-2019 10:00,0.681
12-02-2019 11:00,0.741
12-02-2019 12:00,0.746
12-02-2019 13:00,0.699
12-02-2019 14:00,0.598
12-02-2019 15:00,0.435
12-02-2019 16:00,0.202
12-02-2019 17:00,0.001
12-02-2019 18:00,0
12-02-2019 19:00,0
12-02-2019 20:00,0
12-02-2019 21:00,0
12-02-2019 22:00,0
12-02-2019 23:00,0
13-02-2019 00:00,0
13-02-2019 01:00,0
13-02-2019 02:00,0
13-02-2019 03:00,0
13-02-2019 04:00,0
13-02-2019 05:00,0
13-02-2019 06:00,0
13-02-2019 07:00,0.091
13-02-2019 08:00,0.334
13-02-2019 09:00,0.579
13-02-2019 10:00,0.703
13-02-2019 11:00,0.759
13-02-2019 12:00,0.763
13-02-2019 13:00,0.716
13-02-2019 14:00,0.616
13-02-2019 15:00,0.455
13-02-2019 16:00,0.224
13-02-2019 17:00,0.004
13-02-2019 18:00,0
13-02-2019 19:00,0
13-02-2019 20:00,0
13-02-2019 21:00,0
13-02-2019 22:00,0
13-02-2019 23:00,0
14-02-2019 00:00,0
14-02-2019 01:00,0
14-02-2019 02:00,0
14-02-2019 03:00,0
14-02-2019 04:00,0
14-02-2019 05:00,0
14-02-2019 06:00,0
14-02-2019 07:00,0.1
14-02-2019 08:00,0.395
14-02-2019 09:00,0.608
14-02-2019 10:00,0.718
14-02-2019 11:00,0.769
14-02-2019 12:00,0.767
14-02-2019 13:00,0.716
14-02-2019 14:00,0.613
14-02-2019 15:00,0.45
14-02-2019 16:00,0.221
14-02-2019 17:00,0.004
14-02-2019 18:00,0
14-02-2019 19:00,0
14-02-2019 20:00,0
14-02-2019 21:00,0
14-02-2019 22:00,0
14-02-2019 23:00,0
15-02-2019 00:00,0
15-02-2019 01:00,0
15-02-2019 02:00,0
15-02-2019 03:00,0
15-02-2019 04:00,0
15-02-2019 05:00,0
15-02-2019 06:00,0
15-02-2019 07:00,0.05
15-02-2019 08:00,0.228
15-02-2019 09:00,0.513
15-02-2019 10:00,0.708
15-02-2019 11:00,0.766
15-02-2019 12:00,0.767
15-02-2019 13:00,0.718
15-02-2019 14:00,0.616
15-02-2019 15:00,0.454
15-02-2019 16:00,0.224
15-02-2019 17:00,0.006
15-02-2019 18:00,0
15-02-2019 19:00,0
15-02-2019 20:00,0
15-02-2019 21:00,0
15-02-2019 22:00,0
15-02-2019 23:00,0
16-02-2019 00:00,0
16-02-2019 01:00,0
16-02-2019 02:00,0
16-02-2019 03:00,0
16-02-2019 04:00,0
16-02-2019 05:00,0
16-02-2019 06:00,0
16-02-2019 07:00,0.133
16-02-2019 08:00,0.421
16-02-2019 09:00,0.6
16-02-2019 10:00,0.71
16-02-2019 11:00,0.764
16-02-2019 12:00,0.77
16-02-2019 13:00,0.722
16-02-2019 14:00,0.621
16-02-2019 15:00,0.459
16-02-2019 16:00,0.23
16-02-2019 17:00,0.008
16-02-2019 18:00,0
16-02-2019 19:00,0
16-02-2019 20:00,0
16-02-2019 21:00,0
16-02-2019 22:00,0
16-02-2019 23:00,0
17-02-2019 00:00,0
17-02-2019 01:00,0
17-02-2019 02:00,0
17-02-2019 03:00,0
17-02-2019 04:00,0
17-02-2019 05:00,0
17-02-2019 06:00,0
17-02-2019 07:00,0.18
17-02-2019 08:00,0.431
17-02-2019 09:00,0.607
17-02-2019 10:00,0.711
17-02-2019 11:00,0.762
17-02-2019 12:00,0.767
17-02-2019 13:00,0.72
17-02-2019 14:00,0.62
17-02-2019 15:00,0.459
17-02-2019 16:00,0.231
17-02-2019 17:00,0.009
17-02-2019 18:00,0
17-02-2019 19:00,0
17-02-2019 20:00,0
17-02-2019 21:00,0
17-02-2019 22:00,0
17-02-2019 23:00,0
18-02-2019 00:00,0
18-02-2019 01:00,0
18-02-2019 02:00,0
18-02-2019 03:00,0
18-02-2019 04:00,0
18-02-2019 05:00,0
18-02-2019 06:00,0
18-02-2019 07:00,0.078
18-02-2019 08:00,0.335
18-02-2019 09:00,0.523
18-02-2019 10:00,0.637
18-02-2019 11:00,0.691
18-02-2019 12:00,0.689
18-02-2019 13:00,0.625
18-02-2019 14:00,0.486
18-02-2019 15:00,0.286
18-02-2019 16:00,0.095
18-02-2019 17:00,0
18-02-2019 18:00,0
18-02-2019 19:00,0
18-02-2019 20:00,0
18-02-2019 21:00,0
18-02-2019 22:00,0
18-02-2019 23:00,0
19-02-2019 00:00,0
19-02-2019 01:00,0
19-02-2019 02:00,0
19-02-2019 03:00,0
19-02-2019 04:00,0
19-02-2019 05:00,0
19-02-2019 06:00,0
19-02-2019 07:00,0.066
19-02-2019 08:00,0.299
19-02-2019 09:00,0.506
19-02-2019 10:00,0.621
19-02-2019 11:00,0.668
19-02-2019 12:00,0.662
19-02-2019 13:00,0.557
19-02-2019 14:00,0.377
19-02-2019 15:00,0.2
19-02-2019 16:00,0.076
19-02-2019 17:00,0
19-02-2019 18:00,0
19-02-2019 19:00,0
19-02-2019 20:00,0
19-02-2019 21:00,0
19-02-2019 22:00,0
19-02-2019 23:00,0
20-02-2019 00:00,0
20-02-2019 01:00,0
20-02-2019 02:00,0
20-02-2019 03:00,0
20-02-2019 04:00,0
20-02-2019 05:00,0
20-02-2019 06:00,0.088
20-02-2019 07:00,0.089
20-02-2019 08:00,0.326
20-02-2019 09:00,0.542
20-02-2019 10:00,0.66
20-02-2019 11:00,0.719
20-02-2019 12:00,0.732
20-02-2019 13:00,0.68
20-02-2019 14:00,0.58
20-02-2019 15:00,0.416
20-02-2019 16:00,0.196
20-02-2019 17:00,0.007
20-02-2019 18:00,0
20-02-2019 19:00,0
20-02-2019 20:00,0
20-02-2019 21:00,0
20-02-2019 22:00,0
20-02-2019 23:00,0
21-02-2019 00:00,0
21-02-2019 01:00,0
21-02-2019 02:00,0
21-02-2019 03:00,0
21-02-2019 04:00,0
21-02-2019 05:00,0
21-02-2019 06:00,0
21-02-2019 07:00,0.169
21-02-2019 08:00,0.407
21-02-2019 09:00,0.583
21-02-2019 10:00,0.693
21-02-2019 11:00,0.749
21-02-2019 12:00,0.759
21-02-2019 13:00,0.713
21-02-2019 14:00,0.613
21-02-2019 15:00,0.454
21-02-2019 16:00,0.23
21-02-2019 17:00,0.014
21-02-2019 18:00,0
21-02-2019 19:00,0
21-02-2019 20:00,0
21-02-2019 21:00,0
21-02-2019 22:00,0
21-02-2019 23:00,0
22-02-2019 00:00,0
22-02-2019 01:00,0
22-02-2019 02:00,0
22-02-2019 03:00,0
22-02-2019 04:00,0
22-02-2019 05:00,0
22-02-2019 06:00,0
22-02-2019 07:00,0.201
22-02-2019 08:00,0.438
22-02-2019 09:00,0.612
22-02-2019 10:00,0.716
22-02-2019 11:00,0.768
22-02-2019 12:00,0.775
22-02-2019 13:00,0.73
22-02-2019 14:00,0.634
22-02-2019 15:00,0.477
22-02-2019 16:00,0.257
22-02-2019 17:00,0.024
22-02-2019 18:00,0
22-02-2019 19:00,0
22-02-2019 20:00,0
22-02-2019 21:00,0
22-02-2019 22:00,0
22-02-2019 23:00,0
23-02-2019 00:00,0
23-02-2019 01:00,0
23-02-2019 02:00,0
23-02-2019 03:00,0
23-02-2019 04:00,0
23-02-2019 05:00,0
23-02-2019 06:00,0
23-02-2019 07:00,0.207
23-02-2019 08:00,0.44
23-02-2019 09:00,0.613
23-02-2019 10:00,0.718
23-02-2019 11:00,0.769
23-02-2019 12:00,0.77
23-02-2019 13:00,0.72
23-02-2019 14:00,0.602
23-02-2019 15:00,0.416
23-02-2019 16:00,0.177
23-02-2019 17:00,0.009
23-02-2019 18:00,0
23-02-2019 19:00,0
23-02-2019 20:00,0
23-02-2019 21:00,0
23-02-2019 22:00,0
23-02-2019 23:00,0
24-02-2019 00:00,0
24-02-2019 01:00,0
24-02-2019 02:00,0
24-02-2019 03:00,0
24-02-2019 04:00,0
24-02-2019 05:00,0
24-02-2019 06:00,0
24-02-2019 07:00,0.128
24-02-2019 08:00,0.363
24-02-2019 09:00,0.54
24-02-2019 10:00,0.624
24-02-2019 11:00,0.657
24-02-2019 12:00,0.674
24-02-2019 13:00,0.661
24-02-2019 14:00,0.59
24-02-2019 15:00,0.446
24-02-2019 16:00,0.238
24-02-2019 17:00,0.024
24-02-2019 18:00,0
24-02-2019 19:00,0
24-02-2019 20:00,0
24-02-2019 21:00,0
24-02-2019 22:00,0
24-02-2019 23:00,0
25-02-2019 00:00,0
25-02-2019 01:00,0
25-02-2019 02:00,0
25-02-2019 03:00,0
25-02-2019 04:00,0
25-02-2019 05:00,0
25-02-2019 06:00,0
25-02-2019 07:00,0.178
25-02-2019 08:00,0.424
25-02-2019 09:00,0.6
25-02-2019 10:00,0.709
25-02-2019 11:00,0.763
25-02-2019 12:00,0.769
25-02-2019 13:00,0.725
25-02-2019 14:00,0.63
25-02-2019 15:00,0.477
25-02-2019 16:00,0.262
25-02-2019 17:00,0.033
25-02-2019 18:00,0
25-02-2019 19:00,0
25-02-2019 20:00,0
25-02-2019 21:00,0
25-02-2019 22:00,0
25-02-2019 23:00,0
26-02-2019 00:00,0
26-02-2019 01:00,0
26-02-2019 02:00,0
26-02-2019 03:00,0
26-02-2019 04:00,0
26-02-2019 05:00,0
26-02-2019 06:00,0
26-02-2019 07:00,0.208
26-02-2019 08:00,0.438
26-02-2019 09:00,0.608
26-02-2019 10:00,0.713
26-02-2019 11:00,0.768
26-02-2019 12:00,0.773
26-02-2019 13:00,0.728
26-02-2019 14:00,0.632
26-02-2019 15:00,0.477
26-02-2019 16:00,0.264
26-02-2019 17:00,0.036
26-02-2019 18:00,0
26-02-2019 19:00,0
26-02-2019 20:00,0
26-02-2019 21:00,0
26-02-2019 22:00,0
26-02-2019 23:00,0
27-02-2019 00:00,0
27-02-2019 01:00,0
27-02-2019 02:00,0
27-02-2019 03:00,0
27-02-2019 04:00,0
27-02-2019 05:00,0
27-02-2019 06:00,0
27-02-2019 07:00,0.218
27-02-2019 08:00,0.443
27-02-2019 09:00,0.611
27-02-2019 10:00,0.712
27-02-2019 11:00,0.764
27-02-2019 12:00,0.768
27-02-2019 13:00,0.724
27-02-2019 14:00,0.631
27-02-2019 15:00,0.481
27-02-2019 16:00,0.27
27-02-2019 17:00,0.04
27-02-2019 18:00,0
27-02-2019 19:00,0
27-02-2019 20:00,0
27-02-2019 21:00,0
27-02-2019 22:00,0
27-02-2019 23:00,0
28-02-2019 00:00,0
28-02-2019 01:00,0
28-02-2019 02:00,0
28-02-2019 03:00,0
28-02-2019 04:00,0
28-02-2019 05:00,0
28-02-2019 06:00,0
28-02-2019 07:00,0.195
28-02-2019 08:00,0.403
28-02-2019 09:00,0.537
28-02-2019 10:00,0.64
28-02-2019 11:00,0.726
28-02-2019 12:00,0.756
28-02-2019 13:00,0.717
28-02-2019 14:00,0.623
28-02-2019 15:00,0.472
28-02-2019 16:00,0.255
28-02-2019 17:00,0.025
28-02-2019 18:00,0
28-02-2019 19:00,0
28-02-2019 20:00,0
28-02-2019 21:00,0
28-02-2019 22:00,0
28-02-2019 23:00,0
01-03-2019 00:00,0
01-03-2019 01:00,0
01-03-2019 02:00,0
01-03-2019 03:00,0
01-03-2019 04:00,0
01-03-2019 05:00,0
01-03-2019 06:00,0
01-03-2019 07:00,0.202
01-03-2019 08:00,0.427
01-03-2019 09:00,0.57
01-03-2019 10:00,0.655
01-03-2019 11:00,0.716
01-03-2019 12:00,0.701
01-03-2019 13:00,0.601
01-03-2019 14:00,0.44
01-03-2019 15:00,0.251
01-03-2019 16:00,0.084
01-03-2019 17:00,0.002
01-03-2019 18:00,0
01-03-2019 19:00,0
01-03-2019 20:00,0
01-03-2019 21:00,0
01-03-2019 22:00,0
01-03-2019 23:00,0
02-03-2019 00:00,0
02-03-2019 01:00,0
02-03-2019 02:00,0
02-03-2019 03:00,0
02-03-2019 04:00,0
02-03-2019 05:00,0
02-03-2019 06:00,0
02-03-2019 07:00,0.161
02-03-2019 08:00,0.402
02-03-2019 09:00,0.579
02-03-2019 10:00,0.696
02-03-2019 11:00,0.761
02-03-2019 12:00,0.768
02-03-2019 13:00,0.726
02-03-2019 14:00,0.633
02-03-2019 15:00,0.483
02-03-2019 16:00,0.272
02-03-2019 17:00,0.045
02-03-2019 18:00,0
02-03-2019 19:00,0
02-03-2019 20:00,0
02-03-2019 21:00,0
02-03-2019 22:00,0
02-03-2019 23:00,0
03-03-2019 00:00,0
03-03-2019 01:00,0
03-03-2019 02:00,0
03-03-2019 03:00,0
03-03-2019 04:00,0
03-03-2019 05:00,0
03-03-2019 06:00,0
03-03-2019 07:00,0.216
03-03-2019 08:00,0.442
03-03-2019 09:00,0.607
03-03-2019 10:00,0.709
03-03-2019 11:00,0.761
03-03-2019 12:00,0.766
03-03-2019 13:00,0.724
03-03-2019 14:00,0.632
03-03-2019 15:00,0.48
03-03-2019 16:00,0.262
03-03-2019 17:00,0.037
03-03-2019 18:00,0
03-03-2019 19:00,0
03-03-2019 20:00,0
03-03-2019 21:00,0
03-03-2019 22:00,0
03-03-2019 23:00,0
04-03-2019 00:00,0
04-03-2019 01:00,0
04-03-2019 02:00,0
04-03-2019 03:00,0
04-03-2019 04:00,0
04-03-2019 05:00,0
04-03-2019 06:00,0
04-03-2019 07:00,0.185
04-03-2019 08:00,0.4
04-03-2019 09:00,0.521
04-03-2019 10:00,0.609
04-03-2019 11:00,0.661
04-03-2019 12:00,0.671
04-03-2019 13:00,0.614
04-03-2019 14:00,0.442
04-03-2019 15:00,0.225
04-03-2019 16:00,0.099
04-03-2019 17:00,0.01
04-03-2019 18:00,0
04-03-2019 19:00,0
04-03-2019 20:00,0
04-03-2019 21:00,0
04-03-2019 22:00,0
04-03-2019 23:00,0
05-03-2019 00:00,0
05-03-2019 01:00,0
05-03-2019 02:00,0
05-03-2019 03:00,0
05-03-2019 04:00,0
05-03-2019 05:00,0
05-03-2019 06:00,0
05-03-2019 07:00,0.026
05-03-2019 08:00,0.132
05-03-2019 09:00,0.505
05-03-2019 10:00,0.674
05-03-2019 11:00,0.727
05-03-2019 12:00,0.726
05-03-2019 13:00,0.653
05-03-2019 14:00,0.468
05-03-2019 15:00,0.302
05-03-2019 16:00,0.143
05-03-2019 17:00,0.014
05-03-2019 18:00,0
05-03-2019 19:00,0
05-03-2019 20:00,0
05-03-2019 21:00,0
05-03-2019 22:00,0
05-03-2019 23:00,0
06-03-2019 00:00,0
06-03-2019 01:00,0
06-03-2019 02:00,0
06-03-2019 03:00,0
06-03-2019 04:00,0
06-03-2019 05:00,0
06-03-2019 06:00,0
06-03-2019 07:00,0.082
06-03-2019 08:00,0.244
06-03-2019 09:00,0.373
06-03-2019 10:00,0.484
06-03-2019 11:00,0.522
06-03-2019 12:00,0.409
06-03-2019 13:00,0.282
06-03-2019 14:00,0.266
06-03-2019 15:00,0.188
06-03-2019 16:00,0.073
06-03-2019 17:00,0.021
06-03-2019 18:00,0
06-03-2019 19:00,0
06-03-2019 20:00,0
06-03-2019 21:00,0
06-03-2019 22:00,0
06-03-2019 23:00,0
07-03-2019 00:00,0
07-03-2019 01:00,0
07-03-2019 02:00,0
07-03-2019 03:00,0
07-03-2019 04:00,0
07-03-2019 05:00,0
07-03-2019 06:00,0
07-03-2019 07:00,0.114
07-03-2019 08:00,0.383
07-03-2019 09:00,0.614
07-03-2019 10:00,0.741
07-03-2019 11:00,0.801
07-03-2019 12:00,0.807
07-03-2019 13:00,0.762
07-03-2019 14:00,0.666
07-03-2019 15:00,0.512
07-03-2019 16:00,0.298
07-03-2019 17:00,0.059
07-03-2019 18:00,0
07-03-2019 19:00,0
07-03-2019 20:00,0
07-03-2019 21:00,0
07-03-2019 22:00,0
07-03-2019 23:00,0
08-03-2019 00:00,0
08-03-2019 01:00,0
08-03-2019 02:00,0
08-03-2019 03:00,0
08-03-2019 04:00,0
08-03-2019 05:00,0
08-03-2019 06:00,0
08-03-2019 07:00,0.04
08-03-2019 08:00,0.126
08-03-2019 09:00,0.392
08-03-2019 10:00,0.569
08-03-2019 11:00,0.592
08-03-2019 12:00,0.584
08-03-2019 13:00,0.587
08-03-2019 14:00,0.536
08-03-2019 15:00,0.416
08-03-2019 16:00,0.242
08-03-2019 17:00,0.046
08-03-2019 18:00,0
08-03-2019 19:00,0
08-03-2019 20:00,0
08-03-2019 21:00,0
08-03-2019 22:00,0
08-03-2019 23:00,0
09-03-2019 00:00,0
09-03-2019 01:00,0
09-03-2019 02:00,0
09-03-2019 03:00,0
09-03-2019 04:00,0
09-03-2019 05:00,0
09-03-2019 06:00,0.005
09-03-2019 07:00,0.229
09-03-2019 08:00,0.454
09-03-2019 09:00,0.617
09-03-2019 10:00,0.722
09-03-2019 11:00,0.774
09-03-2019 12:00,0.778
09-03-2019 13:00,0.734
09-03-2019 14:00,0.641
09-03-2019 15:00,0.494
09-03-2019 16:00,0.291
09-03-2019 17:00,0.063
09-03-2019 18:00,0
09-03-2019 19:00,0
09-03-2019 20:00,0
09-03-2019 21:00,0
09-03-2019 22:00,0
09-03-2019 23:00,0
10-03-2019 00:00,0
10-03-2019 01:00,0
10-03-2019 02:00,0
10-03-2019 03:00,0
10-03-2019 04:00,0
10-03-2019 05:00,0
10-03-2019 06:00,0.005
10-03-2019 07:00,0.221
10-03-2019 08:00,0.444
10-03-2019 09:00,0.606
10-03-2019 10:00,0.706
10-03-2019 11:00,0.757
10-03-2019 12:00,0.761
10-03-2019 13:00,0.718
10-03-2019 14:00,0.627
10-03-2019 15:00,0.482
10-03-2019 16:00,0.283
10-03-2019 17:00,0.059
10-03-2019 18:00,0
10-03-2019 19:00,0
10-03-2019 20:00,0
10-03-2019 21:00,0
10-03-2019 22:00,0
10-03-2019 23:00,0
11-03-2019 00:00,0
11-03-2019 01:00,0
11-03-2019 02:00,0
11-03-2019 03:00,0
11-03-2019 04:00,0
11-03-2019 05:00,0
11-03-2019 06:00,0.001
11-03-2019 07:00,0.132
11-03-2019 08:00,0.332
11-03-2019 09:00,0.575
11-03-2019 10:00,0.694
11-03-2019 11:00,0.75
11-03-2019 12:00,0.759
11-03-2019 13:00,0.721
11-03-2019 14:00,0.632
11-03-2019 15:00,0.491
11-03-2019 16:00,0.294
11-03-2019 17:00,0.067
11-03-2019 18:00,0
11-03-2019 19:00,0
11-03-2019 20:00,0
11-03-2019 21:00,0
11-03-2019 22:00,0
11-03-2019 23:00,0
12-03-2019 00:00,0
12-03-2019 01:00,0
12-03-2019 02:00,0
12-03-2019 03:00,0
12-03-2019 04:00,0
12-03-2019 05:00,0
12-03-2019 06:00,0.008
12-03-2019 07:00,0.224
12-03-2019 08:00,0.451
12-03-2019 09:00,0.611
12-03-2019 10:00,0.712
12-03-2019 11:00,0.763
12-03-2019 12:00,0.764
12-03-2019 13:00,0.721
12-03-2019 14:00,0.63
12-03-2019 15:00,0.485
12-03-2019 16:00,0.289
12-03-2019 17:00,0.066
12-03-2019 18:00,0
12-03-2019 19:00,0
12-03-2019 20:00,0
12-03-2019 21:00,0
12-03-2019 22:00,0
12-03-2019 23:00,0
13-03-2019 00:00,0
13-03-2019 01:00,0
13-03-2019 02:00,0
13-03-2019 03:00,0
13-03-2019 04:00,0
13-03-2019 05:00,0
13-03-2019 06:00,0.004
13-03-2019 07:00,0.15
13-03-2019 08:00,0.404
13-03-2019 09:00,0.573
13-03-2019 10:00,0.676
13-03-2019 11:00,0.775
13-03-2019 12:00,0.79
13-03-2019 13:00,0.753
13-03-2019 14:00,0.665
13-03-2019 15:00,0.52
13-03-2019 16:00,0.316
13-03-2019 17:00,0.078
13-03-2019 18:00,0
13-03-2019 19:00,0
13-03-2019 20:00,0
13-03-2019 21:00,0
13-03-2019 22:00,0
13-03-2019 23:00,0
14-03-2019 00:00,0
14-03-2019 01:00,0
14-03-2019 02:00,0
14-03-2019 03:00,0
14-03-2019 04:00,0
14-03-2019 05:00,0
14-03-2019 06:00,0.013
14-03-2019 07:00,0.248
14-03-2019 08:00,0.472
14-03-2019 09:00,0.635
14-03-2019 10:00,0.74
14-03-2019 11:00,0.793
14-03-2019 12:00,0.799
14-03-2019 13:00,0.757
14-03-2019 14:00,0.666
14-03-2019 15:00,0.521
14-03-2019 16:00,0.319
14-03-2019 17:00,0.083
14-03-2019 18:00,0
14-03-2019 19:00,0
14-03-2019 20:00,0
14-03-2019 21:00,0
14-03-2019 22:00,0
14-03-2019 23:00,0
15-03-2019 00:00,0
15-03-2019 01:00,0
15-03-2019 02:00,0
15-03-2019 03:00,0
15-03-2019 04:00,0
15-03-2019 05:00,0
15-03-2019 06:00,0.015
15-03-2019 07:00,0.248
15-03-2019 08:00,0.47
15-03-2019 09:00,0.628
15-03-2019 10:00,0.726
15-03-2019 11:00,0.777
15-03-2019 12:00,0.78
15-03-2019 13:00,0.739
15-03-2019 14:00,0.649
15-03-2019 15:00,0.508
15-03-2019 16:00,0.312
15-03-2019 17:00,0.084
15-03-2019 18:00,0
15-03-2019 19:00,0
15-03-2019 20:00,0
15-03-2019 21:00,0
15-03-2019 22:00,0
15-03-2019 23:00,0
16-03-2019 00:00,0
16-03-2019 01:00,0
16-03-2019 02:00,0
16-03-2019 03:00,0
16-03-2019 04:00,0
16-03-2019 05:00,0
16-03-2019 06:00,0.016
16-03-2019 07:00,0.244
16-03-2019 08:00,0.462
16-03-2019 09:00,0.619
16-03-2019 10:00,0.715
16-03-2019 11:00,0.766
16-03-2019 12:00,0.771
16-03-2019 13:00,0.731
16-03-2019 14:00,0.643
16-03-2019 15:00,0.503
16-03-2019 16:00,0.31
16-03-2019 17:00,0.085
16-03-2019 18:00,0
16-03-2019 19:00,0
16-03-2019 20:00,0
16-03-2019 21:00,0
16-03-2019 22:00,0
16-03-2019 23:00,0
17-03-2019 00:00,0
17-03-2019 01:00,0
17-03-2019 02:00,0
17-03-2019 03:00,0
17-03-2019 04:00,0
17-03-2019 05:00,0
17-03-2019 06:00,0.016
17-03-2019 07:00,0.238
17-03-2019 08:00,0.458
17-03-2019 09:00,0.616
17-03-2019 10:00,0.72
17-03-2019 11:00,0.774
17-03-2019 12:00,0.781
17-03-2019 13:00,0.739
17-03-2019 14:00,0.648
17-03-2019 15:00,0.5
17-03-2019 16:00,0.294
17-03-2019 17:00,0.069
17-03-2019 18:00,0
17-03-2019 19:00,0
17-03-2019 20:00,0
17-03-2019 21:00,0
17-03-2019 22:00,0
17-03-2019 23:00,0
18-03-2019 00:00,0
18-03-2019 01:00,0
18-03-2019 02:00,0
18-03-2019 03:00,0
18-03-2019 04:00,0
18-03-2019 05:00,0
18-03-2019 06:00,0.002
18-03-2019 07:00,0.154
18-03-2019 08:00,0.376
18-03-2019 09:00,0.56
18-03-2019 10:00,0.697
18-03-2019 11:00,0.773
18-03-2019 12:00,0.795
18-03-2019 13:00,0.757
18-03-2019 14:00,0.668
18-03-2019 15:00,0.525
18-03-2019 16:00,0.325
18-03-2019 17:00,0.092
18-03-2019 18:00,0
18-03-2019 19:00,0
18-03-2019 20:00,0
18-03-2019 21:00,0
18-03-2019 22:00,0
18-03-2019 23:00,0
19-03-2019 00:00,0
19-03-2019 01:00,0
19-03-2019 02:00,0
19-03-2019 03:00,0
19-03-2019 04:00,0
19-03-2019 05:00,0
19-03-2019 06:00,0.006
19-03-2019 07:00,0.151
19-03-2019 08:00,0.394
19-03-2019 09:00,0.601
19-03-2019 10:00,0.703
19-03-2019 11:00,0.738
19-03-2019 12:00,0.714
19-03-2019 13:00,0.682
19-03-2019 14:00,0.607
19-03-2019 15:00,0.476
19-03-2019 16:00,0.291
19-03-2019 17:00,0.077
19-03-2019 18:00,0
19-03-2019 19:00,0
19-03-2019 20:00,0
19-03-2019 21:00,0
19-03-2019 22:00,0
19-03-2019 23:00,0
20-03-2019 00:00,0
20-03-2019 01:00,0
20-03-2019 02:00,0
20-03-2019 03:00,0
20-03-2019 04:00,0
20-03-2019 05:00,0
20-03-2019 06:00,0.022
20-03-2019 07:00,0.248
20-03-2019 08:00,0.472
20-03-2019 09:00,0.633
20-03-2019 10:00,0.732
20-03-2019 11:00,0.762
20-03-2019 12:00,0.745
20-03-2019 13:00,0.69
20-03-2019 14:00,0.6
20-03-2019 15:00,0.45
20-03-2019 16:00,0.269
20-03-2019 17:00,0.074
20-03-2019 18:00,0
20-03-2019 19:00,0
20-03-2019 20:00,0
20-03-2019 21:00,0
20-03-2019 22:00,0
20-03-2019 23:00,0
21-03-2019 00:00,0
21-03-2019 01:00,0
21-03-2019 02:00,0
21-03-2019 03:00,0
21-03-2019 04:00,0
21-03-2019 05:00,0
21-03-2019 06:00,0.023
21-03-2019 07:00,0.243
21-03-2019 08:00,0.476
21-03-2019 09:00,0.641
21-03-2019 10:00,0.75
21-03-2019 11:00,0.805
21-03-2019 12:00,0.81
21-03-2019 13:00,0.767
21-03-2019 14:00,0.674
21-03-2019 15:00,0.527
21-03-2019 16:00,0.325
21-03-2019 17:00,0.095
21-03-2019 18:00,0
21-03-2019 19:00,0
21-03-2019 20:00,0
21-03-2019 21:00,0
21-03-2019 22:00,0
21-03-2019 23:00,0
22-03-2019 00:00,0
22-03-2019 01:00,0
22-03-2019 02:00,0
22-03-2019 03:00,0
22-03-2019 04:00,0
22-03-2019 05:00,0
22-03-2019 06:00,0.022
22-03-2019 07:00,0.234
22-03-2019 08:00,0.458
22-03-2019 09:00,0.62
22-03-2019 10:00,0.723
22-03-2019 11:00,0.779
22-03-2019 12:00,0.783
22-03-2019 13:00,0.734
22-03-2019 14:00,0.64
22-03-2019 15:00,0.469
22-03-2019 16:00,0.272
22-03-2019 17:00,0.079
22-03-2019 18:00,0
22-03-2019 19:00,0
22-03-2019 20:00,0
22-03-2019 21:00,0
22-03-2019 22:00,0
22-03-2019 23:00,0
23-03-2019 00:00,0
23-03-2019 01:00,0
23-03-2019 02:00,0
23-03-2019 03:00,0
23-03-2019 04:00,0
23-03-2019 05:00,0
23-03-2019 06:00,0.02
23-03-2019 07:00,0.206
23-03-2019 08:00,0.409
23-03-2019 09:00,0.569
23-03-2019 10:00,0.674
23-03-2019 11:00,0.711
23-03-2019 12:00,0.676
23-03-2019 13:00,0.581
23-03-2019 14:00,0.474
23-03-2019 15:00,0.343
23-03-2019 16:00,0.191
23-03-2019 17:00,0.048
23-03-2019 18:00,0
23-03-2019 19:00,0
23-03-2019 20:00,0
23-03-2019 21:00,0
23-03-2019 22:00,0
23-03-2019 23:00,0
24-03-2019 00:00,0
24-03-2019 01:00,0
24-03-2019 02:00,0
24-03-2019 03:00,0
24-03-2019 04:00,0
24-03-2019 05:00,0
24-03-2019 06:00,0.023
24-03-2019 07:00,0.225
24-03-2019 08:00,0.441
24-03-2019 09:00,0.596
24-03-2019 10:00,0.681
24-03-2019 11:00,0.671
24-03-2019 12:00,0.613
24-03-2019 13:00,0.558
24-03-2019 14:00,0.496
24-03-2019 15:00,0.404
24-03-2019 16:00,0.258
24-03-2019 17:00,0.078
24-03-2019 18:00,0
24-03-2019 19:00,0
24-03-2019 20:00,0
24-03-2019 21:00,0
24-03-2019 22:00,0
24-03-2019 23:00,0
25-03-2019 00:00,0
25-03-2019 01:00,0
25-03-2019 02:00,0
25-03-2019 03:00,0
25-03-2019 04:00,0
25-03-2019 05:00,0
25-03-2019 06:00,0.026
25-03-2019 07:00,0.235
25-03-2019 08:00,0.451
25-03-2019 09:00,0.608
25-03-2019 10:00,0.714
25-03-2019 11:00,0.768
25-03-2019 12:00,0.774
25-03-2019 13:00,0.734
25-03-2019 14:00,0.645
25-03-2019 15:00,0.505
25-03-2019 16:00,0.313
25-03-2019 17:00,0.097
25-03-2019 18:00,0
25-03-2019 19:00,0
25-03-2019 20:00,0
25-03-2019 21:00,0
25-03-2019 22:00,0
25-03-2019 23:00,0
26-03-2019 00:00,0
26-03-2019 01:00,0
26-03-2019 02:00,0
26-03-2019 03:00,0
26-03-2019 04:00,0
26-03-2019 05:00,0
26-03-2019 06:00,0.03
26-03-2019 07:00,0.248
26-03-2019 08:00,0.464
26-03-2019 09:00,0.621
26-03-2019 10:00,0.724
26-03-2019 11:00,0.774
26-03-2019 12:00,0.775
26-03-2019 13:00,0.726
26-03-2019 14:00,0.633
26-03-2019 15:00,0.504
26-03-2019 16:00,0.317
26-03-2019 17:00,0.1
26-03-2019 18:00,0
26-03-2019 19:00,0
26-03-2019 20:00,0
26-03-2019 21:00,0
26-03-2019 22:00,0
26-03-2019 23:00,0
27-03-2019 00:00,0
27-03-2019 01:00,0
27-03-2019 02:00,0
27-03-2019 03:00,0
27-03-2019 04:00,0
27-03-2019 05:00,0
27-03-2019 06:00,0.035
27-03-2019 07:00,0.265
27-03-2019 08:00,0.485
27-03-2019 09:00,0.648
27-03-2019 10:00,0.754
27-03-2019 11:00,0.807
27-03-2019 12:00,0.811
27-03-2019 13:00,0.768
27-03-2019 14:00,0.676
27-03-2019 15:00,0.533
27-03-2019 16:00,0.337
27-03-2019 17:00,0.111
27-03-2019 18:00,0
27-03-2019 19:00,0
27-03-2019 20:00,0
27-03-2019 21:00,0
27-03-2019 22:00,0
27-03-2019 23:00,0
28-03-2019 00:00,0
28-03-2019 01:00,0
28-03-2019 02:00,0
28-03-2019 03:00,0
28-03-2019 04:00,0
28-03-2019 05:00,0
28-03-2019 06:00,0.036
28-03-2019 07:00,0.262
28-03-2019 08:00,0.478
28-03-2019 09:00,0.639
28-03-2019 10:00,0.743
28-03-2019 11:00,0.794
28-03-2019 12:00,0.799
28-03-2019 13:00,0.757
28-03-2019 14:00,0.668
28-03-2019 15:00,0.525
28-03-2019 16:00,0.333
28-03-2019 17:00,0.111
28-03-2019 18:00,0
28-03-2019 19:00,0
28-03-2019 20:00,0
28-03-2019 21:00,0
28-03-2019 22:00,0
28-03-2019 23:00,0
29-03-2019 00:00,0
29-03-2019 01:00,0
29-03-2019 02:00,0
29-03-2019 03:00,0
29-03-2019 04:00,0
29-03-2019 05:00,0
29-03-2019 06:00,0.032
29-03-2019 07:00,0.233
29-03-2019 08:00,0.475
29-03-2019 09:00,0.638
29-03-2019 10:00,0.742
29-03-2019 11:00,0.793
29-03-2019 12:00,0.796
29-03-2019 13:00,0.75
29-03-2019 14:00,0.656
29-03-2019 15:00,0.511
29-03-2019 16:00,0.305
29-03-2019 17:00,0.098
29-03-2019 18:00,0
29-03-2019 19:00,0
29-03-2019 20:00,0
29-03-2019 21:00,0
29-03-2019 22:00,0
29-03-2019 23:00,0
30-03-2019 00:00,0
30-03-2019 01:00,0
30-03-2019 02:00,0
30-03-2019 03:00,0
30-03-2019 04:00,0
30-03-2019 05:00,0
30-03-2019 06:00,0.027
30-03-2019 07:00,0.204
30-03-2019 08:00,0.464
30-03-2019 09:00,0.63
30-03-2019 10:00,0.728
30-03-2019 11:00,0.773
30-03-2019 12:00,0.775
30-03-2019 13:00,0.728
30-03-2019 14:00,0.633
30-03-2019 15:00,0.482
30-03-2019 16:00,0.293
30-03-2019 17:00,0.084
30-03-2019 18:00,0
30-03-2019 19:00,0
30-03-2019 20:00,0
30-03-2019 21:00,0
30-03-2019 22:00,0
30-03-2019 23:00,0
31-03-2019 00:00,0
31-03-2019 01:00,0
31-03-2019 02:00,0
31-03-2019 03:00,0
31-03-2019 04:00,0
31-03-2019 05:00,0
31-03-2019 06:00,0.015
31-03-2019 07:00,0.102
31-03-2019 08:00,0.164
31-03-2019 09:00,0.184
31-03-2019 10:00,0.186
31-03-2019 11:00,0.182
31-03-2019 12:00,0.177
31-03-2019 13:00,0.161
31-03-2019 14:00,0.135
31-03-2019 15:00,0.095
31-03-2019 16:00,0.071
31-03-2019 17:00,0.032
31-03-2019 18:00,0
31-03-2019 19:00,0
31-03-2019 20:00,0
31-03-2019 21:00,0
31-03-2019 22:00,0
31-03-2019 23:00,0
01-04-2019 00:00,0
01-04-2019 01:00,0
01-04-2019 02:00,0
01-04-2019 03:00,0
01-04-2019 04:00,0
01-04-2019 05:00,0
01-04-2019 06:00,0.024
01-04-2019 07:00,0.155
01-04-2019 08:00,0.323
01-04-2019 09:00,0.545
01-04-2019 10:00,0.543
01-04-2019 11:00,0.525
01-04-2019 12:00,0.579
01-04-2019 13:00,0.574
01-04-2019 14:00,0.504
01-04-2019 15:00,0.372
01-04-2019 16:00,0.207
01-04-2019 17:00,0.052
01-04-2019 18:00,0
01-04-2019 19:00,0
01-04-2019 20:00,0
01-04-2019 21:00,0
01-04-2019 22:00,0
01-04-2019 23:00,0
02-04-2019 00:00,0
02-04-2019 01:00,0
02-04-2019 02:00,0
02-04-2019 03:00,0
02-04-2019 04:00,0
02-04-2019 05:00,0
02-04-2019 06:00,0.037
02-04-2019 07:00,0.215
02-04-2019 08:00,0.4
02-04-2019 09:00,0.528
02-04-2019 10:00,0.563
02-04-2019 11:00,0.522
02-04-2019 12:00,0.481
02-04-2019 13:00,0.518
02-04-2019 14:00,0.451
02-04-2019 15:00,0.314
02-04-2019 16:00,0.204
02-04-2019 17:00,0.077
02-04-2019 18:00,0
02-04-2019 19:00,0
02-04-2019 20:00,0
02-04-2019 21:00,0
02-04-2019 22:00,0
02-04-2019 23:00,0
03-04-2019 00:00,0
03-04-2019 01:00,0
03-04-2019 02:00,0
03-04-2019 03:00,0
03-04-2019 04:00,0
03-04-2019 05:00,0
03-04-2019 06:00,0.044
03-04-2019 07:00,0.247
03-04-2019 08:00,0.452
03-04-2019 09:00,0.591
03-04-2019 10:00,0.684
03-04-2019 11:00,0.747
03-04-2019 12:00,0.76
03-04-2019 13:00,0.738
03-04-2019 14:00,0.655
03-04-2019 15:00,0.517
03-04-2019 16:00,0.329
03-04-2019 17:00,0.114
03-04-2019 18:00,0
03-04-2019 19:00,0
03-04-2019 20:00,0
03-04-2019 21:00,0
03-04-2019 22:00,0
03-04-2019 23:00,0
04-04-2019 00:00,0
04-04-2019 01:00,0
04-04-2019 02:00,0
04-04-2019 03:00,0
04-04-2019 04:00,0
04-04-2019 05:00,0
04-04-2019 06:00,0.05
04-04-2019 07:00,0.282
04-04-2019 08:00,0.502
04-04-2019 09:00,0.665
04-04-2019 10:00,0.771
04-04-2019 11:00,0.822
04-04-2019 12:00,0.825
04-04-2019 13:00,0.782
04-04-2019 14:00,0.689
04-04-2019 15:00,0.545
04-04-2019 16:00,0.351
04-04-2019 17:00,0.127
04-04-2019 18:00,0
04-04-2019 19:00,0
04-04-2019 20:00,0
04-04-2019 21:00,0
04-04-2019 22:00,0
04-04-2019 23:00,0
05-04-2019 00:00,0
05-04-2019 01:00,0
05-04-2019 02:00,0
05-04-2019 03:00,0
05-04-2019 04:00,0
05-04-2019 05:00,0
05-04-2019 06:00,0.036
05-04-2019 07:00,0.182
05-04-2019 08:00,0.269
05-04-2019 09:00,0.37
05-04-2019 10:00,0.268
05-04-2019 11:00,0.255
05-04-2019 12:00,0.268
05-04-2019 13:00,0.224
05-04-2019 14:00,0.198
05-04-2019 15:00,0.258
05-04-2019 16:00,0.168
05-04-2019 17:00,0.062
05-04-2019 18:00,0
05-04-2019 19:00,0
05-04-2019 20:00,0
05-04-2019 21:00,0
05-04-2019 22:00,0
05-04-2019 23:00,0
06-04-2019 00:00,0
06-04-2019 01:00,0
06-04-2019 02:00,0
06-04-2019 03:00,0
06-04-2019 04:00,0
06-04-2019 05:00,0
06-04-2019 06:00,0.009
06-04-2019 07:00,0.09
06-04-2019 08:00,0.115
06-04-2019 09:00,0.285
06-04-2019 10:00,0.364
06-04-2019 11:00,0.313
06-04-2019 12:00,0.342
06-04-2019 13:00,0.322
06-04-2019 14:00,0.307
06-04-2019 15:00,0.227
06-04-2019 16:00,0.12
06-04-2019 17:00,0.044
06-04-2019 18:00,0
06-04-2019 19:00,0
06-04-2019 20:00,0
06-04-2019 21:00,0
06-04-2019 22:00,0
06-04-2019 23:00,0
07-04-2019 00:00,0
07-04-2019 01:00,0
07-04-2019 02:00,0
07-04-2019 03:00,0
07-04-2019 04:00,0
07-04-2019 05:00,0
07-04-2019 06:00,0.004
07-04-2019 07:00,0.055
07-04-2019 08:00,0.192
07-04-2019 09:00,0.379
07-04-2019 10:00,0.532
07-04-2019 11:00,0.661
07-04-2019 12:00,0.713
07-04-2019 13:00,0.696
07-04-2019 14:00,0.613
07-04-2019 15:00,0.471
07-04-2019 16:00,0.263
07-04-2019 17:00,0.083
07-04-2019 18:00,0
07-04-2019 19:00,0
07-04-2019 20:00,0
07-04-2019 21:00,0
07-04-2019 22:00,0
07-04-2019 23:00,0
08-04-2019 00:00,0
08-04-2019 01:00,0
08-04-2019 02:00,0
08-04-2019 03:00,0
08-04-2019 04:00,0
08-04-2019 05:00,0
08-04-2019 06:00,0.014
08-04-2019 07:00,0.09
08-04-2019 08:00,0.269
08-04-2019 09:00,0.39
08-04-2019 10:00,0.47
08-04-2019 11:00,0.494
08-04-2019 12:00,0.561
08-04-2019 13:00,0.547
08-04-2019 14:00,0.408
08-04-2019 15:00,0.295
08-04-2019 16:00,0.241
08-04-2019 17:00,0.094
08-04-2019 18:00,0
08-04-2019 19:00,0
08-04-2019 20:00,0
08-04-2019 21:00,0
08-04-2019 22:00,0
08-04-2019 23:00,0
09-04-2019 00:00,0
09-04-2019 01:00,0
09-04-2019 02:00,0
09-04-2019 03:00,0
09-04-2019 04:00,0
09-04-2019 05:00,0
09-04-2019 06:00,0.047
09-04-2019 07:00,0.181
09-04-2019 08:00,0.407
09-04-2019 09:00,0.587
09-04-2019 10:00,0.639
09-04-2019 11:00,0.532
09-04-2019 12:00,0.449
09-04-2019 13:00,0.417
09-04-2019 14:00,0.328
09-04-2019 15:00,0.253
09-04-2019 16:00,0.173
09-04-2019 17:00,0.065
09-04-2019 18:00,0
09-04-2019 19:00,0
09-04-2019 20:00,0
09-04-2019 21:00,0
09-04-2019 22:00,0
09-04-2019 23:00,0
10-04-2019 00:00,0
10-04-2019 01:00,0
10-04-2019 02:00,0
10-04-2019 03:00,0
10-04-2019 04:00,0
10-04-2019 05:00,0
10-04-2019 06:00,0.006
10-04-2019 07:00,0.059
10-04-2019 08:00,0.228
10-04-2019 09:00,0.558
10-04-2019 10:00,0.602
10-04-2019 11:00,0.554
10-04-2019 12:00,0.454
10-04-2019 13:00,0.399
10-04-2019 14:00,0.352
10-04-2019 15:00,0.275
10-04-2019 16:00,0.166
10-04-2019 17:00,0.07
10-04-2019 18:00,0
10-04-2019 19:00,0
10-04-2019 20:00,0
10-04-2019 21:00,0
10-04-2019 22:00,0
10-04-2019 23:00,0
11-04-2019 00:00,0
11-04-2019 01:00,0
11-04-2019 02:00,0
11-04-2019 03:00,0
11-04-2019 04:00,0
11-04-2019 05:00,0
11-04-2019 06:00,0.059
11-04-2019 07:00,0.275
11-04-2019 08:00,0.486
11-04-2019 09:00,0.642
11-04-2019 10:00,0.745
11-04-2019 11:00,0.788
11-04-2019 12:00,0.778
11-04-2019 13:00,0.723
11-04-2019 14:00,0.636
11-04-2019 15:00,0.503
11-04-2019 16:00,0.329
11-04-2019 17:00,0.127
11-04-2019 18:00,0
11-04-2019 19:00,0
11-04-2019 20:00,0
11-04-2019 21:00,0
11-04-2019 22:00,0
11-04-2019 23:00,0
12-04-2019 00:00,0
12-04-2019 01:00,0
12-04-2019 02:00,0
12-04-2019 03:00,0
12-04-2019 04:00,0
12-04-2019 05:00,0
12-04-2019 06:00,0.06
12-04-2019 07:00,0.275
12-04-2019 08:00,0.48
12-04-2019 09:00,0.641
12-04-2019 10:00,0.745
12-04-2019 11:00,0.797
12-04-2019 12:00,0.802
12-04-2019 13:00,0.761
12-04-2019 14:00,0.672
12-04-2019 15:00,0.534
12-04-2019 16:00,0.346
12-04-2019 17:00,0.132
12-04-2019 18:00,0
12-04-2019 19:00,0
12-04-2019 20:00,0
12-04-2019 21:00,0
12-04-2019 22:00,0
12-04-2019 23:00,0
13-04-2019 00:00,0
13-04-2019 01:00,0
13-04-2019 02:00,0
13-04-2019 03:00,0
13-04-2019 04:00,0
13-04-2019 05:00,0
13-04-2019 06:00,0.062
13-04-2019 07:00,0.28
13-04-2019 08:00,0.485
13-04-2019 09:00,0.636
13-04-2019 10:00,0.737
13-04-2019 11:00,0.789
13-04-2019 12:00,0.793
13-04-2019 13:00,0.753
13-04-2019 14:00,0.667
13-04-2019 15:00,0.531
13-04-2019 16:00,0.347
13-04-2019 17:00,0.129
13-04-2019 18:00,0
13-04-2019 19:00,0
13-04-2019 20:00,0
13-04-2019 21:00,0
13-04-2019 22:00,0
13-04-2019 23:00,0
14-04-2019 00:00,0
14-04-2019 01:00,0
14-04-2019 02:00,0
14-04-2019 03:00,0
14-04-2019 04:00,0
14-04-2019 05:00,0
14-04-2019 06:00,0.062
14-04-2019 07:00,0.258
14-04-2019 08:00,0.437
14-04-2019 09:00,0.583
14-04-2019 10:00,0.688
14-04-2019 11:00,0.748
14-04-2019 12:00,0.753
14-04-2019 13:00,0.709
14-04-2019 14:00,0.614
14-04-2019 15:00,0.483
14-04-2019 16:00,0.303
14-04-2019 17:00,0.1
14-04-2019 18:00,0.001
14-04-2019 19:00,0
14-04-2019 20:00,0
14-04-2019 21:00,0
14-04-2019 22:00,0
14-04-2019 23:00,0
15-04-2019 00:00,0
15-04-2019 01:00,0
15-04-2019 02:00,0
15-04-2019 03:00,0
15-04-2019 04:00,0
15-04-2019 05:00,0
15-04-2019 06:00,0.052
15-04-2019 07:00,0.247
15-04-2019 08:00,0.437
15-04-2019 09:00,0.568
15-04-2019 10:00,0.594
15-04-2019 11:00,0.559
15-04-2019 12:00,0.534
15-04-2019 13:00,0.561
15-04-2019 14:00,0.602
15-04-2019 15:00,0.49
15-04-2019 16:00,0.317
15-04-2019 17:00,0.123
15-04-2019 18:00,0.002
15-04-2019 19:00,0
15-04-2019 20:00,0
15-04-2019 21:00,0
15-04-2019 22:00,0
15-04-2019 23:00,0
16-04-2019 00:00,0
16-04-2019 01:00,0
16-04-2019 02:00,0
16-04-2019 03:00,0
16-04-2019 04:00,0
16-04-2019 05:00,0
16-04-2019 06:00,0.064
16-04-2019 07:00,0.271
16-04-2019 08:00,0.475
16-04-2019 09:00,0.628
16-04-2019 10:00,0.726
16-04-2019 11:00,0.77
16-04-2019 12:00,0.767
16-04-2019 13:00,0.712
16-04-2019 14:00,0.631
16-04-2019 15:00,0.512
16-04-2019 16:00,0.337
16-04-2019 17:00,0.132
16-04-2019 18:00,0.001
16-04-2019 19:00,0
16-04-2019 20:00,0
16-04-2019 21:00,0
16-04-2019 22:00,0
16-04-2019 23:00,0
17-04-2019 00:00,0
17-04-2019 01:00,0
17-04-2019 02:00,0
17-04-2019 03:00,0
17-04-2019 04:00,0
17-04-2019 05:00,0
17-04-2019 06:00,0.06
17-04-2019 07:00,0.262
17-04-2019 08:00,0.455
17-04-2019 09:00,0.591
17-04-2019 10:00,0.664
17-04-2019 11:00,0.676
17-04-2019 12:00,0.585
17-04-2019 13:00,0.488
17-04-2019 14:00,0.409
17-04-2019 15:00,0.305
17-04-2019 16:00,0.143
17-04-2019 17:00,0.029
17-04-2019 18:00,0
17-04-2019 19:00,0
17-04-2019 20:00,0
17-04-2019 21:00,0
17-04-2019 22:00,0
17-04-2019 23:00,0
18-04-2019 00:00,0
18-04-2019 01:00,0
18-04-2019 02:00,0
18-04-2019 03:00,0
18-04-2019 04:00,0
18-04-2019 05:00,0
18-04-2019 06:00,0.007
18-04-2019 07:00,0.042
18-04-2019 08:00,0.074
18-04-2019 09:00,0.143
18-04-2019 10:00,0.31
18-04-2019 11:00,0.278
18-04-2019 12:00,0.249
18-04-2019 13:00,0.267
18-04-2019 14:00,0.224
18-04-2019 15:00,0.141
18-04-2019 16:00,0.079
18-04-2019 17:00,0.026
18-04-2019 18:00,0
18-04-2019 19:00,0
18-04-2019 20:00,0
18-04-2019 21:00,0
18-04-2019 22:00,0
18-04-2019 23:00,0
19-04-2019 00:00,0
19-04-2019 01:00,0
19-04-2019 02:00,0
19-04-2019 03:00,0
19-04-2019 04:00,0
19-04-2019 05:00,0
19-04-2019 06:00,0.042
19-04-2019 07:00,0.13
19-04-2019 08:00,0.19
19-04-2019 09:00,0.221
19-04-2019 10:00,0.232
19-04-2019 11:00,0.225
19-04-2019 12:00,0.312
19-04-2019 13:00,0.392
19-04-2019 14:00,0.29
19-04-2019 15:00,0.161
19-04-2019 16:00,0.06
19-04-2019 17:00,0.016
19-04-2019 18:00,0
19-04-2019 19:00,0
19-04-2019 20:00,0
19-04-2019 21:00,0
19-04-2019 22:00,0
19-04-2019 23:00,0
20-04-2019 00:00,0
20-04-2019 01:00,0
20-04-2019 02:00,0
20-04-2019 03:00,0
20-04-2019 04:00,0
20-04-2019 05:00,0
20-04-2019 06:00,0.029
20-04-2019 07:00,0.055
20-04-2019 08:00,0.071
20-04-2019 09:00,0.098
20-04-2019 10:00,0.134
20-04-2019 11:00,0.158
20-04-2019 12:00,0.153
20-04-2019 13:00,0.123
20-04-2019 14:00,0.111
20-04-2019 15:00,0.107
20-04-2019 16:00,0.072
20-04-2019 17:00,0.029
20-04-2019 18:00,0
20-04-2019 19:00,0
20-04-2019 20:00,0
20-04-2019 21:00,0
20-04-2019 22:00,0
20-04-2019 23:00,0
21-04-2019 00:00,0
21-04-2019 01:00,0
21-04-2019 02:00,0
21-04-2019 03:00,0
21-04-2019 04:00,0
21-04-2019 05:00,0
21-04-2019 06:00,0.04
21-04-2019 07:00,0.14
21-04-2019 08:00,0.26
21-04-2019 09:00,0.365
21-04-2019 10:00,0.435
21-04-2019 11:00,0.493
21-04-2019 12:00,0.522
21-04-2019 13:00,0.504
21-04-2019 14:00,0.434
21-04-2019 15:00,0.306
21-04-2019 16:00,0.14
21-04-2019 17:00,0.04
21-04-2019 18:00,0
21-04-2019 19:00,0
21-04-2019 20:00,0
21-04-2019 21:00,0
21-04-2019 22:00,0
21-04-2019 23:00,0
22-04-2019 00:00,0
22-04-2019 01:00,0
22-04-2019 02:00,0
22-04-2019 03:00,0
22-04-2019 04:00,0
22-04-2019 05:00,0
22-04-2019 06:00,0.047
22-04-2019 07:00,0.178
22-04-2019 08:00,0.342
22-04-2019 09:00,0.504
22-04-2019 10:00,0.592
22-04-2019 11:00,0.625
22-04-2019 12:00,0.648
22-04-2019 13:00,0.614
22-04-2019 14:00,0.544
22-04-2019 15:00,0.425
22-04-2019 16:00,0.269
22-04-2019 17:00,0.104
22-04-2019 18:00,0.008
22-04-2019 19:00,0
22-04-2019 20:00,0
22-04-2019 21:00,0
22-04-2019 22:00,0
22-04-2019 23:00,0
23-04-2019 00:00,0
23-04-2019 01:00,0
23-04-2019 02:00,0
23-04-2019 03:00,0
23-04-2019 04:00,0
23-04-2019 05:00,0
23-04-2019 06:00,0.024
23-04-2019 07:00,0.109
23-04-2019 08:00,0.17
23-04-2019 09:00,0.199
23-04-2019 10:00,0.239
23-04-2019 11:00,0.366
23-04-2019 12:00,0.531
23-04-2019 13:00,0.582
23-04-2019 14:00,0.523
23-04-2019 15:00,0.392
23-04-2019 16:00,0.241
23-04-2019 17:00,0.099
23-04-2019 18:00,0.007
23-04-2019 19:00,0
23-04-2019 20:00,0
23-04-2019 21:00,0
23-04-2019 22:00,0
23-04-2019 23:00,0
24-04-2019 00:00,0
24-04-2019 01:00,0
24-04-2019 02:00,0
24-04-2019 03:00,0
24-04-2019 04:00,0
24-04-2019 05:00,0
24-04-2019 06:00,0.034
24-04-2019 07:00,0.15
24-04-2019 08:00,0.231
24-04-2019 09:00,0.39
24-04-2019 10:00,0.539
24-04-2019 11:00,0.674
24-04-2019 12:00,0.709
24-04-2019 13:00,0.664
24-04-2019 14:00,0.567
24-04-2019 15:00,0.43
24-04-2019 16:00,0.273
24-04-2019 17:00,0.115
24-04-2019 18:00,0.01
24-04-2019 19:00,0
24-04-2019 20:00,0
24-04-2019 21:00,0
24-04-2019 22:00,0
24-04-2019 23:00,0
25-04-2019 00:00,0
25-04-2019 01:00,0
25-04-2019 02:00,0
25-04-2019 03:00,0
25-04-2019 04:00,0
25-04-2019 05:00,0
25-04-2019 06:00,0.023
25-04-2019 07:00,0.148
25-04-2019 08:00,0.323
25-04-2019 09:00,0.501
25-04-2019 10:00,0.637
25-04-2019 11:00,0.719
25-04-2019 12:00,0.734
25-04-2019 13:00,0.676
25-04-2019 14:00,0.597
25-04-2019 15:00,0.475
25-04-2019 16:00,0.295
25-04-2019 17:00,0.101
25-04-2019 18:00,0.011
25-04-2019 19:00,0
25-04-2019 20:00,0
25-04-2019 21:00,0
25-04-2019 22:00,0
25-04-2019 23:00,0
26-04-2019 00:00,0
26-04-2019 01:00,0
26-04-2019 02:00,0
26-04-2019 03:00,0
26-04-2019 04:00,0
26-04-2019 05:00,0
26-04-2019 06:00,0.072
26-04-2019 07:00,0.281
26-04-2019 08:00,0.484
26-04-2019 09:00,0.637
26-04-2019 10:00,0.736
26-04-2019 11:00,0.786
26-04-2019 12:00,0.79
26-04-2019 13:00,0.75
26-04-2019 14:00,0.664
26-04-2019 15:00,0.531
26-04-2019 16:00,0.352
26-04-2019 17:00,0.145
26-04-2019 18:00,0.007
26-04-2019 19:00,0
26-04-2019 20:00,0
26-04-2019 21:00,0
26-04-2019 22:00,0
26-04-2019 23:00,0
27-04-2019 00:00,0
27-04-2019 01:00,0
27-04-2019 02:00,0
27-04-2019 03:00,0
27-04-2019 04:00,0
27-04-2019 05:00,0
27-04-2019 06:00,0.081
27-04-2019 07:00,0.289
27-04-2019 08:00,0.48
27-04-2019 09:00,0.625
27-04-2019 10:00,0.722
27-04-2019 11:00,0.77
27-04-2019 12:00,0.774
27-04-2019 13:00,0.735
27-04-2019 14:00,0.651
27-04-2019 15:00,0.52
27-04-2019 16:00,0.342
27-04-2019 17:00,0.141
27-04-2019 18:00,0.011
27-04-2019 19:00,0
27-04-2019 20:00,0
27-04-2019 21:00,0
27-04-2019 22:00,0
27-04-2019 23:00,0
28-04-2019 00:00,0
28-04-2019 01:00,0
28-04-2019 02:00,0
28-04-2019 03:00,0
28-04-2019 04:00,0
28-04-2019 05:00,0
28-04-2019 06:00,0.081
28-04-2019 07:00,0.283
28-04-2019 08:00,0.47
28-04-2019 09:00,0.611
28-04-2019 10:00,0.703
28-04-2019 11:00,0.748
28-04-2019 12:00,0.754
28-04-2019 13:00,0.718
28-04-2019 14:00,0.636
28-04-2019 15:00,0.508
28-04-2019 16:00,0.336
28-04-2019 17:00,0.139
28-04-2019 18:00,0.011
28-04-2019 19:00,0
28-04-2019 20:00,0
28-04-2019 21:00,0
28-04-2019 22:00,0
28-04-2019 23:00,0
29-04-2019 00:00,0
29-04-2019 01:00,0
29-04-2019 02:00,0
29-04-2019 03:00,0
29-04-2019 04:00,0
29-04-2019 05:00,0
29-04-2019 06:00,0.059
29-04-2019 07:00,0.139
29-04-2019 08:00,0.212
29-04-2019 09:00,0.299
29-04-2019 10:00,0.392
29-04-2019 11:00,0.474
29-04-2019 12:00,0.484
29-04-2019 13:00,0.401
29-04-2019 14:00,0.335
29-04-2019 15:00,0.315
29-04-2019 16:00,0.264
29-04-2019 17:00,0.134
29-04-2019 18:00,0.018
29-04-2019 19:00,0
29-04-2019 20:00,0
29-04-2019 21:00,0
29-04-2019 22:00,0
29-04-2019 23:00,0
30-04-2019 00:00,0
30-04-2019 01:00,0
30-04-2019 02:00,0
30-04-2019 03:00,0
30-04-2019 04:00,0
30-04-2019 05:00,0
30-04-2019 06:00,0.081
30-04-2019 07:00,0.274
30-04-2019 08:00,0.458
30-04-2019 09:00,0.598
30-04-2019 10:00,0.691
30-04-2019 11:00,0.738
30-04-2019 12:00,0.741
30-04-2019 13:00,0.706
30-04-2019 14:00,0.625
30-04-2019 15:00,0.499
30-04-2019 16:00,0.325
30-04-2019 17:00,0.136
30-04-2019 18:00,0.014
30-04-2019 19:00,0
30-04-2019 20:00,0
30-04-2019 21:00,0
30-04-2019 22:00,0
30-04-2019 23:00,0
01-05-2019 00:00,0
01-05-2019 01:00,0
01-05-2019 02:00,0
01-05-2019 03:00,0
01-05-2019 04:00,0
01-05-2019 05:00,0
01-05-2019 06:00,0.084
01-05-2019 07:00,0.27
01-05-2019 08:00,0.452
01-05-2019 09:00,0.591
01-05-2019 10:00,0.674
01-05-2019 11:00,0.67
01-05-2019 12:00,0.538
01-05-2019 13:00,0.342
01-05-2019 14:00,0.269
01-05-2019 15:00,0.197
01-05-2019 16:00,0.135
01-05-2019 17:00,0.065
01-05-2019 18:00,0.01
01-05-2019 19:00,0
01-05-2019 20:00,0
01-05-2019 21:00,0
01-05-2019 22:00,0
01-05-2019 23:00,0
02-05-2019 00:00,0
02-05-2019 01:00,0
02-05-2019 02:00,0
02-05-2019 03:00,0
02-05-2019 04:00,0
02-05-2019 05:00,0
02-05-2019 06:00,0.083
02-05-2019 07:00,0.273
02-05-2019 08:00,0.456
02-05-2019 09:00,0.598
02-05-2019 10:00,0.688
02-05-2019 11:00,0.718
02-05-2019 12:00,0.712
02-05-2019 13:00,0.673
02-05-2019 14:00,0.601
02-05-2019 15:00,0.484
02-05-2019 16:00,0.321
02-05-2019 17:00,0.136
02-05-2019 18:00,0.017
02-05-2019 19:00,0
02-05-2019 20:00,0
02-05-2019 21:00,0
02-05-2019 22:00,0
02-05-2019 23:00,0
03-05-2019 00:00,0
03-05-2019 01:00,0
03-05-2019 02:00,0
03-05-2019 03:00,0
03-05-2019 04:00,0
03-05-2019 05:00,0
03-05-2019 06:00,0.086
03-05-2019 07:00,0.277
03-05-2019 08:00,0.459
03-05-2019 09:00,0.597
03-05-2019 10:00,0.681
03-05-2019 11:00,0.7
03-05-2019 12:00,0.626
03-05-2019 13:00,0.558
03-05-2019 14:00,0.46
03-05-2019 15:00,0.379
03-05-2019 16:00,0.301
03-05-2019 17:00,0.145
03-05-2019 18:00,0.017
03-05-2019 19:00,0
03-05-2019 20:00,0
03-05-2019 21:00,0
03-05-2019 22:00,0
03-05-2019 23:00,0
04-05-2019 00:00,0
04-05-2019 01:00,0
04-05-2019 02:00,0
04-05-2019 03:00,0
04-05-2019 04:00,0
04-05-2019 05:00,0
04-05-2019 06:00,0.086
04-05-2019 07:00,0.299
04-05-2019 08:00,0.492
04-05-2019 09:00,0.639
04-05-2019 10:00,0.735
04-05-2019 11:00,0.783
04-05-2019 12:00,0.787
04-05-2019 13:00,0.746
04-05-2019 14:00,0.661
04-05-2019 15:00,0.53
04-05-2019 16:00,0.353
04-05-2019 17:00,0.148
04-05-2019 18:00,0.014
04-05-2019 19:00,0
04-05-2019 20:00,0
04-05-2019 21:00,0
04-05-2019 22:00,0
04-05-2019 23:00,0
05-05-2019 00:00,0
05-05-2019 01:00,0
05-05-2019 02:00,0
05-05-2019 03:00,0
05-05-2019 04:00,0
05-05-2019 05:00,0
05-05-2019 06:00,0.088
05-05-2019 07:00,0.289
05-05-2019 08:00,0.478
05-05-2019 09:00,0.618
05-05-2019 10:00,0.712
05-05-2019 11:00,0.761
05-05-2019 12:00,0.766
05-05-2019 13:00,0.73
05-05-2019 14:00,0.649
05-05-2019 15:00,0.521
05-05-2019 16:00,0.348
05-05-2019 17:00,0.146
05-05-2019 18:00,0.015
05-05-2019 19:00,0
05-05-2019 20:00,0
05-05-2019 21:00,0
05-05-2019 22:00,0
05-05-2019 23:00,0
06-05-2019 00:00,0
06-05-2019 01:00,0
06-05-2019 02:00,0
06-05-2019 03:00,0
06-05-2019 04:00,0
06-05-2019 05:00,0.002
06-05-2019 06:00,0.091
06-05-2019 07:00,0.288
06-05-2019 08:00,0.469
06-05-2019 09:00,0.603
06-05-2019 10:00,0.693
06-05-2019 11:00,0.724
06-05-2019 12:00,0.705
06-05-2019 13:00,0.614
06-05-2019 14:00,0.456
06-05-2019 15:00,0.237
06-05-2019 16:00,0.133
06-05-2019 17:00,0.089
06-05-2019 18:00,0.022
06-05-2019 19:00,0
06-05-2019 20:00,0
06-05-2019 21:00,0
06-05-2019 22:00,0
06-05-2019 23:00,0
07-05-2019 00:00,0
07-05-2019 01:00,0
07-05-2019 02:00,0
07-05-2019 03:00,0
07-05-2019 04:00,0
07-05-2019 05:00,0.002
07-05-2019 06:00,0.081
07-05-2019 07:00,0.283
07-05-2019 08:00,0.465
07-05-2019 09:00,0.603
07-05-2019 10:00,0.686
07-05-2019 11:00,0.691
07-05-2019 12:00,0.675
07-05-2019 13:00,0.67
07-05-2019 14:00,0.584
07-05-2019 15:00,0.324
07-05-2019 16:00,0.167
07-05-2019 17:00,0.128
07-05-2019 18:00,0.023
07-05-2019 19:00,0
07-05-2019 20:00,0
07-05-2019 21:00,0
07-05-2019 22:00,0
07-05-2019 23:00,0
08-05-2019 00:00,0
08-05-2019 01:00,0
08-05-2019 02:00,0
08-05-2019 03:00,0
08-05-2019 04:00,0
08-05-2019 05:00,0
08-05-2019 06:00,0.06
08-05-2019 07:00,0.257
08-05-2019 08:00,0.448
08-05-2019 09:00,0.587
08-05-2019 10:00,0.681
08-05-2019 11:00,0.729
08-05-2019 12:00,0.737
08-05-2019 13:00,0.7
08-05-2019 14:00,0.609
08-05-2019 15:00,0.445
08-05-2019 16:00,0.267
08-05-2019 17:00,0.123
08-05-2019 18:00,0.022
08-05-2019 19:00,0
08-05-2019 20:00,0
08-05-2019 21:00,0
08-05-2019 22:00,0
08-05-2019 23:00,0
09-05-2019 00:00,0
09-05-2019 01:00,0
09-05-2019 02:00,0
09-05-2019 03:00,0
09-05-2019 04:00,0
09-05-2019 05:00,0.003
09-05-2019 06:00,0.088
09-05-2019 07:00,0.257
09-05-2019 08:00,0.433
09-05-2019 09:00,0.57
09-05-2019 10:00,0.632
09-05-2019 11:00,0.649
09-05-2019 12:00,0.659
09-05-2019 13:00,0.637
09-05-2019 14:00,0.563
09-05-2019 15:00,0.442
09-05-2019 16:00,0.275
09-05-2019 17:00,0.128
09-05-2019 18:00,0.024
09-05-2019 19:00,0
09-05-2019 20:00,0
09-05-2019 21:00,0
09-05-2019 22:00,0
09-05-2019 23:00,0
10-05-2019 00:00,0
10-05-2019 01:00,0
10-05-2019 02:00,0
10-05-2019 03:00,0
10-05-2019 04:00,0
10-05-2019 05:00,0.003
10-05-2019 06:00,0.077
10-05-2019 07:00,0.241
10-05-2019 08:00,0.46
10-05-2019 09:00,0.598
10-05-2019 10:00,0.69
10-05-2019 11:00,0.736
10-05-2019 12:00,0.74
10-05-2019 13:00,0.703
10-05-2019 14:00,0.624
10-05-2019 15:00,0.501
10-05-2019 16:00,0.326
10-05-2019 17:00,0.137
10-05-2019 18:00,0.024
10-05-2019 19:00,0
10-05-2019 20:00,0
10-05-2019 21:00,0
10-05-2019 22:00,0
10-05-2019 23:00,0
11-05-2019 00:00,0
11-05-2019 01:00,0
11-05-2019 02:00,0
11-05-2019 03:00,0
11-05-2019 04:00,0
11-05-2019 05:00,0.003
11-05-2019 06:00,0.089
11-05-2019 07:00,0.281
11-05-2019 08:00,0.458
11-05-2019 09:00,0.596
11-05-2019 10:00,0.686
11-05-2019 11:00,0.733
11-05-2019 12:00,0.737
11-05-2019 13:00,0.701
11-05-2019 14:00,0.623
11-05-2019 15:00,0.502
11-05-2019 16:00,0.337
11-05-2019 17:00,0.145
11-05-2019 18:00,0.017
11-05-2019 19:00,0
11-05-2019 20:00,0
11-05-2019 21:00,0
11-05-2019 22:00,0
11-05-2019 23:00,0
12-05-2019 00:00,0
12-05-2019 01:00,0
12-05-2019 02:00,0
12-05-2019 03:00,0
12-05-2019 04:00,0
12-05-2019 05:00,0.003
12-05-2019 06:00,0.091
12-05-2019 07:00,0.287
12-05-2019 08:00,0.469
12-05-2019 09:00,0.608
12-05-2019 10:00,0.699
12-05-2019 11:00,0.744
12-05-2019 12:00,0.749
12-05-2019 13:00,0.712
12-05-2019 14:00,0.633
12-05-2019 15:00,0.51
12-05-2019 16:00,0.344
12-05-2019 17:00,0.148
12-05-2019 18:00,0.015
12-05-2019 19:00,0
12-05-2019 20:00,0
12-05-2019 21:00,0
12-05-2019 22:00,0
12-05-2019 23:00,0
13-05-2019 00:00,0
13-05-2019 01:00,0
13-05-2019 02:00,0
13-05-2019 03:00,0
13-05-2019 04:00,0
13-05-2019 05:00,0.003
13-05-2019 06:00,0.093
13-05-2019 07:00,0.294
13-05-2019 08:00,0.477
13-05-2019 09:00,0.615
13-05-2019 10:00,0.704
13-05-2019 11:00,0.747
13-05-2019 12:00,0.749
13-05-2019 13:00,0.709
13-05-2019 14:00,0.628
13-05-2019 15:00,0.505
13-05-2019 16:00,0.339
13-05-2019 17:00,0.146
13-05-2019 18:00,0.016
13-05-2019 19:00,0
13-05-2019 20:00,0
13-05-2019 21:00,0
13-05-2019 22:00,0
13-05-2019 23:00,0
14-05-2019 00:00,0
14-05-2019 01:00,0
14-05-2019 02:00,0
14-05-2019 03:00,0
14-05-2019 04:00,0
14-05-2019 05:00,0.003
14-05-2019 06:00,0.093
14-05-2019 07:00,0.293
14-05-2019 08:00,0.472
14-05-2019 09:00,0.608
14-05-2019 10:00,0.697
14-05-2019 11:00,0.742
14-05-2019 12:00,0.745
14-05-2019 13:00,0.706
14-05-2019 14:00,0.627
14-05-2019 15:00,0.504
14-05-2019 16:00,0.339
14-05-2019 17:00,0.146
14-05-2019 18:00,0.017
14-05-2019 19:00,0
14-05-2019 20:00,0
14-05-2019 21:00,0
14-05-2019 22:00,0
14-05-2019 23:00,0
15-05-2019 00:00,0
15-05-2019 01:00,0
15-05-2019 02:00,0
15-05-2019 03:00,0
15-05-2019 04:00,0
15-05-2019 05:00,0.004
15-05-2019 06:00,0.092
15-05-2019 07:00,0.286
15-05-2019 08:00,0.462
15-05-2019 09:00,0.589
15-05-2019 10:00,0.667
15-05-2019 11:00,0.72
15-05-2019 12:00,0.73
15-05-2019 13:00,0.695
15-05-2019 14:00,0.618
15-05-2019 15:00,0.497
15-05-2019 16:00,0.334
15-05-2019 17:00,0.145
15-05-2019 18:00,0.02
15-05-2019 19:00,0
15-05-2019 20:00,0
15-05-2019 21:00,0
15-05-2019 22:00,0
15-05-2019 23:00,0
16-05-2019 00:00,0
16-05-2019 01:00,0
16-05-2019 02:00,0
16-05-2019 03:00,0
16-05-2019 04:00,0
16-05-2019 05:00,0.007
16-05-2019 06:00,0.09
16-05-2019 07:00,0.259
16-05-2019 08:00,0.451
16-05-2019 09:00,0.586
16-05-2019 10:00,0.673
16-05-2019 11:00,0.717
16-05-2019 12:00,0.722
16-05-2019 13:00,0.687
16-05-2019 14:00,0.611
16-05-2019 15:00,0.493
16-05-2019 16:00,0.331
16-05-2019 17:00,0.138
16-05-2019 18:00,0.025
16-05-2019 19:00,0
16-05-2019 20:00,0
16-05-2019 21:00,0
16-05-2019 22:00,0
16-05-2019 23:00,0
17-05-2019 00:00,0
17-05-2019 01:00,0
17-05-2019 02:00,0
17-05-2019 03:00,0
17-05-2019 04:00,0
17-05-2019 05:00,0.007
17-05-2019 06:00,0.098
17-05-2019 07:00,0.293
17-05-2019 08:00,0.475
17-05-2019 09:00,0.558
17-05-2019 10:00,0.527
17-05-2019 11:00,0.487
17-05-2019 12:00,0.49
17-05-2019 13:00,0.537
17-05-2019 14:00,0.585
17-05-2019 15:00,0.493
17-05-2019 16:00,0.331
17-05-2019 17:00,0.148
17-05-2019 18:00,0.028
17-05-2019 19:00,0
17-05-2019 20:00,0
17-05-2019 21:00,0
17-05-2019 22:00,0
17-05-2019 23:00,0
18-05-2019 00:00,0
18-05-2019 01:00,0
18-05-2019 02:00,0
18-05-2019 03:00,0
18-05-2019 04:00,0
18-05-2019 05:00,0.01
18-05-2019 06:00,0.097
18-05-2019 07:00,0.281
18-05-2019 08:00,0.447
18-05-2019 09:00,0.572
18-05-2019 10:00,0.668
18-05-2019 11:00,0.718
18-05-2019 12:00,0.731
18-05-2019 13:00,0.71
18-05-2019 14:00,0.641
18-05-2019 15:00,0.523
18-05-2019 16:00,0.354
18-05-2019 17:00,0.155
18-05-2019 18:00,0.024
18-05-2019 19:00,0
18-05-2019 20:00,0
18-05-2019 21:00,0
18-05-2019 22:00,0
18-05-2019 23:00,0
19-05-2019 00:00,0
19-05-2019 01:00,0
19-05-2019 02:00,0
19-05-2019 03:00,0
19-05-2019 04:00,0
19-05-2019 05:00,0.009
19-05-2019 06:00,0.095
19-05-2019 07:00,0.288
19-05-2019 08:00,0.449
19-05-2019 09:00,0.571
19-05-2019 10:00,0.661
19-05-2019 11:00,0.712
19-05-2019 12:00,0.715
19-05-2019 13:00,0.696
19-05-2019 14:00,0.621
19-05-2019 15:00,0.502
19-05-2019 16:00,0.344
19-05-2019 17:00,0.154
19-05-2019 18:00,0.026
19-05-2019 19:00,0
19-05-2019 20:00,0
19-05-2019 21:00,0
19-05-2019 22:00,0
19-05-2019 23:00,0
20-05-2019 00:00,0
20-05-2019 01:00,0
20-05-2019 02:00,0
20-05-2019 03:00,0
20-05-2019 04:00,0
20-05-2019 05:00,0.013
20-05-2019 06:00,0.104
20-05-2019 07:00,0.29
20-05-2019 08:00,0.471
20-05-2019 09:00,0.61
20-05-2019 10:00,0.7
20-05-2019 11:00,0.718
20-05-2019 12:00,0.602
20-05-2019 13:00,0.39
20-05-2019 14:00,0.257
20-05-2019 15:00,0.175
20-05-2019 16:00,0.108
20-05-2019 17:00,0.07
20-05-2019 18:00,0.029
20-05-2019 19:00,0
20-05-2019 20:00,0
20-05-2019 21:00,0
20-05-2019 22:00,0
20-05-2019 23:00,0
21-05-2019 00:00,0
21-05-2019 01:00,0
21-05-2019 02:00,0
21-05-2019 03:00,0
21-05-2019 04:00,0
21-05-2019 05:00,0.012
21-05-2019 06:00,0.096
21-05-2019 07:00,0.25
21-05-2019 08:00,0.427
21-05-2019 09:00,0.585
21-05-2019 10:00,0.674
21-05-2019 11:00,0.715
21-05-2019 12:00,0.716
21-05-2019 13:00,0.665
21-05-2019 14:00,0.577
21-05-2019 15:00,0.415
21-05-2019 16:00,0.283
21-05-2019 17:00,0.134
21-05-2019 18:00,0.033
21-05-2019 19:00,0
21-05-2019 20:00,0
21-05-2019 21:00,0
21-05-2019 22:00,0
21-05-2019 23:00,0
22-05-2019 00:00,0
22-05-2019 01:00,0
22-05-2019 02:00,0
22-05-2019 03:00,0
22-05-2019 04:00,0
22-05-2019 05:00,0.011
22-05-2019 06:00,0.096
22-05-2019 07:00,0.281
22-05-2019 08:00,0.453
22-05-2019 09:00,0.586
22-05-2019 10:00,0.675
22-05-2019 11:00,0.72
22-05-2019 12:00,0.726
22-05-2019 13:00,0.689
22-05-2019 14:00,0.608
22-05-2019 15:00,0.487
22-05-2019 16:00,0.327
22-05-2019 17:00,0.144
22-05-2019 18:00,0.03
22-05-2019 19:00,0
22-05-2019 20:00,0
22-05-2019 21:00,0
22-05-2019 22:00,0
22-05-2019 23:00,0
23-05-2019 00:00,0
23-05-2019 01:00,0
23-05-2019 02:00,0
23-05-2019 03:00,0
23-05-2019 04:00,0
23-05-2019 05:00,0.014
23-05-2019 06:00,0.099
23-05-2019 07:00,0.234
23-05-2019 08:00,0.349
23-05-2019 09:00,0.389
23-05-2019 10:00,0.378
23-05-2019 11:00,0.356
23-05-2019 12:00,0.474
23-05-2019 13:00,0.626
23-05-2019 14:00,0.595
23-05-2019 15:00,0.467
23-05-2019 16:00,0.305
23-05-2019 17:00,0.144
23-05-2019 18:00,0.036
23-05-2019 19:00,0
23-05-2019 20:00,0
23-05-2019 21:00,0
23-05-2019 22:00,0
23-05-2019 23:00,0
24-05-2019 00:00,0
24-05-2019 01:00,0
24-05-2019 02:00,0
24-05-2019 03:00,0
24-05-2019 04:00,0
24-05-2019 05:00,0.003
24-05-2019 06:00,0.073
24-05-2019 07:00,0.236
24-05-2019 08:00,0.394
24-05-2019 09:00,0.539
24-05-2019 10:00,0.616
24-05-2019 11:00,0.622
24-05-2019 12:00,0.566
24-05-2019 13:00,0.525
24-05-2019 14:00,0.479
24-05-2019 15:00,0.398
24-05-2019 16:00,0.287
24-05-2019 17:00,0.15
24-05-2019 18:00,0.037
24-05-2019 19:00,0
24-05-2019 20:00,0
24-05-2019 21:00,0
24-05-2019 22:00,0
24-05-2019 23:00,0
25-05-2019 00:00,0
25-05-2019 01:00,0
25-05-2019 02:00,0
25-05-2019 03:00,0
25-05-2019 04:00,0
25-05-2019 05:00,0.013
25-05-2019 06:00,0.099
25-05-2019 07:00,0.269
25-05-2019 08:00,0.432
25-05-2019 09:00,0.583
25-05-2019 10:00,0.674
25-05-2019 11:00,0.688
25-05-2019 12:00,0.724
25-05-2019 13:00,0.687
25-05-2019 14:00,0.609
25-05-2019 15:00,0.489
25-05-2019 16:00,0.331
25-05-2019 17:00,0.15
25-05-2019 18:00,0.031
25-05-2019 19:00,0
25-05-2019 20:00,0
25-05-2019 21:00,0
25-05-2019 22:00,0
25-05-2019 23:00,0
26-05-2019 00:00,0
26-05-2019 01:00,0
26-05-2019 02:00,0
26-05-2019 03:00,0
26-05-2019 04:00,0
26-05-2019 05:00,0.012
26-05-2019 06:00,0.098
26-05-2019 07:00,0.291
26-05-2019 08:00,0.468
26-05-2019 09:00,0.603
26-05-2019 10:00,0.693
26-05-2019 11:00,0.739
26-05-2019 12:00,0.742
26-05-2019 13:00,0.704
26-05-2019 14:00,0.625
26-05-2019 15:00,0.503
26-05-2019 16:00,0.34
26-05-2019 17:00,0.152
26-05-2019 18:00,0.022
26-05-2019 19:00,0
26-05-2019 20:00,0
26-05-2019 21:00,0
26-05-2019 22:00,0
26-05-2019 23:00,0
27-05-2019 00:00,0
27-05-2019 01:00,0
27-05-2019 02:00,0
27-05-2019 03:00,0
27-05-2019 04:00,0
27-05-2019 05:00,0.014
27-05-2019 06:00,0.097
27-05-2019 07:00,0.272
27-05-2019 08:00,0.453
27-05-2019 09:00,0.581
27-05-2019 10:00,0.667
27-05-2019 11:00,0.708
27-05-2019 12:00,0.709
27-05-2019 13:00,0.679
27-05-2019 14:00,0.603
27-05-2019 15:00,0.486
27-05-2019 16:00,0.327
27-05-2019 17:00,0.147
27-05-2019 18:00,0.033
27-05-2019 19:00,0
27-05-2019 20:00,0
27-05-2019 21:00,0
27-05-2019 22:00,0
27-05-2019 23:00,0
28-05-2019 00:00,0
28-05-2019 01:00,0
28-05-2019 02:00,0
28-05-2019 03:00,0
28-05-2019 04:00,0
28-05-2019 05:00,0.015
28-05-2019 06:00,0.097
28-05-2019 07:00,0.272
28-05-2019 08:00,0.445
28-05-2019 09:00,0.579
28-05-2019 10:00,0.669
28-05-2019 11:00,0.716
28-05-2019 12:00,0.724
28-05-2019 13:00,0.691
28-05-2019 14:00,0.616
28-05-2019 15:00,0.499
28-05-2019 16:00,0.339
28-05-2019 17:00,0.153
28-05-2019 18:00,0.023
28-05-2019 19:00,0
28-05-2019 20:00,0
28-05-2019 21:00,0
28-05-2019 22:00,0
28-05-2019 23:00,0
29-05-2019 00:00,0
29-05-2019 01:00,0
29-05-2019 02:00,0
29-05-2019 03:00,0
29-05-2019 04:00,0
29-05-2019 05:00,0.012
29-05-2019 06:00,0.098
29-05-2019 07:00,0.291
29-05-2019 08:00,0.469
29-05-2019 09:00,0.604
29-05-2019 10:00,0.693
29-05-2019 11:00,0.738
29-05-2019 12:00,0.74
29-05-2019 13:00,0.702
29-05-2019 14:00,0.622
29-05-2019 15:00,0.501
29-05-2019 16:00,0.339
29-05-2019 17:00,0.153
29-05-2019 18:00,0.022
29-05-2019 19:00,0
29-05-2019 20:00,0
29-05-2019 21:00,0
29-05-2019 22:00,0
29-05-2019 23:00,0
30-05-2019 00:00,0
30-05-2019 01:00,0
30-05-2019 02:00,0
30-05-2019 03:00,0
30-05-2019 04:00,0
30-05-2019 05:00,0.013
30-05-2019 06:00,0.097
30-05-2019 07:00,0.287
30-05-2019 08:00,0.46
30-05-2019 09:00,0.592
30-05-2019 10:00,0.679
30-05-2019 11:00,0.723
30-05-2019 12:00,0.726
30-05-2019 13:00,0.69
30-05-2019 14:00,0.614
30-05-2019 15:00,0.495
30-05-2019 16:00,0.337
30-05-2019 17:00,0.152
30-05-2019 18:00,0.022
30-05-2019 19:00,0
30-05-2019 20:00,0
30-05-2019 21:00,0
30-05-2019 22:00,0
30-05-2019 23:00,0
31-05-2019 00:00,0
31-05-2019 01:00,0
31-05-2019 02:00,0
31-05-2019 03:00,0
31-05-2019 04:00,0
31-05-2019 05:00,0.013
31-05-2019 06:00,0.096
31-05-2019 07:00,0.284
31-05-2019 08:00,0.454
31-05-2019 09:00,0.586
31-05-2019 10:00,0.674
31-05-2019 11:00,0.719
31-05-2019 12:00,0.724
31-05-2019 13:00,0.689
31-05-2019 14:00,0.613
31-05-2019 15:00,0.494
31-05-2019 16:00,0.336
31-05-2019 17:00,0.152
31-05-2019 18:00,0.022
31-05-2019 19:00,0
31-05-2019 20:00,0
31-05-2019 21:00,0
31-05-2019 22:00,0
31-05-2019 23:00,0
01-06-2019 00:00,0
01-06-2019 01:00,0
01-06-2019 02:00,0
01-06-2019 03:00,0
01-06-2019 04:00,0
01-06-2019 05:00,0.013
01-06-2019 06:00,0.096
01-06-2019 07:00,0.282
01-06-2019 08:00,0.451
01-06-2019 09:00,0.581
01-06-2019 10:00,0.667
01-06-2019 11:00,0.711
01-06-2019 12:00,0.715
01-06-2019 13:00,0.68
01-06-2019 14:00,0.605
01-06-2019 15:00,0.488
01-06-2019 16:00,0.332
01-06-2019 17:00,0.151
01-06-2019 18:00,0.023
01-06-2019 19:00,0
01-06-2019 20:00,0
01-06-2019 21:00,0
01-06-2019 22:00,0
01-06-2019 23:00,0
02-06-2019 00:00,0
02-06-2019 01:00,0
02-06-2019 02:00,0
02-06-2019 03:00,0
02-06-2019 04:00,0
02-06-2019 05:00,0.015
02-06-2019 06:00,0.096
02-06-2019 07:00,0.279
02-06-2019 08:00,0.444
02-06-2019 09:00,0.573
02-06-2019 10:00,0.657
02-06-2019 11:00,0.699
02-06-2019 12:00,0.702
02-06-2019 13:00,0.661
02-06-2019 14:00,0.568
02-06-2019 15:00,0.426
02-06-2019 16:00,0.276
02-06-2019 17:00,0.139
02-06-2019 18:00,0.031
02-06-2019 19:00,0
02-06-2019 20:00,0
02-06-2019 21:00,0
02-06-2019 22:00,0
02-06-2019 23:00,0
03-06-2019 00:00,0
03-06-2019 01:00,0
03-06-2019 02:00,0
03-06-2019 03:00,0
03-06-2019 04:00,0
03-06-2019 05:00,0.013
03-06-2019 06:00,0.086
03-06-2019 07:00,0.192
03-06-2019 08:00,0.317
03-06-2019 09:00,0.47
03-06-2019 10:00,0.594
03-06-2019 11:00,0.677
03-06-2019 12:00,0.685
03-06-2019 13:00,0.651
03-06-2019 14:00,0.577
03-06-2019 15:00,0.466
03-06-2019 16:00,0.316
03-06-2019 17:00,0.149
03-06-2019 18:00,0.034
03-06-2019 19:00,0
03-06-2019 20:00,0
03-06-2019 21:00,0
03-06-2019 22:00,0
03-06-2019 23:00,0
04-06-2019 00:00,0
04-06-2019 01:00,0
04-06-2019 02:00,0
04-06-2019 03:00,0
04-06-2019 04:00,0
04-06-2019 05:00,0.016
04-06-2019 06:00,0.096
04-06-2019 07:00,0.275
04-06-2019 08:00,0.443
04-06-2019 09:00,0.573
04-06-2019 10:00,0.659
04-06-2019 11:00,0.702
04-06-2019 12:00,0.708
04-06-2019 13:00,0.673
04-06-2019 14:00,0.597
04-06-2019 15:00,0.482
04-06-2019 16:00,0.326
04-06-2019 17:00,0.15
04-06-2019 18:00,0.03
04-06-2019 19:00,0
04-06-2019 20:00,0
04-06-2019 21:00,0
04-06-2019 22:00,0
04-06-2019 23:00,0
05-06-2019 00:00,0
05-06-2019 01:00,0
05-06-2019 02:00,0
05-06-2019 03:00,0
05-06-2019 04:00,0
05-06-2019 05:00,0.018
05-06-2019 06:00,0.105
05-06-2019 07:00,0.293
05-06-2019 08:00,0.475
05-06-2019 09:00,0.614
05-06-2019 10:00,0.704
05-06-2019 11:00,0.749
05-06-2019 12:00,0.752
05-06-2019 13:00,0.696
05-06-2019 14:00,0.522
05-06-2019 15:00,0.263
05-06-2019 16:00,0.102
05-06-2019 17:00,0.054
05-06-2019 18:00,0.039
05-06-2019 19:00,0
05-06-2019 20:00,0
05-06-2019 21:00,0
05-06-2019 22:00,0
05-06-2019 23:00,0
06-06-2019 00:00,0
06-06-2019 01:00,0
06-06-2019 02:00,0
06-06-2019 03:00,0
06-06-2019 04:00,0
06-06-2019 05:00,0.017
06-06-2019 06:00,0.1
06-06-2019 07:00,0.253
06-06-2019 08:00,0.4
06-06-2019 09:00,0.523
06-06-2019 10:00,0.639
06-06-2019 11:00,0.681
06-06-2019 12:00,0.683
06-06-2019 13:00,0.662
06-06-2019 14:00,0.602
06-06-2019 15:00,0.494
06-06-2019 16:00,0.339
06-06-2019 17:00,0.157
06-06-2019 18:00,0.027
06-06-2019 19:00,0
06-06-2019 20:00,0
06-06-2019 21:00,0
06-06-2019 22:00,0
06-06-2019 23:00,0
07-06-2019 00:00,0
07-06-2019 01:00,0
07-06-2019 02:00,0
07-06-2019 03:00,0
07-06-2019 04:00,0
07-06-2019 05:00,0.014
07-06-2019 06:00,0.096
07-06-2019 07:00,0.242
07-06-2019 08:00,0.448
07-06-2019 09:00,0.616
07-06-2019 10:00,0.711
07-06-2019 11:00,0.758
07-06-2019 12:00,0.761
07-06-2019 13:00,0.722
07-06-2019 14:00,0.641
07-06-2019 15:00,0.517
07-06-2019 16:00,0.353
07-06-2019 17:00,0.162
07-06-2019 18:00,0.023
07-06-2019 19:00,0
07-06-2019 20:00,0
07-06-2019 21:00,0
07-06-2019 22:00,0
07-06-2019 23:00,0
08-06-2019 00:00,0
08-06-2019 01:00,0
08-06-2019 02:00,0
08-06-2019 03:00,0
08-06-2019 04:00,0
08-06-2019 05:00,0.018
08-06-2019 06:00,0.101
08-06-2019 07:00,0.284
08-06-2019 08:00,0.45
08-06-2019 09:00,0.577
08-06-2019 10:00,0.634
08-06-2019 11:00,0.654
08-06-2019 12:00,0.622
08-06-2019 13:00,0.558
08-06-2019 14:00,0.483
08-06-2019 15:00,0.364
08-06-2019 16:00,0.252
08-06-2019 17:00,0.119
08-06-2019 18:00,0.027
08-06-2019 19:00,0
08-06-2019 20:00,0
08-06-2019 21:00,0
08-06-2019 22:00,0
08-06-2019 23:00,0
09-06-2019 00:00,0
09-06-2019 01:00,0
09-06-2019 02:00,0
09-06-2019 03:00,0
09-06-2019 04:00,0
09-06-2019 05:00,0.019
09-06-2019 06:00,0.097
09-06-2019 07:00,0.277
09-06-2019 08:00,0.447
09-06-2019 09:00,0.577
09-06-2019 10:00,0.659
09-06-2019 11:00,0.689
09-06-2019 12:00,0.677
09-06-2019 13:00,0.652
09-06-2019 14:00,0.602
09-06-2019 15:00,0.494
09-06-2019 16:00,0.338
09-06-2019 17:00,0.157
09-06-2019 18:00,0.026
09-06-2019 19:00,0
09-06-2019 20:00,0
09-06-2019 21:00,0
09-06-2019 22:00,0
09-06-2019 23:00,0
10-06-2019 00:00,0
10-06-2019 01:00,0
10-06-2019 02:00,0
10-06-2019 03:00,0
10-06-2019 04:00,0
10-06-2019 05:00,0.017
10-06-2019 06:00,0.097
10-06-2019 07:00,0.284
10-06-2019 08:00,0.453
10-06-2019 09:00,0.581
10-06-2019 10:00,0.669
10-06-2019 11:00,0.7
10-06-2019 12:00,0.651
10-06-2019 13:00,0.57
10-06-2019 14:00,0.532
10-06-2019 15:00,0.479
10-06-2019 16:00,0.326
10-06-2019 17:00,0.153
10-06-2019 18:00,0.037
10-06-2019 19:00,0
10-06-2019 20:00,0
10-06-2019 21:00,0
10-06-2019 22:00,0
10-06-2019 23:00,0
11-06-2019 00:00,0
11-06-2019 01:00,0
11-06-2019 02:00,0
11-06-2019 03:00,0
11-06-2019 04:00,0
11-06-2019 05:00,0.016
11-06-2019 06:00,0.097
11-06-2019 07:00,0.265
11-06-2019 08:00,0.407
11-06-2019 09:00,0.575
11-06-2019 10:00,0.658
11-06-2019 11:00,0.645
11-06-2019 12:00,0.653
11-06-2019 13:00,0.628
11-06-2019 14:00,0.598
11-06-2019 15:00,0.484
11-06-2019 16:00,0.334
11-06-2019 17:00,0.162
11-06-2019 18:00,0.026
11-06-2019 19:00,0
11-06-2019 20:00,0
11-06-2019 21:00,0
11-06-2019 22:00,0
11-06-2019 23:00,0
12-06-2019 00:00,0
12-06-2019 01:00,0
12-06-2019 02:00,0
12-06-2019 03:00,0
12-06-2019 04:00,0
12-06-2019 05:00,0.016
12-06-2019 06:00,0.096
12-06-2019 07:00,0.283
12-06-2019 08:00,0.459
12-06-2019 09:00,0.591
12-06-2019 10:00,0.678
12-06-2019 11:00,0.723
12-06-2019 12:00,0.73
12-06-2019 13:00,0.695
12-06-2019 14:00,0.62
12-06-2019 15:00,0.502
12-06-2019 16:00,0.343
12-06-2019 17:00,0.159
12-06-2019 18:00,0.023
12-06-2019 19:00,0
12-06-2019 20:00,0
12-06-2019 21:00,0
12-06-2019 22:00,0
12-06-2019 23:00,0
13-06-2019 00:00,0
13-06-2019 01:00,0
13-06-2019 02:00,0
13-06-2019 03:00,0
13-06-2019 04:00,0
13-06-2019 05:00,0.021
13-06-2019 06:00,0.099
13-06-2019 07:00,0.278
13-06-2019 08:00,0.447
13-06-2019 09:00,0.575
13-06-2019 10:00,0.658
13-06-2019 11:00,0.699
13-06-2019 12:00,0.701
13-06-2019 13:00,0.662
13-06-2019 14:00,0.567
13-06-2019 15:00,0.443
13-06-2019 16:00,0.284
13-06-2019 17:00,0.142
13-06-2019 18:00,0.041
13-06-2019 19:00,0
13-06-2019 20:00,0
13-06-2019 21:00,0
13-06-2019 22:00,0
13-06-2019 23:00,0
14-06-2019 00:00,0
14-06-2019 01:00,0
14-06-2019 02:00,0
14-06-2019 03:00,0
14-06-2019 04:00,0
14-06-2019 05:00,0.018
14-06-2019 06:00,0.096
14-06-2019 07:00,0.278
14-06-2019 08:00,0.452
14-06-2019 09:00,0.587
14-06-2019 10:00,0.678
14-06-2019 11:00,0.723
14-06-2019 12:00,0.727
14-06-2019 13:00,0.691
14-06-2019 14:00,0.615
14-06-2019 15:00,0.498
14-06-2019 16:00,0.342
14-06-2019 17:00,0.16
14-06-2019 18:00,0.026
14-06-2019 19:00,0
14-06-2019 20:00,0
14-06-2019 21:00,0
14-06-2019 22:00,0
14-06-2019 23:00,0
15-06-2019 00:00,0
15-06-2019 01:00,0
15-06-2019 02:00,0
15-06-2019 03:00,0
15-06-2019 04:00,0
15-06-2019 05:00,0.015
15-06-2019 06:00,0.094
15-06-2019 07:00,0.287
15-06-2019 08:00,0.463
15-06-2019 09:00,0.597
15-06-2019 10:00,0.686
15-06-2019 11:00,0.73
15-06-2019 12:00,0.733
15-06-2019 13:00,0.697
15-06-2019 14:00,0.619
15-06-2019 15:00,0.501
15-06-2019 16:00,0.344
15-06-2019 17:00,0.16
15-06-2019 18:00,0.022
15-06-2019 19:00,0
15-06-2019 20:00,0
15-06-2019 21:00,0
15-06-2019 22:00,0
15-06-2019 23:00,0
16-06-2019 00:00,0
16-06-2019 01:00,0
16-06-2019 02:00,0
16-06-2019 03:00,0
16-06-2019 04:00,0
16-06-2019 05:00,0.026
16-06-2019 06:00,0.108
16-06-2019 07:00,0.263
16-06-2019 08:00,0.424
16-06-2019 09:00,0.498
16-06-2019 10:00,0.506
16-06-2019 11:00,0.477
16-06-2019 12:00,0.385
16-06-2019 13:00,0.317
16-06-2019 14:00,0.252
16-06-2019 15:00,0.189
16-06-2019 16:00,0.132
16-06-2019 17:00,0.072
16-06-2019 18:00,0.021
16-06-2019 19:00,0
16-06-2019 20:00,0
16-06-2019 21:00,0
16-06-2019 22:00,0
16-06-2019 23:00,0
17-06-2019 00:00,0
17-06-2019 01:00,0
17-06-2019 02:00,0
17-06-2019 03:00,0
17-06-2019 04:00,0
17-06-2019 05:00,0.017
17-06-2019 06:00,0.095
17-06-2019 07:00,0.281
17-06-2019 08:00,0.447
17-06-2019 09:00,0.566
17-06-2019 10:00,0.649
17-06-2019 11:00,0.7
17-06-2019 12:00,0.708
17-06-2019 13:00,0.669
17-06-2019 14:00,0.513
17-06-2019 15:00,0.362
17-06-2019 16:00,0.297
17-06-2019 17:00,0.154
17-06-2019 18:00,0.028
17-06-2019 19:00,0
17-06-2019 20:00,0
17-06-2019 21:00,0
17-06-2019 22:00,0
17-06-2019 23:00,0
18-06-2019 00:00,0
18-06-2019 01:00,0
18-06-2019 02:00,0
18-06-2019 03:00,0
18-06-2019 04:00,0
18-06-2019 05:00,0.017
18-06-2019 06:00,0.092
18-06-2019 07:00,0.275
18-06-2019 08:00,0.443
18-06-2019 09:00,0.574
18-06-2019 10:00,0.658
18-06-2019 11:00,0.701
18-06-2019 12:00,0.707
18-06-2019 13:00,0.673
18-06-2019 14:00,0.601
18-06-2019 15:00,0.488
18-06-2019 16:00,0.336
18-06-2019 17:00,0.158
18-06-2019 18:00,0.023
18-06-2019 19:00,0
18-06-2019 20:00,0
18-06-2019 21:00,0
18-06-2019 22:00,0
18-06-2019 23:00,0
19-06-2019 00:00,0
19-06-2019 01:00,0
19-06-2019 02:00,0
19-06-2019 03:00,0
19-06-2019 04:00,0
19-06-2019 05:00,0.016
19-06-2019 06:00,0.092
19-06-2019 07:00,0.279
19-06-2019 08:00,0.45
19-06-2019 09:00,0.577
19-06-2019 10:00,0.663
19-06-2019 11:00,0.709
19-06-2019 12:00,0.711
19-06-2019 13:00,0.674
19-06-2019 14:00,0.601
19-06-2019 15:00,0.485
19-06-2019 16:00,0.333
19-06-2019 17:00,0.157
19-06-2019 18:00,0.026
19-06-2019 19:00,0
19-06-2019 20:00,0
19-06-2019 21:00,0
19-06-2019 22:00,0
19-06-2019 23:00,0
20-06-2019 00:00,0
20-06-2019 01:00,0
20-06-2019 02:00,0
20-06-2019 03:00,0
20-06-2019 04:00,0
20-06-2019 05:00,0.021
20-06-2019 06:00,0.096
20-06-2019 07:00,0.27
20-06-2019 08:00,0.408
20-06-2019 09:00,0.434
20-06-2019 10:00,0.479
20-06-2019 11:00,0.569
20-06-2019 12:00,0.665
20-06-2019 13:00,0.665
20-06-2019 14:00,0.592
20-06-2019 15:00,0.478
20-06-2019 16:00,0.328
20-06-2019 17:00,0.157
20-06-2019 18:00,0.036
20-06-2019 19:00,0
20-06-2019 20:00,0
20-06-2019 21:00,0
20-06-2019 22:00,0
20-06-2019 23:00,0
21-06-2019 00:00,0
21-06-2019 01:00,0
21-06-2019 02:00,0
21-06-2019 03:00,0
21-06-2019 04:00,0
21-06-2019 05:00,0.018
21-06-2019 06:00,0.092
21-06-2019 07:00,0.272
21-06-2019 08:00,0.436
21-06-2019 09:00,0.567
21-06-2019 10:00,0.658
21-06-2019 11:00,0.703
21-06-2019 12:00,0.707
21-06-2019 13:00,0.673
21-06-2019 14:00,0.6
21-06-2019 15:00,0.478
21-06-2019 16:00,0.324
21-06-2019 17:00,0.158
21-06-2019 18:00,0.026
21-06-2019 19:00,0
21-06-2019 20:00,0
21-06-2019 21:00,0
21-06-2019 22:00,0
21-06-2019 23:00,0
22-06-2019 00:00,0
22-06-2019 01:00,0
22-06-2019 02:00,0
22-06-2019 03:00,0
22-06-2019 04:00,0
22-06-2019 05:00,0.021
22-06-2019 06:00,0.095
22-06-2019 07:00,0.226
22-06-2019 08:00,0.403
22-06-2019 09:00,0.557
22-06-2019 10:00,0.645
22-06-2019 11:00,0.689
22-06-2019 12:00,0.696
22-06-2019 13:00,0.662
22-06-2019 14:00,0.59
22-06-2019 15:00,0.477
22-06-2019 16:00,0.328
22-06-2019 17:00,0.156
22-06-2019 18:00,0.027
22-06-2019 19:00,0
22-06-2019 20:00,0
22-06-2019 21:00,0
22-06-2019 22:00,0
22-06-2019 23:00,0
23-06-2019 00:00,0
23-06-2019 01:00,0
23-06-2019 02:00,0
23-06-2019 03:00,0
23-06-2019 04:00,0
23-06-2019 05:00,0.017
23-06-2019 06:00,0.09
23-06-2019 07:00,0.269
23-06-2019 08:00,0.431
23-06-2019 09:00,0.557
23-06-2019 10:00,0.639
23-06-2019 11:00,0.68
23-06-2019 12:00,0.684
23-06-2019 13:00,0.648
23-06-2019 14:00,0.575
23-06-2019 15:00,0.463
23-06-2019 16:00,0.317
23-06-2019 17:00,0.152
23-06-2019 18:00,0.029
23-06-2019 19:00,0
23-06-2019 20:00,0
23-06-2019 21:00,0
23-06-2019 22:00,0
23-06-2019 23:00,0
24-06-2019 00:00,0
24-06-2019 01:00,0
24-06-2019 02:00,0
24-06-2019 03:00,0
24-06-2019 04:00,0
24-06-2019 05:00,0.022
24-06-2019 06:00,0.103
24-06-2019 07:00,0.263
24-06-2019 08:00,0.407
24-06-2019 09:00,0.419
24-06-2019 10:00,0.36
24-06-2019 11:00,0.401
24-06-2019 12:00,0.429
24-06-2019 13:00,0.378
24-06-2019 14:00,0.356
24-06-2019 15:00,0.328
24-06-2019 16:00,0.271
24-06-2019 17:00,0.152
24-06-2019 18:00,0.045
24-06-2019 19:00,0
24-06-2019 20:00,0
24-06-2019 21:00,0
24-06-2019 22:00,0
24-06-2019 23:00,0
25-06-2019 00:00,0
25-06-2019 01:00,0
25-06-2019 02:00,0
25-06-2019 03:00,0
25-06-2019 04:00,0
25-06-2019 05:00,0.019
25-06-2019 06:00,0.093
25-06-2019 07:00,0.243
25-06-2019 08:00,0.391
25-06-2019 09:00,0.526
25-06-2019 10:00,0.628
25-06-2019 11:00,0.674
25-06-2019 12:00,0.679
25-06-2019 13:00,0.644
25-06-2019 14:00,0.572
25-06-2019 15:00,0.461
25-06-2019 16:00,0.315
25-06-2019 17:00,0.152
25-06-2019 18:00,0.03
25-06-2019 19:00,0
25-06-2019 20:00,0
25-06-2019 21:00,0
25-06-2019 22:00,0
25-06-2019 23:00,0
26-06-2019 00:00,0
26-06-2019 01:00,0
26-06-2019 02:00,0
26-06-2019 03:00,0
26-06-2019 04:00,0
26-06-2019 05:00,0.02
26-06-2019 06:00,0.091
26-06-2019 07:00,0.261
26-06-2019 08:00,0.424
26-06-2019 09:00,0.551
26-06-2019 10:00,0.634
26-06-2019 11:00,0.676
26-06-2019 12:00,0.679
26-06-2019 13:00,0.643
26-06-2019 14:00,0.568
26-06-2019 15:00,0.455
26-06-2019 16:00,0.31
26-06-2019 17:00,0.149
26-06-2019 18:00,0.034
26-06-2019 19:00,0
26-06-2019 20:00,0
26-06-2019 21:00,0
26-06-2019 22:00,0
26-06-2019 23:00,0
27-06-2019 00:00,0
27-06-2019 01:00,0
27-06-2019 02:00,0
27-06-2019 03:00,0
27-06-2019 04:00,0
27-06-2019 05:00,0.016
27-06-2019 06:00,0.086
27-06-2019 07:00,0.178
27-06-2019 08:00,0.261
27-06-2019 09:00,0.318
27-06-2019 10:00,0.36
27-06-2019 11:00,0.39
27-06-2019 12:00,0.415
27-06-2019 13:00,0.403
27-06-2019 14:00,0.355
27-06-2019 15:00,0.283
27-06-2019 16:00,0.197
27-06-2019 17:00,0.112
27-06-2019 18:00,0.037
27-06-2019 19:00,0
27-06-2019 20:00,0
27-06-2019 21:00,0
27-06-2019 22:00,0
27-06-2019 23:00,0
28-06-2019 00:00,0
28-06-2019 01:00,0
28-06-2019 02:00,0
28-06-2019 03:00,0
28-06-2019 04:00,0
28-06-2019 05:00,0.019
28-06-2019 06:00,0.089
28-06-2019 07:00,0.26
28-06-2019 08:00,0.421
28-06-2019 09:00,0.546
28-06-2019 10:00,0.627
28-06-2019 11:00,0.668
28-06-2019 12:00,0.667
28-06-2019 13:00,0.634
28-06-2019 14:00,0.563
28-06-2019 15:00,0.457
28-06-2019 16:00,0.313
28-06-2019 17:00,0.15
28-06-2019 18:00,0.031
28-06-2019 19:00,0
28-06-2019 20:00,0
28-06-2019 21:00,0
28-06-2019 22:00,0
28-06-2019 23:00,0
29-06-2019 00:00,0
29-06-2019 01:00,0
29-06-2019 02:00,0
29-06-2019 03:00,0
29-06-2019 04:00,0
29-06-2019 05:00,0.017
29-06-2019 06:00,0.086
29-06-2019 07:00,0.265
29-06-2019 08:00,0.429
29-06-2019 09:00,0.554
29-06-2019 10:00,0.636
29-06-2019 11:00,0.675
29-06-2019 12:00,0.678
29-06-2019 13:00,0.644
29-06-2019 14:00,0.572
29-06-2019 15:00,0.462
29-06-2019 16:00,0.317
29-06-2019 17:00,0.151
29-06-2019 18:00,0.028
29-06-2019 19:00,0
29-06-2019 20:00,0
29-06-2019 21:00,0
29-06-2019 22:00,0
29-06-2019 23:00,0
30-06-2019 00:00,0
30-06-2019 01:00,0
30-06-2019 02:00,0
30-06-2019 03:00,0
30-06-2019 04:00,0
30-06-2019 05:00,0.017
30-06-2019 06:00,0.086
30-06-2019 07:00,0.26
30-06-2019 08:00,0.421
30-06-2019 09:00,0.543
30-06-2019 10:00,0.626
30-06-2019 11:00,0.667
30-06-2019 12:00,0.67
30-06-2019 13:00,0.629
30-06-2019 14:00,0.559
30-06-2019 15:00,0.452
30-06-2019 16:00,0.316
30-06-2019 17:00,0.152
30-06-2019 18:00,0.027
30-06-2019 19:00,0
30-06-2019 20:00,0
30-06-2019 21:00,0
30-06-2019 22:00,0
30-06-2019 23:00,0
01-07-2019 00:00,0
01-07-2019 01:00,0
01-07-2019 02:00,0
01-07-2019 03:00,0
01-07-2019 04:00,0
01-07-2019 05:00,0.019
01-07-2019 06:00,0.088
01-07-2019 07:00,0.257
01-07-2019 08:00,0.416
01-07-2019 09:00,0.541
01-07-2019 10:00,0.625
01-07-2019 11:00,0.668
01-07-2019 12:00,0.675
01-07-2019 13:00,0.642
01-07-2019 14:00,0.571
01-07-2019 15:00,0.461
01-07-2019 16:00,0.307
01-07-2019 17:00,0.145
01-07-2019 18:00,0.037
01-07-2019 19:00,0
01-07-2019 20:00,0
01-07-2019 21:00,0
01-07-2019 22:00,0
01-07-2019 23:00,0
02-07-2019 00:00,0
02-07-2019 01:00,0
02-07-2019 02:00,0
02-07-2019 03:00,0
02-07-2019 04:00,0
02-07-2019 05:00,0.019
02-07-2019 06:00,0.089
02-07-2019 07:00,0.257
02-07-2019 08:00,0.417
02-07-2019 09:00,0.543
02-07-2019 10:00,0.627
02-07-2019 11:00,0.672
02-07-2019 12:00,0.67
02-07-2019 13:00,0.619
02-07-2019 14:00,0.553
02-07-2019 15:00,0.445
02-07-2019 16:00,0.289
02-07-2019 17:00,0.142
02-07-2019 18:00,0.039
02-07-2019 19:00,0
02-07-2019 20:00,0
02-07-2019 21:00,0
02-07-2019 22:00,0
02-07-2019 23:00,0
03-07-2019 00:00,0
03-07-2019 01:00,0
03-07-2019 02:00,0
03-07-2019 03:00,0
03-07-2019 04:00,0
03-07-2019 05:00,0.018
03-07-2019 06:00,0.087
03-07-2019 07:00,0.259
03-07-2019 08:00,0.423
03-07-2019 09:00,0.551
03-07-2019 10:00,0.636
03-07-2019 11:00,0.68
03-07-2019 12:00,0.685
03-07-2019 13:00,0.652
03-07-2019 14:00,0.58
03-07-2019 15:00,0.468
03-07-2019 16:00,0.321
03-07-2019 17:00,0.154
03-07-2019 18:00,0.03
03-07-2019 19:00,0
03-07-2019 20:00,0
03-07-2019 21:00,0
03-07-2019 22:00,0
03-07-2019 23:00,0
04-07-2019 00:00,0
04-07-2019 01:00,0
04-07-2019 02:00,0
04-07-2019 03:00,0
04-07-2019 04:00,0
04-07-2019 05:00,0.021
04-07-2019 06:00,0.093
04-07-2019 07:00,0.253
04-07-2019 08:00,0.355
04-07-2019 09:00,0.395
04-07-2019 10:00,0.571
04-07-2019 11:00,0.579
04-07-2019 12:00,0.443
04-07-2019 13:00,0.433
04-07-2019 14:00,0.45
04-07-2019 15:00,0.409
04-07-2019 16:00,0.285
04-07-2019 17:00,0.147
04-07-2019 18:00,0.04
04-07-2019 19:00,0
04-07-2019 20:00,0
04-07-2019 21:00,0
04-07-2019 22:00,0
04-07-2019 23:00,0
05-07-2019 00:00,0
05-07-2019 01:00,0
05-07-2019 02:00,0
05-07-2019 03:00,0
05-07-2019 04:00,0
05-07-2019 05:00,0.016
05-07-2019 06:00,0.084
05-07-2019 07:00,0.265
05-07-2019 08:00,0.433
05-07-2019 09:00,0.56
05-07-2019 10:00,0.644
05-07-2019 11:00,0.686
05-07-2019 12:00,0.689
05-07-2019 13:00,0.653
05-07-2019 14:00,0.581
05-07-2019 15:00,0.471
05-07-2019 16:00,0.326
05-07-2019 17:00,0.157
05-07-2019 18:00,0.025
05-07-2019 19:00,0
05-07-2019 20:00,0
05-07-2019 21:00,0
05-07-2019 22:00,0
05-07-2019 23:00,0
06-07-2019 00:00,0
06-07-2019 01:00,0
06-07-2019 02:00,0
06-07-2019 03:00,0
06-07-2019 04:00,0
06-07-2019 05:00,0.016
06-07-2019 06:00,0.086
06-07-2019 07:00,0.263
06-07-2019 08:00,0.403
06-07-2019 09:00,0.499
06-07-2019 10:00,0.584
06-07-2019 11:00,0.637
06-07-2019 12:00,0.641
06-07-2019 13:00,0.601
06-07-2019 14:00,0.532
06-07-2019 15:00,0.421
06-07-2019 16:00,0.297
06-07-2019 17:00,0.145
06-07-2019 18:00,0.039
06-07-2019 19:00,0
06-07-2019 20:00,0
06-07-2019 21:00,0
06-07-2019 22:00,0
06-07-2019 23:00,0
07-07-2019 00:00,0
07-07-2019 01:00,0
07-07-2019 02:00,0
07-07-2019 03:00,0
07-07-2019 04:00,0
07-07-2019 05:00,0.02
07-07-2019 06:00,0.093
07-07-2019 07:00,0.24
07-07-2019 08:00,0.38
07-07-2019 09:00,0.483
07-07-2019 10:00,0.56
07-07-2019 11:00,0.621
07-07-2019 12:00,0.633
07-07-2019 13:00,0.592
07-07-2019 14:00,0.492
07-07-2019 15:00,0.405
07-07-2019 16:00,0.285
07-07-2019 17:00,0.146
07-07-2019 18:00,0.039
07-07-2019 19:00,0
07-07-2019 20:00,0
07-07-2019 21:00,0
07-07-2019 22:00,0
07-07-2019 23:00,0
08-07-2019 00:00,0
08-07-2019 01:00,0
08-07-2019 02:00,0
08-07-2019 03:00,0
08-07-2019 04:00,0
08-07-2019 05:00,0.018
08-07-2019 06:00,0.087
08-07-2019 07:00,0.252
08-07-2019 08:00,0.42
08-07-2019 09:00,0.551
08-07-2019 10:00,0.639
08-07-2019 11:00,0.692
08-07-2019 12:00,0.702
08-07-2019 13:00,0.666
08-07-2019 14:00,0.591
08-07-2019 15:00,0.477
08-07-2019 16:00,0.326
08-07-2019 17:00,0.157
08-07-2019 18:00,0.031
08-07-2019 19:00,0
08-07-2019 20:00,0
08-07-2019 21:00,0
08-07-2019 22:00,0
08-07-2019 23:00,0
09-07-2019 00:00,0
09-07-2019 01:00,0
09-07-2019 02:00,0
09-07-2019 03:00,0
09-07-2019 04:00,0
09-07-2019 05:00,0.016
09-07-2019 06:00,0.084
09-07-2019 07:00,0.265
09-07-2019 08:00,0.435
09-07-2019 09:00,0.567
09-07-2019 10:00,0.654
09-07-2019 11:00,0.698
09-07-2019 12:00,0.703
09-07-2019 13:00,0.669
09-07-2019 14:00,0.594
09-07-2019 15:00,0.473
09-07-2019 16:00,0.321
09-07-2019 17:00,0.154
09-07-2019 18:00,0.033
09-07-2019 19:00,0
09-07-2019 20:00,0
09-07-2019 21:00,0
09-07-2019 22:00,0
09-07-2019 23:00,0
10-07-2019 00:00,0
10-07-2019 01:00,0
10-07-2019 02:00,0
10-07-2019 03:00,0
10-07-2019 04:00,0
10-07-2019 05:00,0.018
10-07-2019 06:00,0.087
10-07-2019 07:00,0.263
10-07-2019 08:00,0.43
10-07-2019 09:00,0.559
10-07-2019 10:00,0.644
10-07-2019 11:00,0.688
10-07-2019 12:00,0.693
10-07-2019 13:00,0.658
10-07-2019 14:00,0.556
10-07-2019 15:00,0.364
10-07-2019 16:00,0.258
10-07-2019 17:00,0.148
10-07-2019 18:00,0.031
10-07-2019 19:00,0
10-07-2019 20:00,0
10-07-2019 21:00,0
10-07-2019 22:00,0
10-07-2019 23:00,0
11-07-2019 00:00,0
11-07-2019 01:00,0
11-07-2019 02:00,0
11-07-2019 03:00,0
11-07-2019 04:00,0
11-07-2019 05:00,0.015
11-07-2019 06:00,0.081
11-07-2019 07:00,0.262
11-07-2019 08:00,0.425
11-07-2019 09:00,0.55
11-07-2019 10:00,0.633
11-07-2019 11:00,0.675
11-07-2019 12:00,0.68
11-07-2019 13:00,0.646
11-07-2019 14:00,0.574
11-07-2019 15:00,0.459
11-07-2019 16:00,0.313
11-07-2019 17:00,0.15
11-07-2019 18:00,0.03
11-07-2019 19:00,0
11-07-2019 20:00,0
11-07-2019 21:00,0
11-07-2019 22:00,0
11-07-2019 23:00,0
12-07-2019 00:00,0
12-07-2019 01:00,0
12-07-2019 02:00,0
12-07-2019 03:00,0
12-07-2019 04:00,0
12-07-2019 05:00,0.019
12-07-2019 06:00,0.09
12-07-2019 07:00,0.25
12-07-2019 08:00,0.407
12-07-2019 09:00,0.522
12-07-2019 10:00,0.6
12-07-2019 11:00,0.599
12-07-2019 12:00,0.556
12-07-2019 13:00,0.442
12-07-2019 14:00,0.342
12-07-2019 15:00,0.235
12-07-2019 16:00,0.158
12-07-2019 17:00,0.107
12-07-2019 18:00,0.034
12-07-2019 19:00,0
12-07-2019 20:00,0
12-07-2019 21:00,0
12-07-2019 22:00,0
12-07-2019 23:00,0
13-07-2019 00:00,0
13-07-2019 01:00,0
13-07-2019 02:00,0
13-07-2019 03:00,0
13-07-2019 04:00,0
13-07-2019 05:00,0.011
13-07-2019 06:00,0.078
13-07-2019 07:00,0.197
13-07-2019 08:00,0.343
13-07-2019 09:00,0.459
13-07-2019 10:00,0.583
13-07-2019 11:00,0.629
13-07-2019 12:00,0.634
13-07-2019 13:00,0.601
13-07-2019 14:00,0.521
13-07-2019 15:00,0.41
13-07-2019 16:00,0.292
13-07-2019 17:00,0.149
13-07-2019 18:00,0.033
13-07-2019 19:00,0
13-07-2019 20:00,0
13-07-2019 21:00,0
13-07-2019 22:00,0
13-07-2019 23:00,0
14-07-2019 00:00,0
14-07-2019 01:00,0
14-07-2019 02:00,0
14-07-2019 03:00,0
14-07-2019 04:00,0
14-07-2019 05:00,0.016
14-07-2019 06:00,0.084
14-07-2019 07:00,0.253
14-07-2019 08:00,0.419
14-07-2019 09:00,0.548
14-07-2019 10:00,0.634
14-07-2019 11:00,0.678
14-07-2019 12:00,0.683
14-07-2019 13:00,0.648
14-07-2019 14:00,0.572
14-07-2019 15:00,0.456
14-07-2019 16:00,0.294
14-07-2019 17:00,0.138
14-07-2019 18:00,0.035
14-07-2019 19:00,0
14-07-2019 20:00,0
14-07-2019 21:00,0
14-07-2019 22:00,0
14-07-2019 23:00,0
15-07-2019 00:00,0
15-07-2019 01:00,0
15-07-2019 02:00,0
15-07-2019 03:00,0
15-07-2019 04:00,0
15-07-2019 05:00,0.015
15-07-2019 06:00,0.081
15-07-2019 07:00,0.254
15-07-2019 08:00,0.417
15-07-2019 09:00,0.546
15-07-2019 10:00,0.633
15-07-2019 11:00,0.678
15-07-2019 12:00,0.686
15-07-2019 13:00,0.654
15-07-2019 14:00,0.583
15-07-2019 15:00,0.472
15-07-2019 16:00,0.324
15-07-2019 17:00,0.155
15-07-2019 18:00,0.026
15-07-2019 19:00,0
15-07-2019 20:00,0
15-07-2019 21:00,0
15-07-2019 22:00,0
15-07-2019 23:00,0
16-07-2019 00:00,0
16-07-2019 01:00,0
16-07-2019 02:00,0
16-07-2019 03:00,0
16-07-2019 04:00,0
16-07-2019 05:00,0.014
16-07-2019 06:00,0.081
16-07-2019 07:00,0.253
16-07-2019 08:00,0.416
16-07-2019 09:00,0.543
16-07-2019 10:00,0.628
16-07-2019 11:00,0.672
16-07-2019 12:00,0.677
16-07-2019 13:00,0.644
16-07-2019 14:00,0.572
16-07-2019 15:00,0.463
16-07-2019 16:00,0.318
16-07-2019 17:00,0.152
16-07-2019 18:00,0.026
16-07-2019 19:00,0
16-07-2019 20:00,0
16-07-2019 21:00,0
16-07-2019 22:00,0
16-07-2019 23:00,0
17-07-2019 00:00,0
17-07-2019 01:00,0
17-07-2019 02:00,0
17-07-2019 03:00,0
17-07-2019 04:00,0
17-07-2019 05:00,0.015
17-07-2019 06:00,0.083
17-07-2019 07:00,0.246
17-07-2019 08:00,0.41
17-07-2019 09:00,0.538
17-07-2019 10:00,0.63
17-07-2019 11:00,0.681
17-07-2019 12:00,0.691
17-07-2019 13:00,0.661
17-07-2019 14:00,0.591
17-07-2019 15:00,0.479
17-07-2019 16:00,0.329
17-07-2019 17:00,0.157
17-07-2019 18:00,0.025
17-07-2019 19:00,0
17-07-2019 20:00,0
17-07-2019 21:00,0
17-07-2019 22:00,0
17-07-2019 23:00,0
18-07-2019 00:00,0
18-07-2019 01:00,0
18-07-2019 02:00,0
18-07-2019 03:00,0
18-07-2019 04:00,0
18-07-2019 05:00,0.013
18-07-2019 06:00,0.08
18-07-2019 07:00,0.257
18-07-2019 08:00,0.422
18-07-2019 09:00,0.548
18-07-2019 10:00,0.632
18-07-2019 11:00,0.676
18-07-2019 12:00,0.682
18-07-2019 13:00,0.648
18-07-2019 14:00,0.573
18-07-2019 15:00,0.462
18-07-2019 16:00,0.318
18-07-2019 17:00,0.152
18-07-2019 18:00,0.027
18-07-2019 19:00,0
18-07-2019 20:00,0
18-07-2019 21:00,0
18-07-2019 22:00,0
18-07-2019 23:00,0
19-07-2019 00:00,0
19-07-2019 01:00,0
19-07-2019 02:00,0
19-07-2019 03:00,0
19-07-2019 04:00,0
19-07-2019 05:00,0.011
19-07-2019 06:00,0.079
19-07-2019 07:00,0.254
19-07-2019 08:00,0.418
19-07-2019 09:00,0.545
19-07-2019 10:00,0.629
19-07-2019 11:00,0.672
19-07-2019 12:00,0.677
19-07-2019 13:00,0.644
19-07-2019 14:00,0.573
19-07-2019 15:00,0.462
19-07-2019 16:00,0.316
19-07-2019 17:00,0.15
19-07-2019 18:00,0.027
19-07-2019 19:00,0
19-07-2019 20:00,0
19-07-2019 21:00,0
19-07-2019 22:00,0
19-07-2019 23:00,0
20-07-2019 00:00,0
20-07-2019 01:00,0
20-07-2019 02:00,0
20-07-2019 03:00,0
20-07-2019 04:00,0
20-07-2019 05:00,0.012
20-07-2019 06:00,0.082
20-07-2019 07:00,0.245
20-07-2019 08:00,0.404
20-07-2019 09:00,0.531
20-07-2019 10:00,0.614
20-07-2019 11:00,0.656
20-07-2019 12:00,0.661
20-07-2019 13:00,0.619
20-07-2019 14:00,0.555
20-07-2019 15:00,0.427
20-07-2019 16:00,0.275
20-07-2019 17:00,0.135
20-07-2019 18:00,0.032
20-07-2019 19:00,0
20-07-2019 20:00,0
20-07-2019 21:00,0
20-07-2019 22:00,0
20-07-2019 23:00,0
21-07-2019 00:00,0
21-07-2019 01:00,0
21-07-2019 02:00,0
21-07-2019 03:00,0
21-07-2019 04:00,0
21-07-2019 05:00,0.011
21-07-2019 06:00,0.082
21-07-2019 07:00,0.242
21-07-2019 08:00,0.402
21-07-2019 09:00,0.528
21-07-2019 10:00,0.613
21-07-2019 11:00,0.657
21-07-2019 12:00,0.658
21-07-2019 13:00,0.625
21-07-2019 14:00,0.553
21-07-2019 15:00,0.436
21-07-2019 16:00,0.295
21-07-2019 17:00,0.142
21-07-2019 18:00,0.031
21-07-2019 19:00,0
21-07-2019 20:00,0
21-07-2019 21:00,0
21-07-2019 22:00,0
21-07-2019 23:00,0
22-07-2019 00:00,0
22-07-2019 01:00,0
22-07-2019 02:00,0
22-07-2019 03:00,0
22-07-2019 04:00,0
22-07-2019 05:00,0.011
22-07-2019 06:00,0.081
22-07-2019 07:00,0.242
22-07-2019 08:00,0.403
22-07-2019 09:00,0.53
22-07-2019 10:00,0.613
22-07-2019 11:00,0.657
22-07-2019 12:00,0.67
22-07-2019 13:00,0.638
22-07-2019 14:00,0.568
22-07-2019 15:00,0.46
22-07-2019 16:00,0.315
22-07-2019 17:00,0.151
22-07-2019 18:00,0.027
22-07-2019 19:00,0
22-07-2019 20:00,0
22-07-2019 21:00,0
22-07-2019 22:00,0
22-07-2019 23:00,0
23-07-2019 00:00,0
23-07-2019 01:00,0
23-07-2019 02:00,0
23-07-2019 03:00,0
23-07-2019 04:00,0
23-07-2019 05:00,0.01
23-07-2019 06:00,0.082
23-07-2019 07:00,0.245
23-07-2019 08:00,0.409
23-07-2019 09:00,0.536
23-07-2019 10:00,0.621
23-07-2019 11:00,0.664
23-07-2019 12:00,0.668
23-07-2019 13:00,0.629
23-07-2019 14:00,0.546
23-07-2019 15:00,0.405
23-07-2019 16:00,0.268
23-07-2019 17:00,0.128
23-07-2019 18:00,0.027
23-07-2019 19:00,0
23-07-2019 20:00,0
23-07-2019 21:00,0
23-07-2019 22:00,0
23-07-2019 23:00,0
24-07-2019 00:00,0
24-07-2019 01:00,0
24-07-2019 02:00,0
24-07-2019 03:00,0
24-07-2019 04:00,0
24-07-2019 05:00,0.009
24-07-2019 06:00,0.077
24-07-2019 07:00,0.251
24-07-2019 08:00,0.417
24-07-2019 09:00,0.546
24-07-2019 10:00,0.631
24-07-2019 11:00,0.674
24-07-2019 12:00,0.681
24-07-2019 13:00,0.648
24-07-2019 14:00,0.576
24-07-2019 15:00,0.465
24-07-2019 16:00,0.317
24-07-2019 17:00,0.149
24-07-2019 18:00,0.025
24-07-2019 19:00,0
24-07-2019 20:00,0
24-07-2019 21:00,0
24-07-2019 22:00,0
24-07-2019 23:00,0
25-07-2019 00:00,0
25-07-2019 01:00,0
25-07-2019 02:00,0
25-07-2019 03:00,0
25-07-2019 04:00,0
25-07-2019 05:00,0.009
25-07-2019 06:00,0.078
25-07-2019 07:00,0.246
25-07-2019 08:00,0.409
25-07-2019 09:00,0.543
25-07-2019 10:00,0.629
25-07-2019 11:00,0.673
25-07-2019 12:00,0.677
25-07-2019 13:00,0.645
25-07-2019 14:00,0.572
25-07-2019 15:00,0.461
25-07-2019 16:00,0.31
25-07-2019 17:00,0.146
25-07-2019 18:00,0.027
25-07-2019 19:00,0
25-07-2019 20:00,0
25-07-2019 21:00,0
25-07-2019 22:00,0
25-07-2019 23:00,0
26-07-2019 00:00,0
26-07-2019 01:00,0
26-07-2019 02:00,0
26-07-2019 03:00,0
26-07-2019 04:00,0
26-07-2019 05:00,0.009
26-07-2019 06:00,0.081
26-07-2019 07:00,0.244
26-07-2019 08:00,0.414
26-07-2019 09:00,0.552
26-07-2019 10:00,0.642
26-07-2019 11:00,0.665
26-07-2019 12:00,0.698
26-07-2019 13:00,0.666
26-07-2019 14:00,0.587
26-07-2019 15:00,0.381
26-07-2019 16:00,0.22
26-07-2019 17:00,0.113
26-07-2019 18:00,0.026
26-07-2019 19:00,0
26-07-2019 20:00,0
26-07-2019 21:00,0
26-07-2019 22:00,0
26-07-2019 23:00,0
27-07-2019 00:00,0
27-07-2019 01:00,0
27-07-2019 02:00,0
27-07-2019 03:00,0
27-07-2019 04:00,0
27-07-2019 05:00,0.008
27-07-2019 06:00,0.08
27-07-2019 07:00,0.246
27-07-2019 08:00,0.422
27-07-2019 09:00,0.546
27-07-2019 10:00,0.643
27-07-2019 11:00,0.698
27-07-2019 12:00,0.689
27-07-2019 13:00,0.657
27-07-2019 14:00,0.597
27-07-2019 15:00,0.477
27-07-2019 16:00,0.324
27-07-2019 17:00,0.15
27-07-2019 18:00,0.029
27-07-2019 19:00,0
27-07-2019 20:00,0
27-07-2019 21:00,0
27-07-2019 22:00,0
27-07-2019 23:00,0
28-07-2019 00:00,0
28-07-2019 01:00,0
28-07-2019 02:00,0
28-07-2019 03:00,0
28-07-2019 04:00,0
28-07-2019 05:00,0.005
28-07-2019 06:00,0.074
28-07-2019 07:00,0.264
28-07-2019 08:00,0.44
28-07-2019 09:00,0.574
28-07-2019 10:00,0.663
28-07-2019 11:00,0.708
28-07-2019 12:00,0.712
28-07-2019 13:00,0.677
28-07-2019 14:00,0.602
28-07-2019 15:00,0.485
28-07-2019 16:00,0.33
28-07-2019 17:00,0.154
28-07-2019 18:00,0.021
28-07-2019 19:00,0
28-07-2019 20:00,0
28-07-2019 21:00,0
28-07-2019 22:00,0
28-07-2019 23:00,0
29-07-2019 00:00,0
29-07-2019 01:00,0
29-07-2019 02:00,0
29-07-2019 03:00,0
29-07-2019 04:00,0
29-07-2019 05:00,0.005
29-07-2019 06:00,0.073
29-07-2019 07:00,0.256
29-07-2019 08:00,0.427
29-07-2019 09:00,0.559
29-07-2019 10:00,0.647
29-07-2019 11:00,0.693
29-07-2019 12:00,0.699
29-07-2019 13:00,0.666
29-07-2019 14:00,0.594
29-07-2019 15:00,0.481
29-07-2019 16:00,0.33
29-07-2019 17:00,0.154
29-07-2019 18:00,0.018
29-07-2019 19:00,0
29-07-2019 20:00,0
29-07-2019 21:00,0
29-07-2019 22:00,0
29-07-2019 23:00,0
30-07-2019 00:00,0
30-07-2019 01:00,0
30-07-2019 02:00,0
30-07-2019 03:00,0
30-07-2019 04:00,0
30-07-2019 05:00,0.004
30-07-2019 06:00,0.073
30-07-2019 07:00,0.264
30-07-2019 08:00,0.438
30-07-2019 09:00,0.571
30-07-2019 10:00,0.656
30-07-2019 11:00,0.698
30-07-2019 12:00,0.7
30-07-2019 13:00,0.662
30-07-2019 14:00,0.584
30-07-2019 15:00,0.467
30-07-2019 16:00,0.314
30-07-2019 17:00,0.146
30-07-2019 18:00,0.022
30-07-2019 19:00,0
30-07-2019 20:00,0
30-07-2019 21:00,0
30-07-2019 22:00,0
30-07-2019 23:00,0
31-07-2019 00:00,0
31-07-2019 01:00,0
31-07-2019 02:00,0
31-07-2019 03:00,0
31-07-2019 04:00,0
31-07-2019 05:00,0.006
31-07-2019 06:00,0.075
31-07-2019 07:00,0.254
31-07-2019 08:00,0.424
31-07-2019 09:00,0.554
31-07-2019 10:00,0.638
31-07-2019 11:00,0.679
31-07-2019 12:00,0.682
31-07-2019 13:00,0.619
31-07-2019 14:00,0.531
31-07-2019 15:00,0.431
31-07-2019 16:00,0.305
31-07-2019 17:00,0.142
31-07-2019 18:00,0.024
31-07-2019 19:00,0
31-07-2019 20:00,0
31-07-2019 21:00,0
31-07-2019 22:00,0
31-07-2019 23:00,0
01-08-2019 00:00,0
01-08-2019 01:00,0
01-08-2019 02:00,0
01-08-2019 03:00,0
01-08-2019 04:00,0
01-08-2019 05:00,0.005
01-08-2019 06:00,0.076
01-08-2019 07:00,0.231
01-08-2019 08:00,0.404
01-08-2019 09:00,0.543
01-08-2019 10:00,0.637
01-08-2019 11:00,0.685
01-08-2019 12:00,0.69
01-08-2019 13:00,0.656
01-08-2019 14:00,0.583
01-08-2019 15:00,0.469
01-08-2019 16:00,0.319
01-08-2019 17:00,0.147
01-08-2019 18:00,0.021
01-08-2019 19:00,0
01-08-2019 20:00,0
01-08-2019 21:00,0
01-08-2019 22:00,0
01-08-2019 23:00,0
02-08-2019 00:00,0
02-08-2019 01:00,0
02-08-2019 02:00,0
02-08-2019 03:00,0
02-08-2019 04:00,0
02-08-2019 05:00,0.003
02-08-2019 06:00,0.071
02-08-2019 07:00,0.26
02-08-2019 08:00,0.433
02-08-2019 09:00,0.565
02-08-2019 10:00,0.653
02-08-2019 11:00,0.698
02-08-2019 12:00,0.703
02-08-2019 13:00,0.669
02-08-2019 14:00,0.596
02-08-2019 15:00,0.481
02-08-2019 16:00,0.326
02-08-2019 17:00,0.149
02-08-2019 18:00,0.017
02-08-2019 19:00,0
02-08-2019 20:00,0
02-08-2019 21:00,0
02-08-2019 22:00,0
02-08-2019 23:00,0
03-08-2019 00:00,0
03-08-2019 01:00,0
03-08-2019 02:00,0
03-08-2019 03:00,0
03-08-2019 04:00,0
03-08-2019 05:00,0.003
03-08-2019 06:00,0.071
03-08-2019 07:00,0.259
03-08-2019 08:00,0.432
03-08-2019 09:00,0.562
03-08-2019 10:00,0.649
03-08-2019 11:00,0.694
03-08-2019 12:00,0.7
03-08-2019 13:00,0.666
03-08-2019 14:00,0.592
03-08-2019 15:00,0.475
03-08-2019 16:00,0.321
03-08-2019 17:00,0.146
03-08-2019 18:00,0.018
03-08-2019 19:00,0
03-08-2019 20:00,0
03-08-2019 21:00,0
03-08-2019 22:00,0
03-08-2019 23:00,0
04-08-2019 00:00,0
04-08-2019 01:00,0
04-08-2019 02:00,0
04-08-2019 03:00,0
04-08-2019 04:00,0
04-08-2019 05:00,0.002
04-08-2019 06:00,0.071
04-08-2019 07:00,0.259
04-08-2019 08:00,0.43
04-08-2019 09:00,0.56
04-08-2019 10:00,0.647
04-08-2019 11:00,0.691
04-08-2019 12:00,0.696
04-08-2019 13:00,0.661
04-08-2019 14:00,0.588
04-08-2019 15:00,0.473
04-08-2019 16:00,0.321
04-08-2019 17:00,0.146
04-08-2019 18:00,0.017
04-08-2019 19:00,0
04-08-2019 20:00,0
04-08-2019 21:00,0
04-08-2019 22:00,0
04-08-2019 23:00,0
05-08-2019 00:00,0
05-08-2019 01:00,0
05-08-2019 02:00,0
05-08-2019 03:00,0
05-08-2019 04:00,0
05-08-2019 05:00,0.002
05-08-2019 06:00,0.07
05-08-2019 07:00,0.262
05-08-2019 08:00,0.436
05-08-2019 09:00,0.566
05-08-2019 10:00,0.653
05-08-2019 11:00,0.698
05-08-2019 12:00,0.702
05-08-2019 13:00,0.666
05-08-2019 14:00,0.591
05-08-2019 15:00,0.474
05-08-2019 16:00,0.321
05-08-2019 17:00,0.145
05-08-2019 18:00,0.016
05-08-2019 19:00,0
05-08-2019 20:00,0
05-08-2019 21:00,0
05-08-2019 22:00,0
05-08-2019 23:00,0
06-08-2019 00:00,0
06-08-2019 01:00,0
06-08-2019 02:00,0
06-08-2019 03:00,0
06-08-2019 04:00,0
06-08-2019 05:00,0.001
06-08-2019 06:00,0.069
06-08-2019 07:00,0.265
06-08-2019 08:00,0.439
06-08-2019 09:00,0.573
06-08-2019 10:00,0.662
06-08-2019 11:00,0.706
06-08-2019 12:00,0.705
06-08-2019 13:00,0.648
06-08-2019 14:00,0.566
06-08-2019 15:00,0.475
06-08-2019 16:00,0.33
06-08-2019 17:00,0.148
06-08-2019 18:00,0.015
06-08-2019 19:00,0
06-08-2019 20:00,0
06-08-2019 21:00,0
06-08-2019 22:00,0
06-08-2019 23:00,0
07-08-2019 00:00,0
07-08-2019 01:00,0
07-08-2019 02:00,0
07-08-2019 03:00,0
07-08-2019 04:00,0
07-08-2019 05:00,0.002
07-08-2019 06:00,0.057
07-08-2019 07:00,0.12
07-08-2019 08:00,0.233
07-08-2019 09:00,0.422
07-08-2019 10:00,0.578
07-08-2019 11:00,0.641
07-08-2019 12:00,0.635
07-08-2019 13:00,0.557
07-08-2019 14:00,0.351
07-08-2019 15:00,0.181
07-08-2019 16:00,0.12
07-08-2019 17:00,0.066
07-08-2019 18:00,0.008
07-08-2019 19:00,0
07-08-2019 20:00,0
07-08-2019 21:00,0
07-08-2019 22:00,0
07-08-2019 23:00,0
08-08-2019 00:00,0
08-08-2019 01:00,0
08-08-2019 02:00,0
08-08-2019 03:00,0
08-08-2019 04:00,0
08-08-2019 05:00,0.001
08-08-2019 06:00,0.07
08-08-2019 07:00,0.25
08-08-2019 08:00,0.418
08-08-2019 09:00,0.551
08-08-2019 10:00,0.637
08-08-2019 11:00,0.688
08-08-2019 12:00,0.699
08-08-2019 13:00,0.665
08-08-2019 14:00,0.591
08-08-2019 15:00,0.476
08-08-2019 16:00,0.322
08-08-2019 17:00,0.145
08-08-2019 18:00,0.015
08-08-2019 19:00,0
08-08-2019 20:00,0
08-08-2019 21:00,0
08-08-2019 22:00,0
08-08-2019 23:00,0
09-08-2019 00:00,0
09-08-2019 01:00,0
09-08-2019 02:00,0
09-08-2019 03:00,0
09-08-2019 04:00,0
09-08-2019 05:00,0
09-08-2019 06:00,0.069
09-08-2019 07:00,0.26
09-08-2019 08:00,0.436
09-08-2019 09:00,0.568
09-08-2019 10:00,0.654
09-08-2019 11:00,0.697
09-08-2019 12:00,0.701
09-08-2019 13:00,0.666
09-08-2019 14:00,0.591
09-08-2019 15:00,0.474
09-08-2019 16:00,0.319
09-08-2019 17:00,0.143
09-08-2019 18:00,0.015
09-08-2019 19:00,0
09-08-2019 20:00,0
09-08-2019 21:00,0
09-08-2019 22:00,0
09-08-2019 23:00,0
10-08-2019 00:00,0
10-08-2019 01:00,0
10-08-2019 02:00,0
10-08-2019 03:00,0
10-08-2019 04:00,0
10-08-2019 05:00,0
10-08-2019 06:00,0.069
10-08-2019 07:00,0.253
10-08-2019 08:00,0.43
10-08-2019 09:00,0.568
10-08-2019 10:00,0.656
10-08-2019 11:00,0.699
10-08-2019 12:00,0.7
10-08-2019 13:00,0.663
10-08-2019 14:00,0.586
10-08-2019 15:00,0.468
10-08-2019 16:00,0.311
10-08-2019 17:00,0.137
10-08-2019 18:00,0.016
10-08-2019 19:00,0
10-08-2019 20:00,0
10-08-2019 21:00,0
10-08-2019 22:00,0
10-08-2019 23:00,0
11-08-2019 00:00,0
11-08-2019 01:00,0
11-08-2019 02:00,0
11-08-2019 03:00,0
11-08-2019 04:00,0
11-08-2019 05:00,0
11-08-2019 06:00,0.07
11-08-2019 07:00,0.255
11-08-2019 08:00,0.43
11-08-2019 09:00,0.565
11-08-2019 10:00,0.654
11-08-2019 11:00,0.701
11-08-2019 12:00,0.709
11-08-2019 13:00,0.674
11-08-2019 14:00,0.585
11-08-2019 15:00,0.409
11-08-2019 16:00,0.238
11-08-2019 17:00,0.106
11-08-2019 18:00,0.015
11-08-2019 19:00,0
11-08-2019 20:00,0
11-08-2019 21:00,0
11-08-2019 22:00,0
11-08-2019 23:00,0
12-08-2019 00:00,0
12-08-2019 01:00,0
12-08-2019 02:00,0
12-08-2019 03:00,0
12-08-2019 04:00,0
12-08-2019 05:00,0
12-08-2019 06:00,0.07
12-08-2019 07:00,0.264
12-08-2019 08:00,0.384
12-08-2019 09:00,0.51
12-08-2019 10:00,0.652
12-08-2019 11:00,0.724
12-08-2019 12:00,0.737
12-08-2019 13:00,0.703
12-08-2019 14:00,0.625
12-08-2019 15:00,0.503
12-08-2019 16:00,0.339
12-08-2019 17:00,0.149
12-08-2019 18:00,0.012
12-08-2019 19:00,0
12-08-2019 20:00,0
12-08-2019 21:00,0
12-08-2019 22:00,0
12-08-2019 23:00,0
13-08-2019 00:00,0
13-08-2019 01:00,0
13-08-2019 02:00,0
13-08-2019 03:00,0
13-08-2019 04:00,0
13-08-2019 05:00,0
13-08-2019 06:00,0.069
13-08-2019 07:00,0.24
13-08-2019 08:00,0.419
13-08-2019 09:00,0.564
13-08-2019 10:00,0.655
13-08-2019 11:00,0.697
13-08-2019 12:00,0.705
13-08-2019 13:00,0.673
13-08-2019 14:00,0.598
13-08-2019 15:00,0.477
13-08-2019 16:00,0.315
13-08-2019 17:00,0.134
13-08-2019 18:00,0.014
13-08-2019 19:00,0
13-08-2019 20:00,0
13-08-2019 21:00,0
13-08-2019 22:00,0
13-08-2019 23:00,0
14-08-2019 00:00,0
14-08-2019 01:00,0
14-08-2019 02:00,0
14-08-2019 03:00,0
14-08-2019 04:00,0
14-08-2019 05:00,0
14-08-2019 06:00,0.067
14-08-2019 07:00,0.246
14-08-2019 08:00,0.417
14-08-2019 09:00,0.564
14-08-2019 10:00,0.657
14-08-2019 11:00,0.703
14-08-2019 12:00,0.708
14-08-2019 13:00,0.673
14-08-2019 14:00,0.597
14-08-2019 15:00,0.48
14-08-2019 16:00,0.322
14-08-2019 17:00,0.141
14-08-2019 18:00,0.012
14-08-2019 19:00,0
14-08-2019 20:00,0
14-08-2019 21:00,0
14-08-2019 22:00,0
14-08-2019 23:00,0
15-08-2019 00:00,0
15-08-2019 01:00,0
15-08-2019 02:00,0
15-08-2019 03:00,0
15-08-2019 04:00,0
15-08-2019 05:00,0
15-08-2019 06:00,0.067
15-08-2019 07:00,0.257
15-08-2019 08:00,0.43
15-08-2019 09:00,0.563
15-08-2019 10:00,0.651
15-08-2019 11:00,0.697
15-08-2019 12:00,0.702
15-08-2019 13:00,0.668
15-08-2019 14:00,0.593
15-08-2019 15:00,0.475
15-08-2019 16:00,0.317
15-08-2019 17:00,0.136
15-08-2019 18:00,0.011
15-08-2019 19:00,0
15-08-2019 20:00,0
15-08-2019 21:00,0
15-08-2019 22:00,0
15-08-2019 23:00,0
16-08-2019 00:00,0
16-08-2019 01:00,0
16-08-2019 02:00,0
16-08-2019 03:00,0
16-08-2019 04:00,0
16-08-2019 05:00,0
16-08-2019 06:00,0.066
16-08-2019 07:00,0.252
16-08-2019 08:00,0.427
16-08-2019 09:00,0.558
16-08-2019 10:00,0.646
16-08-2019 11:00,0.691
16-08-2019 12:00,0.696
16-08-2019 13:00,0.661
16-08-2019 14:00,0.587
16-08-2019 15:00,0.47
16-08-2019 16:00,0.314
16-08-2019 17:00,0.135
16-08-2019 18:00,0.01
16-08-2019 19:00,0
16-08-2019 20:00,0
16-08-2019 21:00,0
16-08-2019 22:00,0
16-08-2019 23:00,0
17-08-2019 00:00,0
17-08-2019 01:00,0
17-08-2019 02:00,0
17-08-2019 03:00,0
17-08-2019 04:00,0
17-08-2019 05:00,0
17-08-2019 06:00,0.066
17-08-2019 07:00,0.253
17-08-2019 08:00,0.427
17-08-2019 09:00,0.558
17-08-2019 10:00,0.646
17-08-2019 11:00,0.692
17-08-2019 12:00,0.695
17-08-2019 13:00,0.66
17-08-2019 14:00,0.586
17-08-2019 15:00,0.468
17-08-2019 16:00,0.31
17-08-2019 17:00,0.132
17-08-2019 18:00,0.01
17-08-2019 19:00,0
17-08-2019 20:00,0
17-08-2019 21:00,0
17-08-2019 22:00,0
17-08-2019 23:00,0
18-08-2019 00:00,0
18-08-2019 01:00,0
18-08-2019 02:00,0
18-08-2019 03:00,0
18-08-2019 04:00,0
18-08-2019 05:00,0
18-08-2019 06:00,0.064
18-08-2019 07:00,0.255
18-08-2019 08:00,0.431
18-08-2019 09:00,0.563
18-08-2019 10:00,0.652
18-08-2019 11:00,0.698
18-08-2019 12:00,0.703
18-08-2019 13:00,0.669
18-08-2019 14:00,0.594
18-08-2019 15:00,0.476
18-08-2019 16:00,0.316
18-08-2019 17:00,0.135
18-08-2019 18:00,0.006
18-08-2019 19:00,0
18-08-2019 20:00,0
18-08-2019 21:00,0
18-08-2019 22:00,0
18-08-2019 23:00,0
19-08-2019 00:00,0
19-08-2019 01:00,0
19-08-2019 02:00,0
19-08-2019 03:00,0
19-08-2019 04:00,0
19-08-2019 05:00,0
19-08-2019 06:00,0.064
19-08-2019 07:00,0.244
19-08-2019 08:00,0.42
19-08-2019 09:00,0.558
19-08-2019 10:00,0.649
19-08-2019 11:00,0.695
19-08-2019 12:00,0.697
19-08-2019 13:00,0.654
19-08-2019 14:00,0.574
19-08-2019 15:00,0.464
19-08-2019 16:00,0.314
19-08-2019 17:00,0.133
19-08-2019 18:00,0.006
19-08-2019 19:00,0
19-08-2019 20:00,0
19-08-2019 21:00,0
19-08-2019 22:00,0
19-08-2019 23:00,0
20-08-2019 00:00,0
20-08-2019 01:00,0
20-08-2019 02:00,0
20-08-2019 03:00,0
20-08-2019 04:00,0
20-08-2019 05:00,0
20-08-2019 06:00,0.038
20-08-2019 07:00,0.172
20-08-2019 08:00,0.336
20-08-2019 09:00,0.483
20-08-2019 10:00,0.613
20-08-2019 11:00,0.687
20-08-2019 12:00,0.698
20-08-2019 13:00,0.667
20-08-2019 14:00,0.588
20-08-2019 15:00,0.468
20-08-2019 16:00,0.308
20-08-2019 17:00,0.128
20-08-2019 18:00,0.007
20-08-2019 19:00,0
20-08-2019 20:00,0
20-08-2019 21:00,0
20-08-2019 22:00,0
20-08-2019 23:00,0
21-08-2019 00:00,0
21-08-2019 01:00,0
21-08-2019 02:00,0
21-08-2019 03:00,0
21-08-2019 04:00,0
21-08-2019 05:00,0
21-08-2019 06:00,0.055
21-08-2019 07:00,0.188
21-08-2019 08:00,0.314
21-08-2019 09:00,0.377
21-08-2019 10:00,0.478
21-08-2019 11:00,0.528
21-08-2019 12:00,0.451
21-08-2019 13:00,0.355
21-08-2019 14:00,0.243
21-08-2019 15:00,0.177
21-08-2019 16:00,0.101
21-08-2019 17:00,0.044
21-08-2019 18:00,0.002
21-08-2019 19:00,0
21-08-2019 20:00,0
21-08-2019 21:00,0
21-08-2019 22:00,0
21-08-2019 23:00,0
22-08-2019 00:00,0
22-08-2019 01:00,0
22-08-2019 02:00,0
22-08-2019 03:00,0
22-08-2019 04:00,0
22-08-2019 05:00,0
22-08-2019 06:00,0.061
22-08-2019 07:00,0.248
22-08-2019 08:00,0.429
22-08-2019 09:00,0.568
22-08-2019 10:00,0.661
22-08-2019 11:00,0.708
22-08-2019 12:00,0.715
22-08-2019 13:00,0.68
22-08-2019 14:00,0.603
22-08-2019 15:00,0.482
22-08-2019 16:00,0.319
22-08-2019 17:00,0.132
22-08-2019 18:00,0.004
22-08-2019 19:00,0
22-08-2019 20:00,0
22-08-2019 21:00,0
22-08-2019 22:00,0
22-08-2019 23:00,0
23-08-2019 00:00,0
23-08-2019 01:00,0
23-08-2019 02:00,0
23-08-2019 03:00,0
23-08-2019 04:00,0
23-08-2019 05:00,0
23-08-2019 06:00,0.063
23-08-2019 07:00,0.257
23-08-2019 08:00,0.439
23-08-2019 09:00,0.578
23-08-2019 10:00,0.668
23-08-2019 11:00,0.715
23-08-2019 12:00,0.721
23-08-2019 13:00,0.684
23-08-2019 14:00,0.606
23-08-2019 15:00,0.484
23-08-2019 16:00,0.32
23-08-2019 17:00,0.131
23-08-2019 18:00,0.003
23-08-2019 19:00,0
23-08-2019 20:00,0
23-08-2019 21:00,0
23-08-2019 22:00,0
23-08-2019 23:00,0
24-08-2019 00:00,0
24-08-2019 01:00,0
24-08-2019 02:00,0
24-08-2019 03:00,0
24-08-2019 04:00,0
24-08-2019 05:00,0
24-08-2019 06:00,0.062
24-08-2019 07:00,0.255
24-08-2019 08:00,0.437
24-08-2019 09:00,0.575
24-08-2019 10:00,0.666
24-08-2019 11:00,0.711
24-08-2019 12:00,0.714
24-08-2019 13:00,0.678
24-08-2019 14:00,0.6
24-08-2019 15:00,0.477
24-08-2019 16:00,0.313
24-08-2019 17:00,0.127
24-08-2019 18:00,0.003
24-08-2019 19:00,0
24-08-2019 20:00,0
24-08-2019 21:00,0
24-08-2019 22:00,0
24-08-2019 23:00,0
25-08-2019 00:00,0
25-08-2019 01:00,0
25-08-2019 02:00,0
25-08-2019 03:00,0
25-08-2019 04:00,0
25-08-2019 05:00,0
25-08-2019 06:00,0.061
25-08-2019 07:00,0.245
25-08-2019 08:00,0.425
25-08-2019 09:00,0.564
25-08-2019 10:00,0.657
25-08-2019 11:00,0.705
25-08-2019 12:00,0.712
25-08-2019 13:00,0.677
25-08-2019 14:00,0.6
25-08-2019 15:00,0.479
25-08-2019 16:00,0.313
25-08-2019 17:00,0.126
25-08-2019 18:00,0.003
25-08-2019 19:00,0
25-08-2019 20:00,0
25-08-2019 21:00,0
25-08-2019 22:00,0
25-08-2019 23:00,0
26-08-2019 00:00,0
26-08-2019 01:00,0
26-08-2019 02:00,0
26-08-2019 03:00,0
26-08-2019 04:00,0
26-08-2019 05:00,0
26-08-2019 06:00,0.053
26-08-2019 07:00,0.166
26-08-2019 08:00,0.234
26-08-2019 09:00,0.292
26-08-2019 10:00,0.302
26-08-2019 11:00,0.305
26-08-2019 12:00,0.333
26-08-2019 13:00,0.304
26-08-2019 14:00,0.193
26-08-2019 15:00,0.119
26-08-2019 16:00,0.067
26-08-2019 17:00,0.022
26-08-2019 18:00,0
26-08-2019 19:00,0
26-08-2019 20:00,0
26-08-2019 21:00,0
26-08-2019 22:00,0
26-08-2019 23:00,0
27-08-2019 00:00,0
27-08-2019 01:00,0
27-08-2019 02:00,0
27-08-2019 03:00,0
27-08-2019 04:00,0
27-08-2019 05:00,0
27-08-2019 06:00,0.033
27-08-2019 07:00,0.123
27-08-2019 08:00,0.193
27-08-2019 09:00,0.279
27-08-2019 10:00,0.372
27-08-2019 11:00,0.507
27-08-2019 12:00,0.599
27-08-2019 13:00,0.617
27-08-2019 14:00,0.525
27-08-2019 15:00,0.424
27-08-2019 16:00,0.284
27-08-2019 17:00,0.118
27-08-2019 18:00,0.004
27-08-2019 19:00,0
27-08-2019 20:00,0
27-08-2019 21:00,0
27-08-2019 22:00,0
27-08-2019 23:00,0
28-08-2019 00:00,0
28-08-2019 01:00,0
28-08-2019 02:00,0
28-08-2019 03:00,0
28-08-2019 04:00,0
28-08-2019 05:00,0
28-08-2019 06:00,0.06
28-08-2019 07:00,0.251
28-08-2019 08:00,0.432
28-08-2019 09:00,0.572
28-08-2019 10:00,0.666
28-08-2019 11:00,0.715
28-08-2019 12:00,0.721
28-08-2019 13:00,0.685
28-08-2019 14:00,0.605
28-08-2019 15:00,0.478
28-08-2019 16:00,0.311
28-08-2019 17:00,0.122
28-08-2019 18:00,0.001
28-08-2019 19:00,0
28-08-2019 20:00,0
28-08-2019 21:00,0
28-08-2019 22:00,0
28-08-2019 23:00,0
29-08-2019 00:00,0
29-08-2019 01:00,0
29-08-2019 02:00,0
29-08-2019 03:00,0
29-08-2019 04:00,0
29-08-2019 05:00,0
29-08-2019 06:00,0.016
29-08-2019 07:00,0.071
29-08-2019 08:00,0.189
29-08-2019 09:00,0.364
29-08-2019 10:00,0.487
29-08-2019 11:00,0.527
29-08-2019 12:00,0.509
29-08-2019 13:00,0.444
29-08-2019 14:00,0.402
29-08-2019 15:00,0.352
29-08-2019 16:00,0.268
29-08-2019 17:00,0.116
29-08-2019 18:00,0.002
29-08-2019 19:00,0
29-08-2019 20:00,0
29-08-2019 21:00,0
29-08-2019 22:00,0
29-08-2019 23:00,0
30-08-2019 00:00,0
30-08-2019 01:00,0
30-08-2019 02:00,0
30-08-2019 03:00,0
30-08-2019 04:00,0
30-08-2019 05:00,0
30-08-2019 06:00,0.056
30-08-2019 07:00,0.237
30-08-2019 08:00,0.417
30-08-2019 09:00,0.552
30-08-2019 10:00,0.644
30-08-2019 11:00,0.692
30-08-2019 12:00,0.7
30-08-2019 13:00,0.662
30-08-2019 14:00,0.58
30-08-2019 15:00,0.446
30-08-2019 16:00,0.256
30-08-2019 17:00,0.102
30-08-2019 18:00,0.001
30-08-2019 19:00,0
30-08-2019 20:00,0
30-08-2019 21:00,0
30-08-2019 22:00,0
30-08-2019 23:00,0
31-08-2019 00:00,0
31-08-2019 01:00,0
31-08-2019 02:00,0
31-08-2019 03:00,0
31-08-2019 04:00,0
31-08-2019 05:00,0
31-08-2019 06:00,0.052
31-08-2019 07:00,0.217
31-08-2019 08:00,0.391
31-08-2019 09:00,0.537
31-08-2019 10:00,0.643
31-08-2019 11:00,0.695
31-08-2019 12:00,0.704
31-08-2019 13:00,0.659
31-08-2019 14:00,0.562
31-08-2019 15:00,0.438
31-08-2019 16:00,0.27
31-08-2019 17:00,0.103
31-08-2019 18:00,0
31-08-2019 19:00,0
31-08-2019 20:00,0
31-08-2019 21:00,0
31-08-2019 22:00,0
31-08-2019 23:00,0
01-09-2019 00:00,0
01-09-2019 01:00,0
01-09-2019 02:00,0
01-09-2019 03:00,0
01-09-2019 04:00,0
01-09-2019 05:00,0
01-09-2019 06:00,0.055
01-09-2019 07:00,0.238
01-09-2019 08:00,0.418
01-09-2019 09:00,0.551
01-09-2019 10:00,0.641
01-09-2019 11:00,0.687
01-09-2019 12:00,0.671
01-09-2019 13:00,0.621
01-09-2019 14:00,0.512
01-09-2019 15:00,0.344
01-09-2019 16:00,0.168
01-09-2019 17:00,0.047
01-09-2019 18:00,0
01-09-2019 19:00,0
01-09-2019 20:00,0
01-09-2019 21:00,0
01-09-2019 22:00,0
01-09-2019 23:00,0
02-09-2019 00:00,0
02-09-2019 01:00,0
02-09-2019 02:00,0
02-09-2019 03:00,0
02-09-2019 04:00,0
02-09-2019 05:00,0
02-09-2019 06:00,0.032
02-09-2019 07:00,0.142
02-09-2019 08:00,0.295
02-09-2019 09:00,0.454
02-09-2019 10:00,0.572
02-09-2019 11:00,0.625
02-09-2019 12:00,0.631
02-09-2019 13:00,0.579
02-09-2019 14:00,0.507
02-09-2019 15:00,0.393
02-09-2019 16:00,0.221
02-09-2019 17:00,0.075
02-09-2019 18:00,0
02-09-2019 19:00,0
02-09-2019 20:00,0
02-09-2019 21:00,0
02-09-2019 22:00,0
02-09-2019 23:00,0
03-09-2019 00:00,0
03-09-2019 01:00,0
03-09-2019 02:00,0
03-09-2019 03:00,0
03-09-2019 04:00,0
03-09-2019 05:00,0
03-09-2019 06:00,0.041
03-09-2019 07:00,0.189
03-09-2019 08:00,0.38
03-09-2019 09:00,0.546
03-09-2019 10:00,0.647
03-09-2019 11:00,0.694
03-09-2019 12:00,0.703
03-09-2019 13:00,0.64
03-09-2019 14:00,0.577
03-09-2019 15:00,0.451
03-09-2019 16:00,0.272
03-09-2019 17:00,0.096
03-09-2019 18:00,0
03-09-2019 19:00,0
03-09-2019 20:00,0
03-09-2019 21:00,0
03-09-2019 22:00,0
03-09-2019 23:00,0
04-09-2019 00:00,0
04-09-2019 01:00,0
04-09-2019 02:00,0
04-09-2019 03:00,0
04-09-2019 04:00,0
04-09-2019 05:00,0
04-09-2019 06:00,0.049
04-09-2019 07:00,0.229
04-09-2019 08:00,0.413
04-09-2019 09:00,0.557
04-09-2019 10:00,0.651
04-09-2019 11:00,0.699
04-09-2019 12:00,0.706
04-09-2019 13:00,0.67
04-09-2019 14:00,0.591
04-09-2019 15:00,0.467
04-09-2019 16:00,0.3
04-09-2019 17:00,0.109
04-09-2019 18:00,0
04-09-2019 19:00,0
04-09-2019 20:00,0
04-09-2019 21:00,0
04-09-2019 22:00,0
04-09-2019 23:00,0
05-09-2019 00:00,0
05-09-2019 01:00,0
05-09-2019 02:00,0
05-09-2019 03:00,0
05-09-2019 04:00,0
05-09-2019 05:00,0
05-09-2019 06:00,0.047
05-09-2019 07:00,0.216
05-09-2019 08:00,0.395
05-09-2019 09:00,0.557
05-09-2019 10:00,0.665
05-09-2019 11:00,0.707
05-09-2019 12:00,0.714
05-09-2019 13:00,0.682
05-09-2019 14:00,0.607
05-09-2019 15:00,0.482
05-09-2019 16:00,0.313
05-09-2019 17:00,0.116
05-09-2019 18:00,0
05-09-2019 19:00,0
05-09-2019 20:00,0
05-09-2019 21:00,0
05-09-2019 22:00,0
05-09-2019 23:00,0
06-09-2019 00:00,0
06-09-2019 01:00,0
06-09-2019 02:00,0
06-09-2019 03:00,0
06-09-2019 04:00,0
06-09-2019 05:00,0
06-09-2019 06:00,0.045
06-09-2019 07:00,0.221
06-09-2019 08:00,0.423
06-09-2019 09:00,0.571
06-09-2019 10:00,0.672
06-09-2019 11:00,0.72
06-09-2019 12:00,0.726
06-09-2019 13:00,0.689
06-09-2019 14:00,0.608
06-09-2019 15:00,0.48
06-09-2019 16:00,0.307
06-09-2019 17:00,0.111
06-09-2019 18:00,0
06-09-2019 19:00,0
06-09-2019 20:00,0
06-09-2019 21:00,0
06-09-2019 22:00,0
06-09-2019 23:00,0
07-09-2019 00:00,0
07-09-2019 01:00,0
07-09-2019 02:00,0
07-09-2019 03:00,0
07-09-2019 04:00,0
07-09-2019 05:00,0
07-09-2019 06:00,0.04
07-09-2019 07:00,0.203
07-09-2019 08:00,0.377
07-09-2019 09:00,0.544
07-09-2019 10:00,0.649
07-09-2019 11:00,0.694
07-09-2019 12:00,0.702
07-09-2019 13:00,0.648
07-09-2019 14:00,0.526
07-09-2019 15:00,0.429
07-09-2019 16:00,0.259
07-09-2019 17:00,0.081
07-09-2019 18:00,0
07-09-2019 19:00,0
07-09-2019 20:00,0
07-09-2019 21:00,0
07-09-2019 22:00,0
07-09-2019 23:00,0
08-09-2019 00:00,0
08-09-2019 01:00,0
08-09-2019 02:00,0
08-09-2019 03:00,0
08-09-2019 04:00,0
08-09-2019 05:00,0
08-09-2019 06:00,0.029
08-09-2019 07:00,0.16
08-09-2019 08:00,0.304
08-09-2019 09:00,0.369
08-09-2019 10:00,0.427
08-09-2019 11:00,0.454
08-09-2019 12:00,0.422
08-09-2019 13:00,0.375
08-09-2019 14:00,0.31
08-09-2019 15:00,0.233
08-09-2019 16:00,0.142
08-09-2019 17:00,0.052
08-09-2019 18:00,0
08-09-2019 19:00,0
08-09-2019 20:00,0
08-09-2019 21:00,0
08-09-2019 22:00,0
08-09-2019 23:00,0
09-09-2019 00:00,0
09-09-2019 01:00,0
09-09-2019 02:00,0
09-09-2019 03:00,0
09-09-2019 04:00,0
09-09-2019 05:00,0
09-09-2019 06:00,0.037
09-09-2019 07:00,0.216
09-09-2019 08:00,0.415
09-09-2019 09:00,0.565
09-09-2019 10:00,0.666
09-09-2019 11:00,0.718
09-09-2019 12:00,0.725
09-09-2019 13:00,0.689
09-09-2019 14:00,0.609
09-09-2019 15:00,0.482
09-09-2019 16:00,0.307
09-09-2019 17:00,0.107
09-09-2019 18:00,0
09-09-2019 19:00,0
09-09-2019 20:00,0
09-09-2019 21:00,0
09-09-2019 22:00,0
09-09-2019 23:00,0
10-09-2019 00:00,0
10-09-2019 01:00,0
10-09-2019 02:00,0
10-09-2019 03:00,0
10-09-2019 04:00,0
10-09-2019 05:00,0
10-09-2019 06:00,0.048
10-09-2019 07:00,0.249
10-09-2019 08:00,0.449
10-09-2019 09:00,0.576
10-09-2019 10:00,0.705
10-09-2019 11:00,0.77
10-09-2019 12:00,0.768
10-09-2019 13:00,0.698
10-09-2019 14:00,0.559
10-09-2019 15:00,0.4
10-09-2019 16:00,0.223
10-09-2019 17:00,0.074
10-09-2019 18:00,0
10-09-2019 19:00,0
10-09-2019 20:00,0
10-09-2019 21:00,0
10-09-2019 22:00,0
10-09-2019 23:00,0
11-09-2019 00:00,0
11-09-2019 01:00,0
11-09-2019 02:00,0
11-09-2019 03:00,0
11-09-2019 04:00,0
11-09-2019 05:00,0
11-09-2019 06:00,0.042
11-09-2019 07:00,0.204
11-09-2019 08:00,0.354
11-09-2019 09:00,0.476
11-09-2019 10:00,0.549
11-09-2019 11:00,0.62
11-09-2019 12:00,0.591
11-09-2019 13:00,0.55
11-09-2019 14:00,0.459
11-09-2019 15:00,0.337
11-09-2019 16:00,0.187
11-09-2019 17:00,0.072
11-09-2019 18:00,0
11-09-2019 19:00,0
11-09-2019 20:00,0
11-09-2019 21:00,0
11-09-2019 22:00,0
11-09-2019 23:00,0
12-09-2019 00:00,0
12-09-2019 01:00,0
12-09-2019 02:00,0
12-09-2019 03:00,0
12-09-2019 04:00,0
12-09-2019 05:00,0
12-09-2019 06:00,0.02
12-09-2019 07:00,0.165
12-09-2019 08:00,0.391
12-09-2019 09:00,0.491
12-09-2019 10:00,0.491
12-09-2019 11:00,0.468
12-09-2019 12:00,0.58
12-09-2019 13:00,0.634
12-09-2019 14:00,0.532
12-09-2019 15:00,0.416
12-09-2019 16:00,0.258
12-09-2019 17:00,0.087
12-09-2019 18:00,0
12-09-2019 19:00,0
12-09-2019 20:00,0
12-09-2019 21:00,0
12-09-2019 22:00,0
12-09-2019 23:00,0
13-09-2019 00:00,0
13-09-2019 01:00,0
13-09-2019 02:00,0
13-09-2019 03:00,0
13-09-2019 04:00,0
13-09-2019 05:00,0
13-09-2019 06:00,0.012
13-09-2019 07:00,0.069
13-09-2019 08:00,0.151
13-09-2019 09:00,0.294
13-09-2019 10:00,0.33
13-09-2019 11:00,0.409
13-09-2019 12:00,0.487
13-09-2019 13:00,0.351
13-09-2019 14:00,0.2
13-09-2019 15:00,0.121
13-09-2019 16:00,0.047
13-09-2019 17:00,0.012
13-09-2019 18:00,0
13-09-2019 19:00,0
13-09-2019 20:00,0
13-09-2019 21:00,0
13-09-2019 22:00,0
13-09-2019 23:00,0
14-09-2019 00:00,0
14-09-2019 01:00,0
14-09-2019 02:00,0
14-09-2019 03:00,0
14-09-2019 04:00,0
14-09-2019 05:00,0
14-09-2019 06:00,0.005
14-09-2019 07:00,0.05
14-09-2019 08:00,0.158
14-09-2019 09:00,0.302
14-09-2019 10:00,0.409
14-09-2019 11:00,0.4
14-09-2019 12:00,0.317
14-09-2019 13:00,0.273
14-09-2019 14:00,0.235
14-09-2019 15:00,0.17
14-09-2019 16:00,0.119
14-09-2019 17:00,0.04
14-09-2019 18:00,0
14-09-2019 19:00,0
14-09-2019 20:00,0
14-09-2019 21:00,0
14-09-2019 22:00,0
14-09-2019 23:00,0
15-09-2019 00:00,0
15-09-2019 01:00,0
15-09-2019 02:00,0
15-09-2019 03:00,0
15-09-2019 04:00,0
15-09-2019 05:00,0
15-09-2019 06:00,0.018
15-09-2019 07:00,0.148
15-09-2019 08:00,0.319
15-09-2019 09:00,0.429
15-09-2019 10:00,0.535
15-09-2019 11:00,0.552
15-09-2019 12:00,0.557
15-09-2019 13:00,0.479
15-09-2019 14:00,0.406
15-09-2019 15:00,0.269
15-09-2019 16:00,0.159
15-09-2019 17:00,0.047
15-09-2019 18:00,0
15-09-2019 19:00,0
15-09-2019 20:00,0
15-09-2019 21:00,0
15-09-2019 22:00,0
15-09-2019 23:00,0
16-09-2019 00:00,0
16-09-2019 01:00,0
16-09-2019 02:00,0
16-09-2019 03:00,0
16-09-2019 04:00,0
16-09-2019 05:00,0
16-09-2019 06:00,0.03
16-09-2019 07:00,0.207
16-09-2019 08:00,0.408
16-09-2019 09:00,0.558
16-09-2019 10:00,0.656
16-09-2019 11:00,0.699
16-09-2019 12:00,0.68
16-09-2019 13:00,0.637
16-09-2019 14:00,0.537
16-09-2019 15:00,0.416
16-09-2019 16:00,0.233
16-09-2019 17:00,0.068
16-09-2019 18:00,0
16-09-2019 19:00,0
16-09-2019 20:00,0
16-09-2019 21:00,0
16-09-2019 22:00,0
16-09-2019 23:00,0
17-09-2019 00:00,0
17-09-2019 01:00,0
17-09-2019 02:00,0
17-09-2019 03:00,0
17-09-2019 04:00,0
17-09-2019 05:00,0
17-09-2019 06:00,0.028
17-09-2019 07:00,0.21
17-09-2019 08:00,0.367
17-09-2019 09:00,0.491
17-09-2019 10:00,0.617
17-09-2019 11:00,0.695
17-09-2019 12:00,0.706
17-09-2019 13:00,0.66
17-09-2019 14:00,0.561
17-09-2019 15:00,0.408
17-09-2019 16:00,0.226
17-09-2019 17:00,0.046
17-09-2019 18:00,0
17-09-2019 19:00,0
17-09-2019 20:00,0
17-09-2019 21:00,0
17-09-2019 22:00,0
17-09-2019 23:00,0
18-09-2019 00:00,0
18-09-2019 01:00,0
18-09-2019 02:00,0
18-09-2019 03:00,0
18-09-2019 04:00,0
18-09-2019 05:00,0
18-09-2019 06:00,0.028
18-09-2019 07:00,0.21
18-09-2019 08:00,0.404
18-09-2019 09:00,0.545
18-09-2019 10:00,0.624
18-09-2019 11:00,0.673
18-09-2019 12:00,0.681
18-09-2019 13:00,0.642
18-09-2019 14:00,0.573
18-09-2019 15:00,0.429
18-09-2019 16:00,0.254
18-09-2019 17:00,0.061
18-09-2019 18:00,0
18-09-2019 19:00,0
18-09-2019 20:00,0
18-09-2019 21:00,0
18-09-2019 22:00,0
18-09-2019 23:00,0
19-09-2019 00:00,0
19-09-2019 01:00,0
19-09-2019 02:00,0
19-09-2019 03:00,0
19-09-2019 04:00,0
19-09-2019 05:00,0
19-09-2019 06:00,0.022
19-09-2019 07:00,0.174
19-09-2019 08:00,0.34
19-09-2019 09:00,0.493
19-09-2019 10:00,0.584
19-09-2019 11:00,0.658
19-09-2019 12:00,0.681
19-09-2019 13:00,0.647
19-09-2019 14:00,0.562
19-09-2019 15:00,0.424
19-09-2019 16:00,0.225
19-09-2019 17:00,0.051
19-09-2019 18:00,0
19-09-2019 19:00,0
19-09-2019 20:00,0
19-09-2019 21:00,0
19-09-2019 22:00,0
19-09-2019 23:00,0
20-09-2019 00:00,0
20-09-2019 01:00,0
20-09-2019 02:00,0
20-09-2019 03:00,0
20-09-2019 04:00,0
20-09-2019 05:00,0
20-09-2019 06:00,0.007
20-09-2019 07:00,0.103
20-09-2019 08:00,0.265
20-09-2019 09:00,0.319
20-09-2019 10:00,0.302
20-09-2019 11:00,0.285
20-09-2019 12:00,0.273
20-09-2019 13:00,0.254
20-09-2019 14:00,0.199
20-09-2019 15:00,0.109
20-09-2019 16:00,0.042
20-09-2019 17:00,0.003
20-09-2019 18:00,0
20-09-2019 19:00,0
20-09-2019 20:00,0
20-09-2019 21:00,0
20-09-2019 22:00,0
20-09-2019 23:00,0
21-09-2019 00:00,0
21-09-2019 01:00,0
21-09-2019 02:00,0
21-09-2019 03:00,0
21-09-2019 04:00,0
21-09-2019 05:00,0
21-09-2019 06:00,0.017
21-09-2019 07:00,0.177
21-09-2019 08:00,0.384
21-09-2019 09:00,0.525
21-09-2019 10:00,0.621
21-09-2019 11:00,0.607
21-09-2019 12:00,0.37
21-09-2019 13:00,0.187
21-09-2019 14:00,0.152
21-09-2019 15:00,0.118
21-09-2019 16:00,0.078
21-09-2019 17:00,0.027
21-09-2019 18:00,0
21-09-2019 19:00,0
21-09-2019 20:00,0
21-09-2019 21:00,0
21-09-2019 22:00,0
21-09-2019 23:00,0
22-09-2019 00:00,0
22-09-2019 01:00,0
22-09-2019 02:00,0
22-09-2019 03:00,0
22-09-2019 04:00,0
22-09-2019 05:00,0
22-09-2019 06:00,0.011
22-09-2019 07:00,0.124
22-09-2019 08:00,0.349
22-09-2019 09:00,0.501
22-09-2019 10:00,0.584
22-09-2019 11:00,0.635
22-09-2019 12:00,0.615
22-09-2019 13:00,0.569
22-09-2019 14:00,0.427
22-09-2019 15:00,0.396
22-09-2019 16:00,0.262
22-09-2019 17:00,0.073
22-09-2019 18:00,0
22-09-2019 19:00,0
22-09-2019 20:00,0
22-09-2019 21:00,0
22-09-2019 22:00,0
22-09-2019 23:00,0
23-09-2019 00:00,0
23-09-2019 01:00,0
23-09-2019 02:00,0
23-09-2019 03:00,0
23-09-2019 04:00,0
23-09-2019 05:00,0
23-09-2019 06:00,0.01
23-09-2019 07:00,0.125
23-09-2019 08:00,0.283
23-09-2019 09:00,0.396
23-09-2019 10:00,0.494
23-09-2019 11:00,0.635
23-09-2019 12:00,0.702
23-09-2019 13:00,0.649
23-09-2019 14:00,0.427
23-09-2019 15:00,0.27
23-09-2019 16:00,0.202
23-09-2019 17:00,0.056
23-09-2019 18:00,0
23-09-2019 19:00,0
23-09-2019 20:00,0
23-09-2019 21:00,0
23-09-2019 22:00,0
23-09-2019 23:00,0
24-09-2019 00:00,0
24-09-2019 01:00,0
24-09-2019 02:00,0
24-09-2019 03:00,0
24-09-2019 04:00,0
24-09-2019 05:00,0
24-09-2019 06:00,0.026
24-09-2019 07:00,0.229
24-09-2019 08:00,0.439
24-09-2019 09:00,0.592
24-09-2019 10:00,0.691
24-09-2019 11:00,0.74
24-09-2019 12:00,0.744
24-09-2019 13:00,0.703
24-09-2019 14:00,0.618
24-09-2019 15:00,0.483
24-09-2019 16:00,0.298
24-09-2019 17:00,0.085
24-09-2019 18:00,0
24-09-2019 19:00,0
24-09-2019 20:00,0
24-09-2019 21:00,0
24-09-2019 22:00,0
24-09-2019 23:00,0
25-09-2019 00:00,0
25-09-2019 01:00,0
25-09-2019 02:00,0
25-09-2019 03:00,0
25-09-2019 04:00,0
25-09-2019 05:00,0
25-09-2019 06:00,0.015
25-09-2019 07:00,0.183
25-09-2019 08:00,0.424
25-09-2019 09:00,0.583
25-09-2019 10:00,0.686
25-09-2019 11:00,0.738
25-09-2019 12:00,0.743
25-09-2019 13:00,0.704
25-09-2019 14:00,0.618
25-09-2019 15:00,0.483
25-09-2019 16:00,0.297
25-09-2019 17:00,0.085
25-09-2019 18:00,0
25-09-2019 19:00,0
25-09-2019 20:00,0
25-09-2019 21:00,0
25-09-2019 22:00,0
25-09-2019 23:00,0
26-09-2019 00:00,0
26-09-2019 01:00,0
26-09-2019 02:00,0
26-09-2019 03:00,0
26-09-2019 04:00,0
26-09-2019 05:00,0
26-09-2019 06:00,0.022
26-09-2019 07:00,0.216
26-09-2019 08:00,0.418
26-09-2019 09:00,0.566
26-09-2019 10:00,0.664
26-09-2019 11:00,0.714
26-09-2019 12:00,0.721
26-09-2019 13:00,0.682
26-09-2019 14:00,0.598
26-09-2019 15:00,0.465
26-09-2019 16:00,0.284
26-09-2019 17:00,0.079
26-09-2019 18:00,0
26-09-2019 19:00,0
26-09-2019 20:00,0
26-09-2019 21:00,0
26-09-2019 22:00,0
26-09-2019 23:00,0
27-09-2019 00:00,0
27-09-2019 01:00,0
27-09-2019 02:00,0
27-09-2019 03:00,0
27-09-2019 04:00,0
27-09-2019 05:00,0
27-09-2019 06:00,0.021
27-09-2019 07:00,0.219
27-09-2019 08:00,0.426
27-09-2019 09:00,0.574
27-09-2019 10:00,0.672
27-09-2019 11:00,0.722
27-09-2019 12:00,0.727
27-09-2019 13:00,0.689
27-09-2019 14:00,0.604
27-09-2019 15:00,0.47
27-09-2019 16:00,0.286
27-09-2019 17:00,0.078
27-09-2019 18:00,0
27-09-2019 19:00,0
27-09-2019 20:00,0
27-09-2019 21:00,0
27-09-2019 22:00,0
27-09-2019 23:00,0
28-09-2019 00:00,0
28-09-2019 01:00,0
28-09-2019 02:00,0
28-09-2019 03:00,0
28-09-2019 04:00,0
28-09-2019 05:00,0
28-09-2019 06:00,0.019
28-09-2019 07:00,0.22
28-09-2019 08:00,0.431
28-09-2019 09:00,0.582
28-09-2019 10:00,0.677
28-09-2019 11:00,0.727
28-09-2019 12:00,0.732
28-09-2019 13:00,0.691
28-09-2019 14:00,0.603
28-09-2019 15:00,0.465
28-09-2019 16:00,0.278
28-09-2019 17:00,0.073
28-09-2019 18:00,0
28-09-2019 19:00,0
28-09-2019 20:00,0
28-09-2019 21:00,0
28-09-2019 22:00,0
28-09-2019 23:00,0
29-09-2019 00:00,0
29-09-2019 01:00,0
29-09-2019 02:00,0
29-09-2019 03:00,0
29-09-2019 04:00,0
29-09-2019 05:00,0
29-09-2019 06:00,0.017
29-09-2019 07:00,0.215
29-09-2019 08:00,0.427
29-09-2019 09:00,0.581
29-09-2019 10:00,0.675
29-09-2019 11:00,0.724
29-09-2019 12:00,0.73
29-09-2019 13:00,0.692
29-09-2019 14:00,0.607
29-09-2019 15:00,0.473
29-09-2019 16:00,0.289
29-09-2019 17:00,0.078
29-09-2019 18:00,0
29-09-2019 19:00,0
29-09-2019 20:00,0
29-09-2019 21:00,0
29-09-2019 22:00,0
29-09-2019 23:00,0
30-09-2019 00:00,0
30-09-2019 01:00,0
30-09-2019 02:00,0
30-09-2019 03:00,0
30-09-2019 04:00,0
30-09-2019 05:00,0
30-09-2019 06:00,0.016
30-09-2019 07:00,0.215
30-09-2019 08:00,0.426
30-09-2019 09:00,0.58
30-09-2019 10:00,0.674
30-09-2019 11:00,0.723
30-09-2019 12:00,0.728
30-09-2019 13:00,0.689
30-09-2019 14:00,0.603
30-09-2019 15:00,0.457
30-09-2019 16:00,0.242
30-09-2019 17:00,0.059
30-09-2019 18:00,0
30-09-2019 19:00,0
30-09-2019 20:00,0
30-09-2019 21:00,0
30-09-2019 22:00,0
30-09-2019 23:00,0
01-10-2019 00:00,0
01-10-2019 01:00,0
01-10-2019 02:00,0
01-10-2019 03:00,0
01-10-2019 04:00,0
01-10-2019 05:00,0
01-10-2019 06:00,0.008
01-10-2019 07:00,0.188
01-10-2019 08:00,0.408
01-10-2019 09:00,0.568
01-10-2019 10:00,0.668
01-10-2019 11:00,0.72
01-10-2019 12:00,0.728
01-10-2019 13:00,0.689
01-10-2019 14:00,0.601
01-10-2019 15:00,0.451
01-10-2019 16:00,0.225
01-10-2019 17:00,0.065
01-10-2019 18:00,0
01-10-2019 19:00,0
01-10-2019 20:00,0
01-10-2019 21:00,0
01-10-2019 22:00,0
01-10-2019 23:00,0
02-10-2019 00:00,0
02-10-2019 01:00,0
02-10-2019 02:00,0
02-10-2019 03:00,0
02-10-2019 04:00,0
02-10-2019 05:00,0
02-10-2019 06:00,0.012
02-10-2019 07:00,0.182
02-10-2019 08:00,0.361
02-10-2019 09:00,0.391
02-10-2019 10:00,0.608
02-10-2019 11:00,0.741
02-10-2019 12:00,0.75
02-10-2019 13:00,0.708
02-10-2019 14:00,0.619
02-10-2019 15:00,0.472
02-10-2019 16:00,0.277
02-10-2019 17:00,0.06
02-10-2019 18:00,0
02-10-2019 19:00,0
02-10-2019 20:00,0
02-10-2019 21:00,0
02-10-2019 22:00,0
02-10-2019 23:00,0
03-10-2019 00:00,0
03-10-2019 01:00,0
03-10-2019 02:00,0
03-10-2019 03:00,0
03-10-2019 04:00,0
03-10-2019 05:00,0
03-10-2019 06:00,0.005
03-10-2019 07:00,0.16
03-10-2019 08:00,0.382
03-10-2019 09:00,0.544
03-10-2019 10:00,0.655
03-10-2019 11:00,0.728
03-10-2019 12:00,0.746
03-10-2019 13:00,0.709
03-10-2019 14:00,0.622
03-10-2019 15:00,0.483
03-10-2019 16:00,0.293
03-10-2019 17:00,0.068
03-10-2019 18:00,0
03-10-2019 19:00,0
03-10-2019 20:00,0
03-10-2019 21:00,0
03-10-2019 22:00,0
03-10-2019 23:00,0
04-10-2019 00:00,0
04-10-2019 01:00,0
04-10-2019 02:00,0
04-10-2019 03:00,0
04-10-2019 04:00,0
04-10-2019 05:00,0
04-10-2019 06:00,0.009
04-10-2019 07:00,0.203
04-10-2019 08:00,0.42
04-10-2019 09:00,0.577
04-10-2019 10:00,0.674
04-10-2019 11:00,0.725
04-10-2019 12:00,0.73
04-10-2019 13:00,0.69
04-10-2019 14:00,0.604
04-10-2019 15:00,0.467
04-10-2019 16:00,0.279
04-10-2019 17:00,0.059
04-10-2019 18:00,0
04-10-2019 19:00,0
04-10-2019 20:00,0
04-10-2019 21:00,0
04-10-2019 22:00,0
04-10-2019 23:00,0
05-10-2019 00:00,0
05-10-2019 01:00,0
05-10-2019 02:00,0
05-10-2019 03:00,0
05-10-2019 04:00,0
05-10-2019 05:00,0
05-10-2019 06:00,0.006
05-10-2019 07:00,0.194
05-10-2019 08:00,0.41
05-10-2019 09:00,0.566
05-10-2019 10:00,0.668
05-10-2019 11:00,0.721
05-10-2019 12:00,0.727
05-10-2019 13:00,0.688
05-10-2019 14:00,0.597
05-10-2019 15:00,0.458
05-10-2019 16:00,0.272
05-10-2019 17:00,0.055
05-10-2019 18:00,0
05-10-2019 19:00,0
05-10-2019 20:00,0
05-10-2019 21:00,0
05-10-2019 22:00,0
05-10-2019 23:00,0
06-10-2019 00:00,0
06-10-2019 01:00,0
06-10-2019 02:00,0
06-10-2019 03:00,0
06-10-2019 04:00,0
06-10-2019 05:00,0
06-10-2019 06:00,0.005
06-10-2019 07:00,0.184
06-10-2019 08:00,0.37
06-10-2019 09:00,0.562
06-10-2019 10:00,0.664
06-10-2019 11:00,0.7
06-10-2019 12:00,0.63
06-10-2019 13:00,0.446
06-10-2019 14:00,0.263
06-10-2019 15:00,0.228
06-10-2019 16:00,0.222
06-10-2019 17:00,0.033
06-10-2019 18:00,0
06-10-2019 19:00,0
06-10-2019 20:00,0
06-10-2019 21:00,0
06-10-2019 22:00,0
06-10-2019 23:00,0
07-10-2019 00:00,0
07-10-2019 01:00,0
07-10-2019 02:00,0
07-10-2019 03:00,0
07-10-2019 04:00,0
07-10-2019 05:00,0
07-10-2019 06:00,0.003
07-10-2019 07:00,0.182
07-10-2019 08:00,0.401
07-10-2019 09:00,0.549
07-10-2019 10:00,0.637
07-10-2019 11:00,0.682
07-10-2019 12:00,0.663
07-10-2019 13:00,0.569
07-10-2019 14:00,0.446
07-10-2019 15:00,0.372
07-10-2019 16:00,0.249
07-10-2019 17:00,0.047
07-10-2019 18:00,0
07-10-2019 19:00,0
07-10-2019 20:00,0
07-10-2019 21:00,0
07-10-2019 22:00,0
07-10-2019 23:00,0
08-10-2019 00:00,0
08-10-2019 01:00,0
08-10-2019 02:00,0
08-10-2019 03:00,0
08-10-2019 04:00,0
08-10-2019 05:00,0
08-10-2019 06:00,0.004
08-10-2019 07:00,0.19
08-10-2019 08:00,0.402
08-10-2019 09:00,0.556
08-10-2019 10:00,0.656
08-10-2019 11:00,0.706
08-10-2019 12:00,0.711
08-10-2019 13:00,0.672
08-10-2019 14:00,0.587
08-10-2019 15:00,0.45
08-10-2019 16:00,0.265
08-10-2019 17:00,0.044
08-10-2019 18:00,0
08-10-2019 19:00,0
08-10-2019 20:00,0
08-10-2019 21:00,0
08-10-2019 22:00,0
08-10-2019 23:00,0
09-10-2019 00:00,0
09-10-2019 01:00,0
09-10-2019 02:00,0
09-10-2019 03:00,0
09-10-2019 04:00,0
09-10-2019 05:00,0
09-10-2019 06:00,0.001
09-10-2019 07:00,0.155
09-10-2019 08:00,0.393
09-10-2019 09:00,0.552
09-10-2019 10:00,0.651
09-10-2019 11:00,0.698
09-10-2019 12:00,0.703
09-10-2019 13:00,0.663
09-10-2019 14:00,0.578
09-10-2019 15:00,0.441
09-10-2019 16:00,0.255
09-10-2019 17:00,0.037
09-10-2019 18:00,0
09-10-2019 19:00,0
09-10-2019 20:00,0
09-10-2019 21:00,0
09-10-2019 22:00,0
09-10-2019 23:00,0
10-10-2019 00:00,0
10-10-2019 01:00,0
10-10-2019 02:00,0
10-10-2019 03:00,0
10-10-2019 04:00,0
10-10-2019 05:00,0
10-10-2019 06:00,0
10-10-2019 07:00,0.112
10-10-2019 08:00,0.361
10-10-2019 09:00,0.538
10-10-2019 10:00,0.644
10-10-2019 11:00,0.695
10-10-2019 12:00,0.702
10-10-2019 13:00,0.662
10-10-2019 14:00,0.574
10-10-2019 15:00,0.436
10-10-2019 16:00,0.247
10-10-2019 17:00,0.03
10-10-2019 18:00,0
10-10-2019 19:00,0
10-10-2019 20:00,0
10-10-2019 21:00,0
10-10-2019 22:00,0
10-10-2019 23:00,0
11-10-2019 00:00,0
11-10-2019 01:00,0
11-10-2019 02:00,0
11-10-2019 03:00,0
11-10-2019 04:00,0
11-10-2019 05:00,0
11-10-2019 06:00,0
11-10-2019 07:00,0.095
11-10-2019 08:00,0.349
11-10-2019 09:00,0.538
11-10-2019 10:00,0.643
11-10-2019 11:00,0.666
11-10-2019 12:00,0.639
11-10-2019 13:00,0.506
11-10-2019 14:00,0.421
11-10-2019 15:00,0.254
11-10-2019 16:00,0.056
11-10-2019 17:00,0
11-10-2019 18:00,0
11-10-2019 19:00,0
11-10-2019 20:00,0
11-10-2019 21:00,0
11-10-2019 22:00,0
11-10-2019 23:00,0
12-10-2019 00:00,0
12-10-2019 01:00,0
12-10-2019 02:00,0
12-10-2019 03:00,0
12-10-2019 04:00,0
12-10-2019 05:00,0
12-10-2019 06:00,0
12-10-2019 07:00,0.058
12-10-2019 08:00,0.194
12-10-2019 09:00,0.32
12-10-2019 10:00,0.362
12-10-2019 11:00,0.335
12-10-2019 12:00,0.302
12-10-2019 13:00,0.301
12-10-2019 14:00,0.33
12-10-2019 15:00,0.31
12-10-2019 16:00,0.178
12-10-2019 17:00,0.018
12-10-2019 18:00,0
12-10-2019 19:00,0
12-10-2019 20:00,0
12-10-2019 21:00,0
12-10-2019 22:00,0
12-10-2019 23:00,0
13-10-2019 00:00,0
13-10-2019 01:00,0
13-10-2019 02:00,0
13-10-2019 03:00,0
13-10-2019 04:00,0
13-10-2019 05:00,0
13-10-2019 06:00,0
13-10-2019 07:00,0.137
13-10-2019 08:00,0.362
13-10-2019 09:00,0.545
13-10-2019 10:00,0.652
13-10-2019 11:00,0.708
13-10-2019 12:00,0.716
13-10-2019 13:00,0.678
13-10-2019 14:00,0.589
13-10-2019 15:00,0.448
13-10-2019 16:00,0.253
13-10-2019 17:00,0.026
13-10-2019 18:00,0
13-10-2019 19:00,0
13-10-2019 20:00,0
13-10-2019 21:00,0
13-10-2019 22:00,0
13-10-2019 23:00,0
14-10-2019 00:00,0
14-10-2019 01:00,0
14-10-2019 02:00,0
14-10-2019 03:00,0
14-10-2019 04:00,0
14-10-2019 05:00,0
14-10-2019 06:00,0
14-10-2019 07:00,0.065
14-10-2019 08:00,0.222
14-10-2019 09:00,0.457
14-10-2019 10:00,0.634
14-10-2019 11:00,0.703
14-10-2019 12:00,0.697
14-10-2019 13:00,0.637
14-10-2019 14:00,0.511
14-10-2019 15:00,0.351
14-10-2019 16:00,0.188
14-10-2019 17:00,0.019
14-10-2019 18:00,0
14-10-2019 19:00,0
14-10-2019 20:00,0
14-10-2019 21:00,0
14-10-2019 22:00,0
14-10-2019 23:00,0
15-10-2019 00:00,0
15-10-2019 01:00,0
15-10-2019 02:00,0
15-10-2019 03:00,0
15-10-2019 04:00,0
15-10-2019 05:00,0
15-10-2019 06:00,0
15-10-2019 07:00,0.176
15-10-2019 08:00,0.419
15-10-2019 09:00,0.596
15-10-2019 10:00,0.705
15-10-2019 11:00,0.735
15-10-2019 12:00,0.759
15-10-2019 13:00,0.713
15-10-2019 14:00,0.616
15-10-2019 15:00,0.457
15-10-2019 16:00,0.222
15-10-2019 17:00,0.024
15-10-2019 18:00,0
15-10-2019 19:00,0
15-10-2019 20:00,0
15-10-2019 21:00,0
15-10-2019 22:00,0
15-10-2019 23:00,0
16-10-2019 00:00,0
16-10-2019 01:00,0
16-10-2019 02:00,0
16-10-2019 03:00,0
16-10-2019 04:00,0
16-10-2019 05:00,0
16-10-2019 06:00,0
16-10-2019 07:00,0.103
16-10-2019 08:00,0.349
16-10-2019 09:00,0.55
16-10-2019 10:00,0.675
16-10-2019 11:00,0.735
16-10-2019 12:00,0.745
16-10-2019 13:00,0.704
16-10-2019 14:00,0.613
16-10-2019 15:00,0.467
16-10-2019 16:00,0.264
16-10-2019 17:00,0.022
16-10-2019 18:00,0
16-10-2019 19:00,0
16-10-2019 20:00,0
16-10-2019 21:00,0
16-10-2019 22:00,0
16-10-2019 23:00,0
17-10-2019 00:00,0
17-10-2019 01:00,0
17-10-2019 02:00,0
17-10-2019 03:00,0
17-10-2019 04:00,0
17-10-2019 05:00,0
17-10-2019 06:00,0
17-10-2019 07:00,0.142
17-10-2019 08:00,0.363
17-10-2019 09:00,0.504
17-10-2019 10:00,0.594
17-10-2019 11:00,0.625
17-10-2019 12:00,0.564
17-10-2019 13:00,0.48
17-10-2019 14:00,0.393
17-10-2019 15:00,0.261
17-10-2019 16:00,0.151
17-10-2019 17:00,0.008
17-10-2019 18:00,0
17-10-2019 19:00,0
17-10-2019 20:00,0
17-10-2019 21:00,0
17-10-2019 22:00,0
17-10-2019 23:00,0
18-10-2019 00:00,0
18-10-2019 01:00,0
18-10-2019 02:00,0
18-10-2019 03:00,0
18-10-2019 04:00,0
18-10-2019 05:00,0
18-10-2019 06:00,0
18-10-2019 07:00,0.05
18-10-2019 08:00,0.143
18-10-2019 09:00,0.281
18-10-2019 10:00,0.518
18-10-2019 11:00,0.624
18-10-2019 12:00,0.596
18-10-2019 13:00,0.494
18-10-2019 14:00,0.385
18-10-2019 15:00,0.313
18-10-2019 16:00,0.121
18-10-2019 17:00,0.001
18-10-2019 18:00,0
18-10-2019 19:00,0
18-10-2019 20:00,0
18-10-2019 21:00,0
18-10-2019 22:00,0
18-10-2019 23:00,0
19-10-2019 00:00,0
19-10-2019 01:00,0
19-10-2019 02:00,0
19-10-2019 03:00,0
19-10-2019 04:00,0
19-10-2019 05:00,0
19-10-2019 06:00,0
19-10-2019 07:00,0.117
19-10-2019 08:00,0.369
19-10-2019 09:00,0.557
19-10-2019 10:00,0.667
19-10-2019 11:00,0.721
19-10-2019 12:00,0.721
19-10-2019 13:00,0.682
19-10-2019 14:00,0.591
19-10-2019 15:00,0.445
19-10-2019 16:00,0.241
19-10-2019 17:00,0.011
19-10-2019 18:00,0
19-10-2019 19:00,0
19-10-2019 20:00,0
19-10-2019 21:00,0
19-10-2019 22:00,0
19-10-2019 23:00,0
20-10-2019 00:00,0
20-10-2019 01:00,0
20-10-2019 02:00,0
20-10-2019 03:00,0
20-10-2019 04:00,0
20-10-2019 05:00,0
20-10-2019 06:00,0
20-10-2019 07:00,0.039
20-10-2019 08:00,0.193
20-10-2019 09:00,0.516
20-10-2019 10:00,0.659
20-10-2019 11:00,0.708
20-10-2019 12:00,0.696
20-10-2019 13:00,0.616
20-10-2019 14:00,0.501
20-10-2019 15:00,0.345
20-10-2019 16:00,0.157
20-10-2019 17:00,0.001
20-10-2019 18:00,0
20-10-2019 19:00,0
20-10-2019 20:00,0
20-10-2019 21:00,0
20-10-2019 22:00,0
20-10-2019 23:00,0
21-10-2019 00:00,0
21-10-2019 01:00,0
21-10-2019 02:00,0
21-10-2019 03:00,0
21-10-2019 04:00,0
21-10-2019 05:00,0
21-10-2019 06:00,0
21-10-2019 07:00,0.14
21-10-2019 08:00,0.384
21-10-2019 09:00,0.553
21-10-2019 10:00,0.651
21-10-2019 11:00,0.698
21-10-2019 12:00,0.693
21-10-2019 13:00,0.636
21-10-2019 14:00,0.542
21-10-2019 15:00,0.385
21-10-2019 16:00,0.195
21-10-2019 17:00,0.008
21-10-2019 18:00,0
21-10-2019 19:00,0
21-10-2019 20:00,0
21-10-2019 21:00,0
21-10-2019 22:00,0
21-10-2019 23:00,0
22-10-2019 00:00,0
22-10-2019 01:00,0
22-10-2019 02:00,0
22-10-2019 03:00,0
22-10-2019 04:00,0
22-10-2019 05:00,0
22-10-2019 06:00,0
22-10-2019 07:00,0
22-10-2019 08:00,0.021
22-10-2019 09:00,0.069
22-10-2019 10:00,0.096
22-10-2019 11:00,0.118
22-10-2019 12:00,0.124
22-10-2019 13:00,0.186
22-10-2019 14:00,0.285
22-10-2019 15:00,0.325
22-10-2019 16:00,0.144
22-10-2019 17:00,0
22-10-2019 18:00,0
22-10-2019 19:00,0
22-10-2019 20:00,0
22-10-2019 21:00,0
22-10-2019 22:00,0
22-10-2019 23:00,0
23-10-2019 00:00,0
23-10-2019 01:00,0
23-10-2019 02:00,0
23-10-2019 03:00,0
23-10-2019 04:00,0
23-10-2019 05:00,0
23-10-2019 06:00,0
23-10-2019 07:00,0.011
23-10-2019 08:00,0.085
23-10-2019 09:00,0.196
23-10-2019 10:00,0.234
23-10-2019 11:00,0.226
23-10-2019 12:00,0.19
23-10-2019 13:00,0.181
23-10-2019 14:00,0.135
23-10-2019 15:00,0.082
23-10-2019 16:00,0.026
23-10-2019 17:00,0
23-10-2019 18:00,0
23-10-2019 19:00,0
23-10-2019 20:00,0
23-10-2019 21:00,0
23-10-2019 22:00,0
23-10-2019 23:00,0
24-10-2019 00:00,0
24-10-2019 01:00,0
24-10-2019 02:00,0
24-10-2019 03:00,0
24-10-2019 04:00,0
24-10-2019 05:00,0
24-10-2019 06:00,0
24-10-2019 07:00,0.022
24-10-2019 08:00,0.134
24-10-2019 09:00,0.329
24-10-2019 10:00,0.519
24-10-2019 11:00,0.724
24-10-2019 12:00,0.734
24-10-2019 13:00,0.691
24-10-2019 14:00,0.597
24-10-2019 15:00,0.446
24-10-2019 16:00,0.234
24-10-2019 17:00,0.006
24-10-2019 18:00,0
24-10-2019 19:00,0
24-10-2019 20:00,0
24-10-2019 21:00,0
24-10-2019 22:00,0
24-10-2019 23:00,0
25-10-2019 00:00,0
25-10-2019 01:00,0
25-10-2019 02:00,0
25-10-2019 03:00,0
25-10-2019 04:00,0
25-10-2019 05:00,0
25-10-2019 06:00,0
25-10-2019 07:00,0.128
25-10-2019 08:00,0.373
25-10-2019 09:00,0.55
25-10-2019 10:00,0.657
25-10-2019 11:00,0.712
25-10-2019 12:00,0.705
25-10-2019 13:00,0.674
25-10-2019 14:00,0.591
25-10-2019 15:00,0.448
25-10-2019 16:00,0.254
25-10-2019 17:00,0.007
25-10-2019 18:00,0
25-10-2019 19:00,0
25-10-2019 20:00,0
25-10-2019 21:00,0
25-10-2019 22:00,0
25-10-2019 23:00,0
26-10-2019 00:00,0
26-10-2019 01:00,0
26-10-2019 02:00,0
26-10-2019 03:00,0
26-10-2019 04:00,0
26-10-2019 05:00,0
26-10-2019 06:00,0
26-10-2019 07:00,0.133
26-10-2019 08:00,0.381
26-10-2019 09:00,0.559
26-10-2019 10:00,0.665
26-10-2019 11:00,0.72
26-10-2019 12:00,0.727
26-10-2019 13:00,0.687
26-10-2019 14:00,0.599
26-10-2019 15:00,0.457
26-10-2019 16:00,0.264
26-10-2019 17:00,0.006
26-10-2019 18:00,0
26-10-2019 19:00,0
26-10-2019 20:00,0
26-10-2019 21:00,0
26-10-2019 22:00,0
26-10-2019 23:00,0
27-10-2019 00:00,0
27-10-2019 01:00,0
27-10-2019 02:00,0
27-10-2019 03:00,0
27-10-2019 04:00,0
27-10-2019 05:00,0
27-10-2019 06:00,0
27-10-2019 07:00,0.102
27-10-2019 08:00,0.336
27-10-2019 09:00,0.518
27-10-2019 10:00,0.632
27-10-2019 11:00,0.666
27-10-2019 12:00,0.655
27-10-2019 13:00,0.625
27-10-2019 14:00,0.546
27-10-2019 15:00,0.358
27-10-2019 16:00,0.109
27-10-2019 17:00,0
27-10-2019 18:00,0
27-10-2019 19:00,0
27-10-2019 20:00,0
27-10-2019 21:00,0
27-10-2019 22:00,0
27-10-2019 23:00,0
28-10-2019 00:00,0
28-10-2019 01:00,0
28-10-2019 02:00,0
28-10-2019 03:00,0
28-10-2019 04:00,0
28-10-2019 05:00,0
28-10-2019 06:00,0
28-10-2019 07:00,0.002
28-10-2019 08:00,0.041
28-10-2019 09:00,0.116
28-10-2019 10:00,0.242
28-10-2019 11:00,0.384
28-10-2019 12:00,0.469
28-10-2019 13:00,0.482
28-10-2019 14:00,0.42
28-10-2019 15:00,0.301
28-10-2019 16:00,0.142
28-10-2019 17:00,0
28-10-2019 18:00,0
28-10-2019 19:00,0
28-10-2019 20:00,0
28-10-2019 21:00,0
28-10-2019 22:00,0
28-10-2019 23:00,0
29-10-2019 00:00,0
29-10-2019 01:00,0
29-10-2019 02:00,0
29-10-2019 03:00,0
29-10-2019 04:00,0
29-10-2019 05:00,0
29-10-2019 06:00,0
29-10-2019 07:00,0.061
29-10-2019 08:00,0.265
29-10-2019 09:00,0.461
29-10-2019 10:00,0.579
29-10-2019 11:00,0.653
29-10-2019 12:00,0.646
29-10-2019 13:00,0.574
29-10-2019 14:00,0.448
29-10-2019 15:00,0.247
29-10-2019 16:00,0.07
29-10-2019 17:00,0
29-10-2019 18:00,0
29-10-2019 19:00,0
29-10-2019 20:00,0
29-10-2019 21:00,0
29-10-2019 22:00,0
29-10-2019 23:00,0
30-10-2019 00:00,0
30-10-2019 01:00,0
30-10-2019 02:00,0
30-10-2019 03:00,0
30-10-2019 04:00,0
30-10-2019 05:00,0
30-10-2019 06:00,0
30-10-2019 07:00,0.062
30-10-2019 08:00,0.257
30-10-2019 09:00,0.439
30-10-2019 10:00,0.481
30-10-2019 11:00,0.333
30-10-2019 12:00,0.234
30-10-2019 13:00,0.233
30-10-2019 14:00,0.29
30-10-2019 15:00,0.193
30-10-2019 16:00,0.062
30-10-2019 17:00,0
30-10-2019 18:00,0
30-10-2019 19:00,0
30-10-2019 20:00,0
30-10-2019 21:00,0
30-10-2019 22:00,0
30-10-2019 23:00,0
31-10-2019 00:00,0
31-10-2019 01:00,0
31-10-2019 02:00,0
31-10-2019 03:00,0
31-10-2019 04:00,0
31-10-2019 05:00,0
31-10-2019 06:00,0
31-10-2019 07:00,0.025
31-10-2019 08:00,0.155
31-10-2019 09:00,0.378
31-10-2019 10:00,0.522
31-10-2019 11:00,0.544
31-10-2019 12:00,0.586
31-10-2019 13:00,0.561
31-10-2019 14:00,0.508
31-10-2019 15:00,0.359
31-10-2019 16:00,0.104
31-10-2019 17:00,0
31-10-2019 18:00,0
31-10-2019 19:00,0
31-10-2019 20:00,0
31-10-2019 21:00,0
31-10-2019 22:00,0
31-10-2019 23:00,0
01-11-2019 00:00,0
01-11-2019 01:00,0
01-11-2019 02:00,0
01-11-2019 03:00,0
01-11-2019 04:00,0
01-11-2019 05:00,0
01-11-2019 06:00,0
01-11-2019 07:00,0.026
01-11-2019 08:00,0.175
01-11-2019 09:00,0.411
01-11-2019 10:00,0.566
01-11-2019 11:00,0.514
01-11-2019 12:00,0.354
01-11-2019 13:00,0.378
01-11-2019 14:00,0.37
01-11-2019 15:00,0.251
01-11-2019 16:00,0.086
01-11-2019 17:00,0
01-11-2019 18:00,0
01-11-2019 19:00,0
01-11-2019 20:00,0
01-11-2019 21:00,0
01-11-2019 22:00,0
01-11-2019 23:00,0
02-11-2019 00:00,0
02-11-2019 01:00,0
02-11-2019 02:00,0
02-11-2019 03:00,0
02-11-2019 04:00,0
02-11-2019 05:00,0
02-11-2019 06:00,0
02-11-2019 07:00,0.022
02-11-2019 08:00,0.14
02-11-2019 09:00,0.386
02-11-2019 10:00,0.574
02-11-2019 11:00,0.627
02-11-2019 12:00,0.616
02-11-2019 13:00,0.568
02-11-2019 14:00,0.478
02-11-2019 15:00,0.349
02-11-2019 16:00,0.097
02-11-2019 17:00,0
02-11-2019 18:00,0
02-11-2019 19:00,0
02-11-2019 20:00,0
02-11-2019 21:00,0
02-11-2019 22:00,0
02-11-2019 23:00,0
03-11-2019 00:00,0
03-11-2019 01:00,0
03-11-2019 02:00,0
03-11-2019 03:00,0
03-11-2019 04:00,0
03-11-2019 05:00,0
03-11-2019 06:00,0
03-11-2019 07:00,0.019
03-11-2019 08:00,0.107
03-11-2019 09:00,0.221
03-11-2019 10:00,0.388
03-11-2019 11:00,0.535
03-11-2019 12:00,0.672
03-11-2019 13:00,0.669
03-11-2019 14:00,0.583
03-11-2019 15:00,0.43
03-11-2019 16:00,0.221
03-11-2019 17:00,0
03-11-2019 18:00,0
03-11-2019 19:00,0
03-11-2019 20:00,0
03-11-2019 21:00,0
03-11-2019 22:00,0
03-11-2019 23:00,0
04-11-2019 00:00,0
04-11-2019 01:00,0
04-11-2019 02:00,0
04-11-2019 03:00,0
04-11-2019 04:00,0
04-11-2019 05:00,0
04-11-2019 06:00,0
04-11-2019 07:00,0.016
04-11-2019 08:00,0.088
04-11-2019 09:00,0.175
04-11-2019 10:00,0.404
04-11-2019 11:00,0.62
04-11-2019 12:00,0.695
04-11-2019 13:00,0.654
04-11-2019 14:00,0.561
04-11-2019 15:00,0.373
04-11-2019 16:00,0.134
04-11-2019 17:00,0
04-11-2019 18:00,0
04-11-2019 19:00,0
04-11-2019 20:00,0
04-11-2019 21:00,0
04-11-2019 22:00,0
04-11-2019 23:00,0
05-11-2019 00:00,0
05-11-2019 01:00,0
05-11-2019 02:00,0
05-11-2019 03:00,0
05-11-2019 04:00,0
05-11-2019 05:00,0
05-11-2019 06:00,0
05-11-2019 07:00,0.009
05-11-2019 08:00,0.093
05-11-2019 09:00,0.42
05-11-2019 10:00,0.621
05-11-2019 11:00,0.684
05-11-2019 12:00,0.676
05-11-2019 13:00,0.609
05-11-2019 14:00,0.488
05-11-2019 15:00,0.347
05-11-2019 16:00,0.16
05-11-2019 17:00,0
05-11-2019 18:00,0
05-11-2019 19:00,0
05-11-2019 20:00,0
05-11-2019 21:00,0
05-11-2019 22:00,0
05-11-2019 23:00,0
06-11-2019 00:00,0
06-11-2019 01:00,0
06-11-2019 02:00,0
06-11-2019 03:00,0
06-11-2019 04:00,0
06-11-2019 05:00,0
06-11-2019 06:00,0
06-11-2019 07:00,0.005
06-11-2019 08:00,0.034
06-11-2019 09:00,0.065
06-11-2019 10:00,0.112
06-11-2019 11:00,0.248
06-11-2019 12:00,0.441
06-11-2019 13:00,0.545
06-11-2019 14:00,0.542
06-11-2019 15:00,0.414
06-11-2019 16:00,0.206
06-11-2019 17:00,0
06-11-2019 18:00,0
06-11-2019 19:00,0
06-11-2019 20:00,0
06-11-2019 21:00,0
06-11-2019 22:00,0
06-11-2019 23:00,0
07-11-2019 00:00,0
07-11-2019 01:00,0
07-11-2019 02:00,0
07-11-2019 03:00,0
07-11-2019 04:00,0
07-11-2019 05:00,0
07-11-2019 06:00,0
07-11-2019 07:00,0.004
07-11-2019 08:00,0.063
07-11-2019 09:00,0.211
07-11-2019 10:00,0.459
07-11-2019 11:00,0.658
07-11-2019 12:00,0.675
07-11-2019 13:00,0.687
07-11-2019 14:00,0.6
07-11-2019 15:00,0.447
07-11-2019 16:00,0.237
07-11-2019 17:00,0
07-11-2019 18:00,0
07-11-2019 19:00,0
07-11-2019 20:00,0
07-11-2019 21:00,0
07-11-2019 22:00,0
07-11-2019 23:00,0
08-11-2019 00:00,0
08-11-2019 01:00,0
08-11-2019 02:00,0
08-11-2019 03:00,0
08-11-2019 04:00,0
08-11-2019 05:00,0
08-11-2019 06:00,0
08-11-2019 07:00,0.011
08-11-2019 08:00,0.147
08-11-2019 09:00,0.503
08-11-2019 10:00,0.662
08-11-2019 11:00,0.729
08-11-2019 12:00,0.711
08-11-2019 13:00,0.641
08-11-2019 14:00,0.526
08-11-2019 15:00,0.385
08-11-2019 16:00,0.192
08-11-2019 17:00,0.001
08-11-2019 18:00,0
08-11-2019 19:00,0
08-11-2019 20:00,0
08-11-2019 21:00,0
08-11-2019 22:00,0
08-11-2019 23:00,0
09-11-2019 00:00,0
09-11-2019 01:00,0
09-11-2019 02:00,0
09-11-2019 03:00,0
09-11-2019 04:00,0
09-11-2019 05:00,0
09-11-2019 06:00,0
09-11-2019 07:00,0.017
09-11-2019 08:00,0.109
09-11-2019 09:00,0.453
09-11-2019 10:00,0.617
09-11-2019 11:00,0.649
09-11-2019 12:00,0.554
09-11-2019 13:00,0.337
09-11-2019 14:00,0.157
09-11-2019 15:00,0.103
09-11-2019 16:00,0.062
09-11-2019 17:00,0
09-11-2019 18:00,0
09-11-2019 19:00,0
09-11-2019 20:00,0
09-11-2019 21:00,0
09-11-2019 22:00,0
09-11-2019 23:00,0
10-11-2019 00:00,0
10-11-2019 01:00,0
10-11-2019 02:00,0
10-11-2019 03:00,0
10-11-2019 04:00,0
10-11-2019 05:00,0
10-11-2019 06:00,0
10-11-2019 07:00,0.016
10-11-2019 08:00,0.11
10-11-2019 09:00,0.266
10-11-2019 10:00,0.35
10-11-2019 11:00,0.335
10-11-2019 12:00,0.24
10-11-2019 13:00,0.214
10-11-2019 14:00,0.166
10-11-2019 15:00,0.113
10-11-2019 16:00,0.032
10-11-2019 17:00,0
10-11-2019 18:00,0
10-11-2019 19:00,0
10-11-2019 20:00,0
10-11-2019 21:00,0
10-11-2019 22:00,0
10-11-2019 23:00,0
11-11-2019 00:00,0
11-11-2019 01:00,0
11-11-2019 02:00,0
11-11-2019 03:00,0
11-11-2019 04:00,0
11-11-2019 05:00,0
11-11-2019 06:00,0
11-11-2019 07:00,0.01
11-11-2019 08:00,0.132
11-11-2019 09:00,0.29
11-11-2019 10:00,0.398
11-11-2019 11:00,0.361
11-11-2019 12:00,0.221
11-11-2019 13:00,0.129
11-11-2019 14:00,0.104
11-11-2019 15:00,0.09
11-11-2019 16:00,0.042
11-11-2019 17:00,0
11-11-2019 18:00,0
11-11-2019 19:00,0
11-11-2019 20:00,0
11-11-2019 21:00,0
11-11-2019 22:00,0
11-11-2019 23:00,0
12-11-2019 00:00,0
12-11-2019 01:00,0
12-11-2019 02:00,0
12-11-2019 03:00,0
12-11-2019 04:00,0
12-11-2019 05:00,0
12-11-2019 06:00,0
12-11-2019 07:00,0.071
12-11-2019 08:00,0.326
12-11-2019 09:00,0.538
12-11-2019 10:00,0.658
12-11-2019 11:00,0.718
12-11-2019 12:00,0.705
12-11-2019 13:00,0.637
12-11-2019 14:00,0.582
12-11-2019 15:00,0.425
12-11-2019 16:00,0.225
12-11-2019 17:00,0
12-11-2019 18:00,0
12-11-2019 19:00,0
12-11-2019 20:00,0
12-11-2019 21:00,0
12-11-2019 22:00,0
12-11-2019 23:00,0
13-11-2019 00:00,0
13-11-2019 01:00,0
13-11-2019 02:00,0
13-11-2019 03:00,0
13-11-2019 04:00,0
13-11-2019 05:00,0
13-11-2019 06:00,0
13-11-2019 07:00,0.002
13-11-2019 08:00,0.083
13-11-2019 09:00,0.215
13-11-2019 10:00,0.366
13-11-2019 11:00,0.574
13-11-2019 12:00,0.639
13-11-2019 13:00,0.624
13-11-2019 14:00,0.546
13-11-2019 15:00,0.403
13-11-2019 16:00,0.205
13-11-2019 17:00,0
13-11-2019 18:00,0
13-11-2019 19:00,0
13-11-2019 20:00,0
13-11-2019 21:00,0
13-11-2019 22:00,0
13-11-2019 23:00,0
14-11-2019 00:00,0
14-11-2019 01:00,0
14-11-2019 02:00,0
14-11-2019 03:00,0
14-11-2019 04:00,0
14-11-2019 05:00,0
14-11-2019 06:00,0
14-11-2019 07:00,0
14-11-2019 08:00,0.008
14-11-2019 09:00,0.042
14-11-2019 10:00,0.109
14-11-2019 11:00,0.134
14-11-2019 12:00,0.155
14-11-2019 13:00,0.24
14-11-2019 14:00,0.352
14-11-2019 15:00,0.311
14-11-2019 16:00,0.138
14-11-2019 17:00,0
14-11-2019 18:00,0
14-11-2019 19:00,0
14-11-2019 20:00,0
14-11-2019 21:00,0
14-11-2019 22:00,0
14-11-2019 23:00,0
15-11-2019 00:00,0
15-11-2019 01:00,0
15-11-2019 02:00,0
15-11-2019 03:00,0
15-11-2019 04:00,0
15-11-2019 05:00,0
15-11-2019 06:00,0
15-11-2019 07:00,0
15-11-2019 08:00,0.076
15-11-2019 09:00,0.316
15-11-2019 10:00,0.565
15-11-2019 11:00,0.609
15-11-2019 12:00,0.562
15-11-2019 13:00,0.485
15-11-2019 14:00,0.369
15-11-2019 15:00,0.216
15-11-2019 16:00,0.056
15-11-2019 17:00,0
15-11-2019 18:00,0
15-11-2019 19:00,0
15-11-2019 20:00,0
15-11-2019 21:00,0
15-11-2019 22:00,0
15-11-2019 23:00,0
16-11-2019 00:00,0
16-11-2019 01:00,0
16-11-2019 02:00,0
16-11-2019 03:00,0
16-11-2019 04:00,0
16-11-2019 05:00,0
16-11-2019 06:00,0
16-11-2019 07:00,0.016
16-11-2019 08:00,0.141
16-11-2019 09:00,0.463
16-11-2019 10:00,0.661
16-11-2019 11:00,0.731
16-11-2019 12:00,0.743
16-11-2019 13:00,0.701
16-11-2019 14:00,0.604
16-11-2019 15:00,0.443
16-11-2019 16:00,0.223
16-11-2019 17:00,0
16-11-2019 18:00,0
16-11-2019 19:00,0
16-11-2019 20:00,0
16-11-2019 21:00,0
16-11-2019 22:00,0
16-11-2019 23:00,0
17-11-2019 00:00,0
17-11-2019 01:00,0
17-11-2019 02:00,0
17-11-2019 03:00,0
17-11-2019 04:00,0
17-11-2019 05:00,0
17-11-2019 06:00,0
17-11-2019 07:00,0.004
17-11-2019 08:00,0.06
17-11-2019 09:00,0.122
17-11-2019 10:00,0.098
17-11-2019 11:00,0.084
17-11-2019 12:00,0.09
17-11-2019 13:00,0.108
17-11-2019 14:00,0.063
17-11-2019 15:00,0.025
17-11-2019 16:00,0.005
17-11-2019 17:00,0
17-11-2019 18:00,0
17-11-2019 19:00,0
17-11-2019 20:00,0
17-11-2019 21:00,0
17-11-2019 22:00,0
17-11-2019 23:00,0
18-11-2019 00:00,0
18-11-2019 01:00,0
18-11-2019 02:00,0
18-11-2019 03:00,0
18-11-2019 04:00,0
18-11-2019 05:00,0
18-11-2019 06:00,0
18-11-2019 07:00,0
18-11-2019 08:00,0.048
18-11-2019 09:00,0.171
18-11-2019 10:00,0.432
18-11-2019 11:00,0.683
18-11-2019 12:00,0.675
18-11-2019 13:00,0.616
18-11-2019 14:00,0.513
18-11-2019 15:00,0.37
18-11-2019 16:00,0.155
18-11-2019 17:00,0
18-11-2019 18:00,0
18-11-2019 19:00,0
18-11-2019 20:00,0
18-11-2019 21:00,0
18-11-2019 22:00,0
18-11-2019 23:00,0
19-11-2019 00:00,0
19-11-2019 01:00,0
19-11-2019 02:00,0
19-11-2019 03:00,0
19-11-2019 04:00,0
19-11-2019 05:00,0
19-11-2019 06:00,0
19-11-2019 07:00,0.043
19-11-2019 08:00,0.283
19-11-2019 09:00,0.506
19-11-2019 10:00,0.593
19-11-2019 11:00,0.611
19-11-2019 12:00,0.479
19-11-2019 13:00,0.275
19-11-2019 14:00,0.14
19-11-2019 15:00,0.057
19-11-2019 16:00,0.007
19-11-2019 17:00,0
19-11-2019 18:00,0
19-11-2019 19:00,0
19-11-2019 20:00,0
19-11-2019 21:00,0
19-11-2019 22:00,0
19-11-2019 23:00,0
20-11-2019 00:00,0
20-11-2019 01:00,0
20-11-2019 02:00,0
20-11-2019 03:00,0
20-11-2019 04:00,0
20-11-2019 05:00,0
20-11-2019 06:00,0
20-11-2019 07:00,0.036
20-11-2019 08:00,0.278
20-11-2019 09:00,0.489
20-11-2019 10:00,0.598
20-11-2019 11:00,0.519
20-11-2019 12:00,0.27
20-11-2019 13:00,0.156
20-11-2019 14:00,0.081
20-11-2019 15:00,0.027
20-11-2019 16:00,0.001
20-11-2019 17:00,0
20-11-2019 18:00,0
20-11-2019 19:00,0
20-11-2019 20:00,0
20-11-2019 21:00,0
20-11-2019 22:00,0
20-11-2019 23:00,0
21-11-2019 00:00,0
21-11-2019 01:00,0
21-11-2019 02:00,0
21-11-2019 03:00,0
21-11-2019 04:00,0
21-11-2019 05:00,0
21-11-2019 06:00,0
21-11-2019 07:00,0
21-11-2019 08:00,0.006
21-11-2019 09:00,0.03
21-11-2019 10:00,0.06
21-11-2019 11:00,0.087
21-11-2019 12:00,0.107
21-11-2019 13:00,0.089
21-11-2019 14:00,0.055
21-11-2019 15:00,0.025
21-11-2019 16:00,0
21-11-2019 17:00,0
21-11-2019 18:00,0
21-11-2019 19:00,0
21-11-2019 20:00,0
21-11-2019 21:00,0
21-11-2019 22:00,0
21-11-2019 23:00,0
22-11-2019 00:00,0
22-11-2019 01:00,0
22-11-2019 02:00,0
22-11-2019 03:00,0
22-11-2019 04:00,0
22-11-2019 05:00,0
22-11-2019 06:00,0
22-11-2019 07:00,0
22-11-2019 08:00,0.004
22-11-2019 09:00,0.024
22-11-2019 10:00,0.074
22-11-2019 11:00,0.158
22-11-2019 12:00,0.248
22-11-2019 13:00,0.141
22-11-2019 14:00,0.079
22-11-2019 15:00,0.049
22-11-2019 16:00,0.005
22-11-2019 17:00,0
22-11-2019 18:00,0
22-11-2019 19:00,0
22-11-2019 20:00,0
22-11-2019 21:00,0
22-11-2019 22:00,0
22-11-2019 23:00,0
23-11-2019 00:00,0
23-11-2019 01:00,0
23-11-2019 02:00,0
23-11-2019 03:00,0
23-11-2019 04:00,0
23-11-2019 05:00,0
23-11-2019 06:00,0
23-11-2019 07:00,0.007
23-11-2019 08:00,0.134
23-11-2019 09:00,0.391
23-11-2019 10:00,0.568
23-11-2019 11:00,0.671
23-11-2019 12:00,0.647
23-11-2019 13:00,0.595
23-11-2019 14:00,0.501
23-11-2019 15:00,0.348
23-11-2019 16:00,0.128
23-11-2019 17:00,0
23-11-2019 18:00,0
23-11-2019 19:00,0
23-11-2019 20:00,0
23-11-2019 21:00,0
23-11-2019 22:00,0
23-11-2019 23:00,0
24-11-2019 00:00,0
24-11-2019 01:00,0
24-11-2019 02:00,0
24-11-2019 03:00,0
24-11-2019 04:00,0
24-11-2019 05:00,0
24-11-2019 06:00,0
24-11-2019 07:00,0
24-11-2019 08:00,0.024
24-11-2019 09:00,0.126
24-11-2019 10:00,0.228
24-11-2019 11:00,0.343
24-11-2019 12:00,0.421
24-11-2019 13:00,0.476
24-11-2019 14:00,0.525
24-11-2019 15:00,0.389
24-11-2019 16:00,0.139
24-11-2019 17:00,0
24-11-2019 18:00,0
24-11-2019 19:00,0
24-11-2019 20:00,0
24-11-2019 21:00,0
24-11-2019 22:00,0
24-11-2019 23:00,0
25-11-2019 00:00,0
25-11-2019 01:00,0
25-11-2019 02:00,0
25-11-2019 03:00,0
25-11-2019 04:00,0
25-11-2019 05:00,0
25-11-2019 06:00,0
25-11-2019 07:00,0
25-11-2019 08:00,0.045
25-11-2019 09:00,0.133
25-11-2019 10:00,0.275
25-11-2019 11:00,0.411
25-11-2019 12:00,0.37
25-11-2019 13:00,0.343
25-11-2019 14:00,0.306
25-11-2019 15:00,0.139
25-11-2019 16:00,0.017
25-11-2019 17:00,0
25-11-2019 18:00,0
25-11-2019 19:00,0
25-11-2019 20:00,0
25-11-2019 21:00,0
25-11-2019 22:00,0
25-11-2019 23:00,0
26-11-2019 00:00,0
26-11-2019 01:00,0
26-11-2019 02:00,0
26-11-2019 03:00,0
26-11-2019 04:00,0
26-11-2019 05:00,0
26-11-2019 06:00,0
26-11-2019 07:00,0
26-11-2019 08:00,0.037
26-11-2019 09:00,0.123
26-11-2019 10:00,0.225
26-11-2019 11:00,0.293
26-11-2019 12:00,0.283
26-11-2019 13:00,0.24
26-11-2019 14:00,0.189
26-11-2019 15:00,0.09
26-11-2019 16:00,0.019
26-11-2019 17:00,0
26-11-2019 18:00,0
26-11-2019 19:00,0
26-11-2019 20:00,0
26-11-2019 21:00,0
26-11-2019 22:00,0
26-11-2019 23:00,0
27-11-2019 00:00,0
27-11-2019 01:00,0
27-11-2019 02:00,0
27-11-2019 03:00,0
27-11-2019 04:00,0
27-11-2019 05:00,0
27-11-2019 06:00,0
27-11-2019 07:00,0
27-11-2019 08:00,0.077
27-11-2019 09:00,0.36
27-11-2019 10:00,0.539
27-11-2019 11:00,0.605
27-11-2019 12:00,0.612
27-11-2019 13:00,0.588
27-11-2019 14:00,0.519
27-11-2019 15:00,0.36
27-11-2019 16:00,0.13
27-11-2019 17:00,0
27-11-2019 18:00,0
27-11-2019 19:00,0
27-11-2019 20:00,0
27-11-2019 21:00,0
27-11-2019 22:00,0
27-11-2019 23:00,0
28-11-2019 00:00,0
28-11-2019 01:00,0
28-11-2019 02:00,0
28-11-2019 03:00,0
28-11-2019 04:00,0
28-11-2019 05:00,0
28-11-2019 06:00,0
28-11-2019 07:00,0
28-11-2019 08:00,0.018
28-11-2019 09:00,0.077
28-11-2019 10:00,0.158
28-11-2019 11:00,0.267
28-11-2019 12:00,0.402
28-11-2019 13:00,0.468
28-11-2019 14:00,0.33
28-11-2019 15:00,0.092
28-11-2019 16:00,0.006
28-11-2019 17:00,0
28-11-2019 18:00,0
28-11-2019 19:00,0
28-11-2019 20:00,0
28-11-2019 21:00,0
28-11-2019 22:00,0
28-11-2019 23:00,0
29-11-2019 00:00,0
29-11-2019 01:00,0
29-11-2019 02:00,0
29-11-2019 03:00,0
29-11-2019 04:00,0
29-11-2019 05:00,0
29-11-2019 06:00,0
29-11-2019 07:00,0
29-11-2019 08:00,0.022
29-11-2019 09:00,0.09
29-11-2019 10:00,0.231
29-11-2019 11:00,0.308
29-11-2019 12:00,0.283
29-11-2019 13:00,0.28
29-11-2019 14:00,0.228
29-11-2019 15:00,0.105
29-11-2019 16:00,0.017
29-11-2019 17:00,0
29-11-2019 18:00,0
29-11-2019 19:00,0
29-11-2019 20:00,0
29-11-2019 21:00,0
29-11-2019 22:00,0
29-11-2019 23:00,0
30-11-2019 00:00,0
30-11-2019 01:00,0
30-11-2019 02:00,0
30-11-2019 03:00,0
30-11-2019 04:00,0
30-11-2019 05:00,0
30-11-2019 06:00,0
30-11-2019 07:00,0
30-11-2019 08:00,0.065
30-11-2019 09:00,0.209
30-11-2019 10:00,0.375
30-11-2019 11:00,0.543
30-11-2019 12:00,0.617
30-11-2019 13:00,0.588
30-11-2019 14:00,0.491
30-11-2019 15:00,0.323
30-11-2019 16:00,0.082
30-11-2019 17:00,0
30-11-2019 18:00,0
30-11-2019 19:00,0
30-11-2019 20:00,0
30-11-2019 21:00,0
30-11-2019 22:00,0
30-11-2019 23:00,0
01-12-2019 00:00,0
01-12-2019 01:00,0
01-12-2019 02:00,0
01-12-2019 03:00,0
01-12-2019 04:00,0
01-12-2019 05:00,0
01-12-2019 06:00,0
01-12-2019 07:00,0
01-12-2019 08:00,0.058
01-12-2019 09:00,0.219
01-12-2019 10:00,0.597
01-12-2019 11:00,0.65
01-12-2019 12:00,0.621
01-12-2019 13:00,0.478
01-12-2019 14:00,0.247
01-12-2019 15:00,0.091
01-12-2019 16:00,0.012
01-12-2019 17:00,0
01-12-2019 18:00,0
01-12-2019 19:00,0
01-12-2019 20:00,0
01-12-2019 21:00,0
01-12-2019 22:00,0
01-12-2019 23:00,0
02-12-2019 00:00,0
02-12-2019 01:00,0
02-12-2019 02:00,0
02-12-2019 03:00,0
02-12-2019 04:00,0
02-12-2019 05:00,0
02-12-2019 06:00,0
02-12-2019 07:00,0
02-12-2019 08:00,0.018
02-12-2019 09:00,0.07
02-12-2019 10:00,0.121
02-12-2019 11:00,0.19
02-12-2019 12:00,0.269
02-12-2019 13:00,0.24
02-12-2019 14:00,0.143
02-12-2019 15:00,0.046
02-12-2019 16:00,0
02-12-2019 17:00,0
02-12-2019 18:00,0
02-12-2019 19:00,0
02-12-2019 20:00,0
02-12-2019 21:00,0
02-12-2019 22:00,0
02-12-2019 23:00,0
03-12-2019 00:00,0
03-12-2019 01:00,0
03-12-2019 02:00,0
03-12-2019 03:00,0
03-12-2019 04:00,0
03-12-2019 05:00,0
03-12-2019 06:00,0
03-12-2019 07:00,0
03-12-2019 08:00,0.079
03-12-2019 09:00,0.197
03-12-2019 10:00,0.311
03-12-2019 11:00,0.316
03-12-2019 12:00,0.283
03-12-2019 13:00,0.207
03-12-2019 14:00,0.122
03-12-2019 15:00,0.056
03-12-2019 16:00,0.005
03-12-2019 17:00,0
03-12-2019 18:00,0
03-12-2019 19:00,0
03-12-2019 20:00,0
03-12-2019 21:00,0
03-12-2019 22:00,0
03-12-2019 23:00,0
04-12-2019 00:00,0
04-12-2019 01:00,0
04-12-2019 02:00,0
04-12-2019 03:00,0
04-12-2019 04:00,0
04-12-2019 05:00,0
04-12-2019 06:00,0
04-12-2019 07:00,0
04-12-2019 08:00,0.016
04-12-2019 09:00,0.063
04-12-2019 10:00,0.09
04-12-2019 11:00,0.093
04-12-2019 12:00,0.085
04-12-2019 13:00,0.092
04-12-2019 14:00,0.093
04-12-2019 15:00,0.041
04-12-2019 16:00,0
04-12-2019 17:00,0
04-12-2019 18:00,0
04-12-2019 19:00,0
04-12-2019 20:00,0
04-12-2019 21:00,0
04-12-2019 22:00,0
04-12-2019 23:00,0
05-12-2019 00:00,0
05-12-2019 01:00,0
05-12-2019 02:00,0
05-12-2019 03:00,0
05-12-2019 04:00,0
05-12-2019 05:00,0
05-12-2019 06:00,0
05-12-2019 07:00,0
05-12-2019 08:00,0.091
05-12-2019 09:00,0.25
05-12-2019 10:00,0.391
05-12-2019 11:00,0.527
05-12-2019 12:00,0.563
05-12-2019 13:00,0.506
05-12-2019 14:00,0.366
05-12-2019 15:00,0.192
05-12-2019 16:00,0.018
05-12-2019 17:00,0
05-12-2019 18:00,0
05-12-2019 19:00,0
05-12-2019 20:00,0
05-12-2019 21:00,0
05-12-2019 22:00,0
05-12-2019 23:00,0
06-12-2019 00:00,0
06-12-2019 01:00,0
06-12-2019 02:00,0
06-12-2019 03:00,0
06-12-2019 04:00,0
06-12-2019 05:00,0
06-12-2019 06:00,0
06-12-2019 07:00,0
06-12-2019 08:00,0.091
06-12-2019 09:00,0.277
06-12-2019 10:00,0.557
06-12-2019 11:00,0.647
06-12-2019 12:00,0.66
06-12-2019 13:00,0.613
06-12-2019 14:00,0.509
06-12-2019 15:00,0.327
06-12-2019 16:00,0.07
06-12-2019 17:00,0
06-12-2019 18:00,0
06-12-2019 19:00,0
06-12-2019 20:00,0
06-12-2019 21:00,0
06-12-2019 22:00,0
06-12-2019 23:00,0
07-12-2019 00:00,0
07-12-2019 01:00,0
07-12-2019 02:00,0
07-12-2019 03:00,0
07-12-2019 04:00,0
07-12-2019 05:00,0
07-12-2019 06:00,0
07-12-2019 07:00,0
07-12-2019 08:00,0.032
07-12-2019 09:00,0.111
07-12-2019 10:00,0.248
07-12-2019 11:00,0.506
07-12-2019 12:00,0.646
07-12-2019 13:00,0.616
07-12-2019 14:00,0.514
07-12-2019 15:00,0.34
07-12-2019 16:00,0.083
07-12-2019 17:00,0
07-12-2019 18:00,0
07-12-2019 19:00,0
07-12-2019 20:00,0
07-12-2019 21:00,0
07-12-2019 22:00,0
07-12-2019 23:00,0
08-12-2019 00:00,0
08-12-2019 01:00,0
08-12-2019 02:00,0
08-12-2019 03:00,0
08-12-2019 04:00,0
08-12-2019 05:00,0
08-12-2019 06:00,0
08-12-2019 07:00,0
08-12-2019 08:00,0.069
08-12-2019 09:00,0.174
08-12-2019 10:00,0.291
08-12-2019 11:00,0.379
08-12-2019 12:00,0.49
08-12-2019 13:00,0.489
08-12-2019 14:00,0.403
08-12-2019 15:00,0.208
08-12-2019 16:00,0.026
08-12-2019 17:00,0
08-12-2019 18:00,0
08-12-2019 19:00,0
08-12-2019 20:00,0
08-12-2019 21:00,0
08-12-2019 22:00,0
08-12-2019 23:00,0
09-12-2019 00:00,0
09-12-2019 01:00,0
09-12-2019 02:00,0
09-12-2019 03:00,0
09-12-2019 04:00,0
09-12-2019 05:00,0
09-12-2019 06:00,0
09-12-2019 07:00,0
09-12-2019 08:00,0.039
09-12-2019 09:00,0.212
09-12-2019 10:00,0.439
09-12-2019 11:00,0.569
09-12-2019 12:00,0.619
09-12-2019 13:00,0.506
09-12-2019 14:00,0.468
09-12-2019 15:00,0.22
09-12-2019 16:00,0.018
09-12-2019 17:00,0
09-12-2019 18:00,0
09-12-2019 19:00,0
09-12-2019 20:00,0
09-12-2019 21:00,0
09-12-2019 22:00,0
09-12-2019 23:00,0
10-12-2019 00:00,0
10-12-2019 01:00,0
10-12-2019 02:00,0
10-12-2019 03:00,0
10-12-2019 04:00,0
10-12-2019 05:00,0
10-12-2019 06:00,0
10-12-2019 07:00,0
10-12-2019 08:00,0.13
10-12-2019 09:00,0.446
10-12-2019 10:00,0.647
10-12-2019 11:00,0.713
10-12-2019 12:00,0.718
10-12-2019 13:00,0.671
10-12-2019 14:00,0.57
10-12-2019 15:00,0.404
10-12-2019 16:00,0.123
10-12-2019 17:00,0
10-12-2019 18:00,0
10-12-2019 19:00,0
10-12-2019 20:00,0
10-12-2019 21:00,0
10-12-2019 22:00,0
10-12-2019 23:00,0
11-12-2019 00:00,0
11-12-2019 01:00,0
11-12-2019 02:00,0
11-12-2019 03:00,0
11-12-2019 04:00,0
11-12-2019 05:00,0
11-12-2019 06:00,0
11-12-2019 07:00,0.001
11-12-2019 08:00,0.165
11-12-2019 09:00,0.278
11-12-2019 10:00,0.261
11-12-2019 11:00,0.185
11-12-2019 12:00,0.162
11-12-2019 13:00,0.386
11-12-2019 14:00,0.369
11-12-2019 15:00,0.33
11-12-2019 16:00,0.091
11-12-2019 17:00,0
11-12-2019 18:00,0
11-12-2019 19:00,0
11-12-2019 20:00,0
11-12-2019 21:00,0
11-12-2019 22:00,0
11-12-2019 23:00,0
12-12-2019 00:00,0
12-12-2019 01:00,0
12-12-2019 02:00,0
12-12-2019 03:00,0
12-12-2019 04:00,0
12-12-2019 05:00,0
12-12-2019 06:00,0
12-12-2019 07:00,0
12-12-2019 08:00,0.011
12-12-2019 09:00,0.04
12-12-2019 10:00,0.162
12-12-2019 11:00,0.277
12-12-2019 12:00,0.114
12-12-2019 13:00,0.063
12-12-2019 14:00,0.04
12-12-2019 15:00,0.02
12-12-2019 16:00,0
12-12-2019 17:00,0
12-12-2019 18:00,0
12-12-2019 19:00,0
12-12-2019 20:00,0
12-12-2019 21:00,0
12-12-2019 22:00,0
12-12-2019 23:00,0
13-12-2019 00:00,0
13-12-2019 01:00,0
13-12-2019 02:00,0
13-12-2019 03:00,0
13-12-2019 04:00,0
13-12-2019 05:00,0
13-12-2019 06:00,0
13-12-2019 07:00,0
13-12-2019 08:00,0.03
13-12-2019 09:00,0.1
13-12-2019 10:00,0.169
13-12-2019 11:00,0.29
13-12-2019 12:00,0.36
13-12-2019 13:00,0.355
13-12-2019 14:00,0.258
13-12-2019 15:00,0.154
13-12-2019 16:00,0.019
13-12-2019 17:00,0
13-12-2019 18:00,0
13-12-2019 19:00,0
13-12-2019 20:00,0
13-12-2019 21:00,0
13-12-2019 22:00,0
13-12-2019 23:00,0
14-12-2019 00:00,0
14-12-2019 01:00,0
14-12-2019 02:00,0
14-12-2019 03:00,0
14-12-2019 04:00,0
14-12-2019 05:00,0
14-12-2019 06:00,0
14-12-2019 07:00,0
14-12-2019 08:00,0.026
14-12-2019 09:00,0.091
14-12-2019 10:00,0.265
14-12-2019 11:00,0.401
14-12-2019 12:00,0.343
14-12-2019 13:00,0.273
14-12-2019 14:00,0.221
14-12-2019 15:00,0.116
14-12-2019 16:00,0.015
14-12-2019 17:00,0
14-12-2019 18:00,0
14-12-2019 19:00,0
14-12-2019 20:00,0
14-12-2019 21:00,0
14-12-2019 22:00,0
14-12-2019 23:00,0
15-12-2019 00:00,0
15-12-2019 01:00,0
15-12-2019 02:00,0
15-12-2019 03:00,0
15-12-2019 04:00,0
15-12-2019 05:00,0
15-12-2019 06:00,0
15-12-2019 07:00,0
15-12-2019 08:00,0.02
15-12-2019 09:00,0.121
15-12-2019 10:00,0.379
15-12-2019 11:00,0.637
15-12-2019 12:00,0.658
15-12-2019 13:00,0.6
15-12-2019 14:00,0.456
15-12-2019 15:00,0.178
15-12-2019 16:00,0.021
15-12-2019 17:00,0
15-12-2019 18:00,0
15-12-2019 19:00,0
15-12-2019 20:00,0
15-12-2019 21:00,0
15-12-2019 22:00,0
15-12-2019 23:00,0
16-12-2019 00:00,0
16-12-2019 01:00,0
16-12-2019 02:00,0
16-12-2019 03:00,0
16-12-2019 04:00,0
16-12-2019 05:00,0
16-12-2019 06:00,0
16-12-2019 07:00,0
16-12-2019 08:00,0.04
16-12-2019 09:00,0.075
16-12-2019 10:00,0.115
16-12-2019 11:00,0.198
16-12-2019 12:00,0.38
16-12-2019 13:00,0.154
16-12-2019 14:00,0.077
16-12-2019 15:00,0.069
16-12-2019 16:00,0.02
16-12-2019 17:00,0
16-12-2019 18:00,0
16-12-2019 19:00,0
16-12-2019 20:00,0
16-12-2019 21:00,0
16-12-2019 22:00,0
16-12-2019 23:00,0
17-12-2019 00:00,0
17-12-2019 01:00,0
17-12-2019 02:00,0
17-12-2019 03:00,0
17-12-2019 04:00,0
17-12-2019 05:00,0
17-12-2019 06:00,0
17-12-2019 07:00,0
17-12-2019 08:00,0.131
17-12-2019 09:00,0.39
17-12-2019 10:00,0.562
17-12-2019 11:00,0.623
17-12-2019 12:00,0.61
17-12-2019 13:00,0.56
17-12-2019 14:00,0.337
17-12-2019 15:00,0.113
17-12-2019 16:00,0.011
17-12-2019 17:00,0
17-12-2019 18:00,0
17-12-2019 19:00,0
17-12-2019 20:00,0
17-12-2019 21:00,0
17-12-2019 22:00,0
17-12-2019 23:00,0
18-12-2019 00:00,0
18-12-2019 01:00,0
18-12-2019 02:00,0
18-12-2019 03:00,0
18-12-2019 04:00,0
18-12-2019 05:00,0
18-12-2019 06:00,0
18-12-2019 07:00,0
18-12-2019 08:00,0.187
18-12-2019 09:00,0.478
18-12-2019 10:00,0.617
18-12-2019 11:00,0.683
18-12-2019 12:00,0.691
18-12-2019 13:00,0.642
18-12-2019 14:00,0.526
18-12-2019 15:00,0.316
18-12-2019 16:00,0.047
18-12-2019 17:00,0
18-12-2019 18:00,0
18-12-2019 19:00,0
18-12-2019 20:00,0
18-12-2019 21:00,0
18-12-2019 22:00,0
18-12-2019 23:00,0
19-12-2019 00:00,0
19-12-2019 01:00,0
19-12-2019 02:00,0
19-12-2019 03:00,0
19-12-2019 04:00,0
19-12-2019 05:00,0
19-12-2019 06:00,0
19-12-2019 07:00,0
19-12-2019 08:00,0.025
19-12-2019 09:00,0.08
19-12-2019 10:00,0.143
19-12-2019 11:00,0.175
19-12-2019 12:00,0.105
19-12-2019 13:00,0.077
19-12-2019 14:00,0.083
19-12-2019 15:00,0.04
19-12-2019 16:00,0
19-12-2019 17:00,0
19-12-2019 18:00,0
19-12-2019 19:00,0
19-12-2019 20:00,0
19-12-2019 21:00,0
19-12-2019 22:00,0
19-12-2019 23:00,0
20-12-2019 00:00,0
20-12-2019 01:00,0
20-12-2019 02:00,0
20-12-2019 03:00,0
20-12-2019 04:00,0
20-12-2019 05:00,0
20-12-2019 06:00,0
20-12-2019 07:00,0
20-12-2019 08:00,0
20-12-2019 09:00,0.013
20-12-2019 10:00,0.092
20-12-2019 11:00,0.243
20-12-2019 12:00,0.116
20-12-2019 13:00,0.076
20-12-2019 14:00,0.023
20-12-2019 15:00,0.007
20-12-2019 16:00,0
20-12-2019 17:00,0
20-12-2019 18:00,0
20-12-2019 19:00,0
20-12-2019 20:00,0
20-12-2019 21:00,0
20-12-2019 22:00,0
20-12-2019 23:00,0
21-12-2019 00:00,0
21-12-2019 01:00,0
21-12-2019 02:00,0
21-12-2019 03:00,0
21-12-2019 04:00,0
21-12-2019 05:00,0
21-12-2019 06:00,0
21-12-2019 07:00,0
21-12-2019 08:00,0.046
21-12-2019 09:00,0.092
21-12-2019 10:00,0.125
21-12-2019 11:00,0.165
21-12-2019 12:00,0.197
21-12-2019 13:00,0.224
21-12-2019 14:00,0.242
21-12-2019 15:00,0.172
21-12-2019 16:00,0.023
21-12-2019 17:00,0
21-12-2019 18:00,0
21-12-2019 19:00,0
21-12-2019 20:00,0
21-12-2019 21:00,0
21-12-2019 22:00,0
21-12-2019 23:00,0
22-12-2019 00:00,0
22-12-2019 01:00,0
22-12-2019 02:00,0
22-12-2019 03:00,0
22-12-2019 04:00,0
22-12-2019 05:00,0
22-12-2019 06:00,0
22-12-2019 07:00,0
22-12-2019 08:00,0.047
22-12-2019 09:00,0.146
22-12-2019 10:00,0.401
22-12-2019 11:00,0.519
22-12-2019 12:00,0.505
22-12-2019 13:00,0.445
22-12-2019 14:00,0.34
22-12-2019 15:00,0.109
22-12-2019 16:00,0.005
22-12-2019 17:00,0
22-12-2019 18:00,0
22-12-2019 19:00,0
22-12-2019 20:00,0
22-12-2019 21:00,0
22-12-2019 22:00,0
22-12-2019 23:00,0
23-12-2019 00:00,0
23-12-2019 01:00,0
23-12-2019 02:00,0
23-12-2019 03:00,0
23-12-2019 04:00,0
23-12-2019 05:00,0
23-12-2019 06:00,0
23-12-2019 07:00,0
23-12-2019 08:00,0.065
23-12-2019 09:00,0.391
23-12-2019 10:00,0.599
23-12-2019 11:00,0.652
23-12-2019 12:00,0.549
23-12-2019 13:00,0.417
23-12-2019 14:00,0.251
23-12-2019 15:00,0.112
23-12-2019 16:00,0.013
23-12-2019 17:00,0
23-12-2019 18:00,0
23-12-2019 19:00,0
23-12-2019 20:00,0
23-12-2019 21:00,0
23-12-2019 22:00,0
23-12-2019 23:00,0
24-12-2019 00:00,0
24-12-2019 01:00,0
24-12-2019 02:00,0
24-12-2019 03:00,0
24-12-2019 04:00,0
24-12-2019 05:00,0
24-12-2019 06:00,0
24-12-2019 07:00,0.002
24-12-2019 08:00,0.22
24-12-2019 09:00,0.435
24-12-2019 10:00,0.567
24-12-2019 11:00,0.626
24-12-2019 12:00,0.625
24-12-2019 13:00,0.566
24-12-2019 14:00,0.446
24-12-2019 15:00,0.26
24-12-2019 16:00,0.049
24-12-2019 17:00,0
24-12-2019 18:00,0
24-12-2019 19:00,0
24-12-2019 20:00,0
24-12-2019 21:00,0
24-12-2019 22:00,0
24-12-2019 23:00,0
25-12-2019 00:00,0
25-12-2019 01:00,0
25-12-2019 02:00,0
25-12-2019 03:00,0
25-12-2019 04:00,0
25-12-2019 05:00,0
25-12-2019 06:00,0
25-12-2019 07:00,0
25-12-2019 08:00,0.201
25-12-2019 09:00,0.452
25-12-2019 10:00,0.612
25-12-2019 11:00,0.677
25-12-2019 12:00,0.676
25-12-2019 13:00,0.624
25-12-2019 14:00,0.501
25-12-2019 15:00,0.321
25-12-2019 16:00,0.074
25-12-2019 17:00,0
25-12-2019 18:00,0
25-12-2019 19:00,0
25-12-2019 20:00,0
25-12-2019 21:00,0
25-12-2019 22:00,0
25-12-2019 23:00,0
26-12-2019 00:00,0
26-12-2019 01:00,0
26-12-2019 02:00,0
26-12-2019 03:00,0
26-12-2019 04:00,0
26-12-2019 05:00,0
26-12-2019 06:00,0
26-12-2019 07:00,0
26-12-2019 08:00,0.108
26-12-2019 09:00,0.328
26-12-2019 10:00,0.516
26-12-2019 11:00,0.617
26-12-2019 12:00,0.644
26-12-2019 13:00,0.603
26-12-2019 14:00,0.492
26-12-2019 15:00,0.289
26-12-2019 16:00,0.041
26-12-2019 17:00,0
26-12-2019 18:00,0
26-12-2019 19:00,0
26-12-2019 20:00,0
26-12-2019 21:00,0
26-12-2019 22:00,0
26-12-2019 23:00,0
27-12-2019 00:00,0
27-12-2019 01:00,0
27-12-2019 02:00,0
27-12-2019 03:00,0
27-12-2019 04:00,0
27-12-2019 05:00,0
27-12-2019 06:00,0
27-12-2019 07:00,0
27-12-2019 08:00,0.135
27-12-2019 09:00,0.45
27-12-2019 10:00,0.606
27-12-2019 11:00,0.665
27-12-2019 12:00,0.667
27-12-2019 13:00,0.602
27-12-2019 14:00,0.469
27-12-2019 15:00,0.279
27-12-2019 16:00,0.079
27-12-2019 17:00,0
27-12-2019 18:00,0
27-12-2019 19:00,0
27-12-2019 20:00,0
27-12-2019 21:00,0
27-12-2019 22:00,0
27-12-2019 23:00,0
28-12-2019 00:00,0
28-12-2019 01:00,0
28-12-2019 02:00,0
28-12-2019 03:00,0
28-12-2019 04:00,0
28-12-2019 05:00,0
28-12-2019 06:00,0
28-12-2019 07:00,0.007
28-12-2019 08:00,0.299
28-12-2019 09:00,0.51
28-12-2019 10:00,0.636
28-12-2019 11:00,0.694
28-12-2019 12:00,0.696
28-12-2019 13:00,0.649
28-12-2019 14:00,0.545
28-12-2019 15:00,0.37
28-12-2019 16:00,0.107
28-12-2019 17:00,0
28-12-2019 18:00,0
28-12-2019 19:00,0
28-12-2019 20:00,0
28-12-2019 21:00,0
28-12-2019 22:00,0
28-12-2019 23:00,0
29-12-2019 00:00,0
29-12-2019 01:00,0
29-12-2019 02:00,0
29-12-2019 03:00,0
29-12-2019 04:00,0
29-12-2019 05:00,0
29-12-2019 06:00,0
29-12-2019 07:00,0
29-12-2019 08:00,0.139
29-12-2019 09:00,0.419
29-12-2019 10:00,0.635
29-12-2019 11:00,0.7
29-12-2019 12:00,0.703
29-12-2019 13:00,0.652
29-12-2019 14:00,0.544
29-12-2019 15:00,0.365
29-12-2019 16:00,0.104
29-12-2019 17:00,0
29-12-2019 18:00,0
29-12-2019 19:00,0
29-12-2019 20:00,0
29-12-2019 21:00,0
29-12-2019 22:00,0
29-12-2019 23:00,0
30-12-2019 00:00,0
30-12-2019 01:00,0
30-12-2019 02:00,0
30-12-2019 03:00,0
30-12-2019 04:00,0
30-12-2019 05:00,0
30-12-2019 06:00,0
30-12-2019 07:00,0
30-12-2019 08:00,0.191
30-12-2019 09:00,0.475
30-12-2019 10:00,0.617
30-12-2019 11:00,0.68
30-12-2019 12:00,0.681
30-12-2019 13:00,0.63
30-12-2019 14:00,0.52
30-12-2019 15:00,0.337
30-12-2019 16:00,0.087
30-12-2019 17:00,0
30-12-2019 18:00,0
30-12-2019 19:00,0
30-12-2019 20:00,0
30-12-2019 21:00,0
30-12-2019 22:00,0
30-12-2019 23:00,0
31-12-2019 00:00,0
31-12-2019 01:00,0
31-12-2019 02:00,0
31-12-2019 03:00,0
31-12-2019 04:00,0
31-12-2019 05:00,0
31-12-2019 06:00,0
31-12-2019 07:00,0.005
31-12-2019 08:00,0.271
31-12-2019 09:00,0.485
31-12-2019 10:00,0.613
31-12-2019 11:00,0.672
31-12-2019 12:00,0.676
31-12-2019 13:00,0.625
31-12-2019 14:00,0.516
31-12-2019 15:00,0.335
31-12-2019 16:00,0.088
31-12-2019 17:00,0
31-12-2019 18:00,0
31-12-2019 19:00,0
31-12-2019 20:00,0
31-12-2019 21:00,0
31-12-2019 22:00,0
31-12-2019 23:00,0
