# Renewables.ninja Wind power (Point API) - 39.239, -2.832 - Version: 1.4 - License: https://creativecommons.org/licenses/by-nc/4.0/ - Reference: https://doi.org/10.1016/j.energy.2016.08.068,,,,,,,,,,,
# Units: time in UTC, electricity in kW,,,,,,,,,,,
"# {""units"": {""time"": ""UTC"""," ""electricity"": ""kW""}"," ""params"": {""lat"": ""39.23851152358253"""," ""lon"": ""-2.8320312500017053"""," ""date_from"": ""2019-01-01"""," ""date_to"": ""2019-12-31"""," ""dataset"": ""merra2"""," ""header"": ""true"""," ""local_time"": ""false"""," ""capacity"": ""1"""," ""height"": ""80"""," ""turbine"": ""Vestas V90 2000"""," ""raw"": ""false""}}"
time,electricity,,,,,,,,,,,
01-01-2019 00:00,0.021,,,,,,,,,,,
01-01-2019 01:00,0.022,,,,,,,,,,,
01-01-2019 02:00,0.023,,,,,,,,,,,
01-01-2019 03:00,0.026,,,,,,,,,,,
01-01-2019 04:00,0.03,,,,,,,,,,,
01-01-2019 05:00,0.033,,,,,,,,,,,
01-01-2019 06:00,0.037,,,,,,,,,,,
01-01-2019 07:00,0.039,,,,,,,,,,,
01-01-2019 08:00,0.042,,,,,,,,,,,
01-01-2019 09:00,0.039,,,,,,,,,,,
01-01-2019 10:00,0.034,,,,,,,,,,,
01-01-2019 11:00,0.058,,,,,,,,,,,
01-01-2019 12:00,0.086,,,,,,,,,,,
01-01-2019 13:00,0.112,,,,,,,,,,,
01-01-2019 14:00,0.12,,,,,,,,,,,
01-01-2019 15:00,0.124,,,,,,,,,,,
01-01-2019 16:00,0.131,,,,,,,,,,,
01-01-2019 17:00,0.112,,,,,,,,,,,
01-01-2019 18:00,0.085,,,,,,,,,,,
01-01-2019 19:00,0.067,,,,,,,,,,,
01-01-2019 20:00,0.061,,,,,,,,,,,
01-01-2019 21:00,0.063,,,,,,,,,,,
01-01-2019 22:00,0.068,,,,,,,,,,,
01-01-2019 23:00,0.07,,,,,,,,,,,
02-01-2019 00:00,0.071,,,,,,,,,,,
02-01-2019 01:00,0.072,,,,,,,,,,,
02-01-2019 02:00,0.072,,,,,,,,,,,
02-01-2019 03:00,0.079,,,,,,,,,,,
02-01-2019 04:00,0.092,,,,,,,,,,,
02-01-2019 05:00,0.104,,,,,,,,,,,
02-01-2019 06:00,0.117,,,,,,,,,,,
02-01-2019 07:00,0.125,,,,,,,,,,,
02-01-2019 08:00,0.122,,,,,,,,,,,
02-01-2019 09:00,0.072,,,,,,,,,,,
02-01-2019 10:00,0.069,,,,,,,,,,,
02-01-2019 11:00,0.112,,,,,,,,,,,
02-01-2019 12:00,0.174,,,,,,,,,,,
02-01-2019 13:00,0.211,,,,,,,,,,,
02-01-2019 14:00,0.224,,,,,,,,,,,
02-01-2019 15:00,0.234,,,,,,,,,,,
02-01-2019 16:00,0.282,,,,,,,,,,,
02-01-2019 17:00,0.286,,,,,,,,,,,
02-01-2019 18:00,0.281,,,,,,,,,,,
02-01-2019 19:00,0.253,,,,,,,,,,,
02-01-2019 20:00,0.238,,,,,,,,,,,
02-01-2019 21:00,0.294,,,,,,,,,,,
02-01-2019 22:00,0.43,,,,,,,,,,,
02-01-2019 23:00,0.556,,,,,,,,,,,
03-01-2019 00:00,0.619,,,,,,,,,,,
03-01-2019 01:00,0.646,,,,,,,,,,,
03-01-2019 02:00,0.652,,,,,,,,,,,
03-01-2019 03:00,0.633,,,,,,,,,,,
03-01-2019 04:00,0.604,,,,,,,,,,,
03-01-2019 05:00,0.591,,,,,,,,,,,
03-01-2019 06:00,0.59,,,,,,,,,,,
03-01-2019 07:00,0.595,,,,,,,,,,,
03-01-2019 08:00,0.505,,,,,,,,,,,
03-01-2019 09:00,0.29,,,,,,,,,,,
03-01-2019 10:00,0.351,,,,,,,,,,,
03-01-2019 11:00,0.33,,,,,,,,,,,
03-01-2019 12:00,0.253,,,,,,,,,,,
03-01-2019 13:00,0.192,,,,,,,,,,,
03-01-2019 14:00,0.137,,,,,,,,,,,
03-01-2019 15:00,0.089,,,,,,,,,,,
03-01-2019 16:00,0.095,,,,,,,,,,,
03-01-2019 17:00,0.151,,,,,,,,,,,
03-01-2019 18:00,0.214,,,,,,,,,,,
03-01-2019 19:00,0.248,,,,,,,,,,,
03-01-2019 20:00,0.24,,,,,,,,,,,
03-01-2019 21:00,0.225,,,,,,,,,,,
03-01-2019 22:00,0.209,,,,,,,,,,,
03-01-2019 23:00,0.182,,,,,,,,,,,
04-01-2019 00:00,0.146,,,,,,,,,,,
04-01-2019 01:00,0.112,,,,,,,,,,,
04-01-2019 02:00,0.084,,,,,,,,,,,
04-01-2019 03:00,0.048,,,,,,,,,,,
04-01-2019 04:00,0.022,,,,,,,,,,,
04-01-2019 05:00,0.014,,,,,,,,,,,
04-01-2019 06:00,0.013,,,,,,,,,,,
04-01-2019 07:00,0.012,,,,,,,,,,,
04-01-2019 08:00,0.009,,,,,,,,,,,
04-01-2019 09:00,0.005,,,,,,,,,,,
04-01-2019 10:00,0.002,,,,,,,,,,,
04-01-2019 11:00,0.002,,,,,,,,,,,
04-01-2019 12:00,0.009,,,,,,,,,,,
04-01-2019 13:00,0.023,,,,,,,,,,,
04-01-2019 14:00,0.035,,,,,,,,,,,
04-01-2019 15:00,0.055,,,,,,,,,,,
04-01-2019 16:00,0.096,,,,,,,,,,,
04-01-2019 17:00,0.117,,,,,,,,,,,
04-01-2019 18:00,0.115,,,,,,,,,,,
04-01-2019 19:00,0.104,,,,,,,,,,,
04-01-2019 20:00,0.088,,,,,,,,,,,
04-01-2019 21:00,0.069,,,,,,,,,,,
04-01-2019 22:00,0.054,,,,,,,,,,,
04-01-2019 23:00,0.046,,,,,,,,,,,
05-01-2019 00:00,0.043,,,,,,,,,,,
05-01-2019 01:00,0.046,,,,,,,,,,,
05-01-2019 02:00,0.051,,,,,,,,,,,
05-01-2019 03:00,0.057,,,,,,,,,,,
05-01-2019 04:00,0.062,,,,,,,,,,,
05-01-2019 05:00,0.058,,,,,,,,,,,
05-01-2019 06:00,0.044,,,,,,,,,,,
05-01-2019 07:00,0.025,,,,,,,,,,,
05-01-2019 08:00,0.01,,,,,,,,,,,
05-01-2019 09:00,0.004,,,,,,,,,,,
05-01-2019 10:00,0.003,,,,,,,,,,,
05-01-2019 11:00,0.008,,,,,,,,,,,
05-01-2019 12:00,0.018,,,,,,,,,,,
05-01-2019 13:00,0.037,,,,,,,,,,,
05-01-2019 14:00,0.061,,,,,,,,,,,
05-01-2019 15:00,0.097,,,,,,,,,,,
05-01-2019 16:00,0.181,,,,,,,,,,,
05-01-2019 17:00,0.249,,,,,,,,,,,
05-01-2019 18:00,0.28,,,,,,,,,,,
05-01-2019 19:00,0.286,,,,,,,,,,,
05-01-2019 20:00,0.281,,,,,,,,,,,
05-01-2019 21:00,0.285,,,,,,,,,,,
05-01-2019 22:00,0.292,,,,,,,,,,,
05-01-2019 23:00,0.285,,,,,,,,,,,
06-01-2019 00:00,0.261,,,,,,,,,,,
06-01-2019 01:00,0.227,,,,,,,,,,,
06-01-2019 02:00,0.198,,,,,,,,,,,
06-01-2019 03:00,0.185,,,,,,,,,,,
06-01-2019 04:00,0.187,,,,,,,,,,,
06-01-2019 05:00,0.196,,,,,,,,,,,
06-01-2019 06:00,0.213,,,,,,,,,,,
06-01-2019 07:00,0.241,,,,,,,,,,,
06-01-2019 08:00,0.227,,,,,,,,,,,
06-01-2019 09:00,0.117,,,,,,,,,,,
06-01-2019 10:00,0.084,,,,,,,,,,,
06-01-2019 11:00,0.113,,,,,,,,,,,
06-01-2019 12:00,0.159,,,,,,,,,,,
06-01-2019 13:00,0.193,,,,,,,,,,,
06-01-2019 14:00,0.212,,,,,,,,,,,
06-01-2019 15:00,0.254,,,,,,,,,,,
06-01-2019 16:00,0.376,,,,,,,,,,,
06-01-2019 17:00,0.476,,,,,,,,,,,
06-01-2019 18:00,0.534,,,,,,,,,,,
06-01-2019 19:00,0.547,,,,,,,,,,,
06-01-2019 20:00,0.501,,,,,,,,,,,
06-01-2019 21:00,0.422,,,,,,,,,,,
06-01-2019 22:00,0.362,,,,,,,,,,,
06-01-2019 23:00,0.334,,,,,,,,,,,
07-01-2019 00:00,0.315,,,,,,,,,,,
07-01-2019 01:00,0.305,,,,,,,,,,,
07-01-2019 02:00,0.3,,,,,,,,,,,
07-01-2019 03:00,0.281,,,,,,,,,,,
07-01-2019 04:00,0.259,,,,,,,,,,,
07-01-2019 05:00,0.242,,,,,,,,,,,
07-01-2019 06:00,0.226,,,,,,,,,,,
07-01-2019 07:00,0.21,,,,,,,,,,,
07-01-2019 08:00,0.164,,,,,,,,,,,
07-01-2019 09:00,0.07,,,,,,,,,,,
07-01-2019 10:00,0.041,,,,,,,,,,,
07-01-2019 11:00,0.083,,,,,,,,,,,
07-01-2019 12:00,0.113,,,,,,,,,,,
07-01-2019 13:00,0.154,,,,,,,,,,,
07-01-2019 14:00,0.205,,,,,,,,,,,
07-01-2019 15:00,0.256,,,,,,,,,,,
07-01-2019 16:00,0.326,,,,,,,,,,,
07-01-2019 17:00,0.398,,,,,,,,,,,
07-01-2019 18:00,0.461,,,,,,,,,,,
07-01-2019 19:00,0.514,,,,,,,,,,,
07-01-2019 20:00,0.555,,,,,,,,,,,
07-01-2019 21:00,0.569,,,,,,,,,,,
07-01-2019 22:00,0.56,,,,,,,,,,,
07-01-2019 23:00,0.532,,,,,,,,,,,
08-01-2019 00:00,0.494,,,,,,,,,,,
08-01-2019 01:00,0.449,,,,,,,,,,,
08-01-2019 02:00,0.392,,,,,,,,,,,
08-01-2019 03:00,0.324,,,,,,,,,,,
08-01-2019 04:00,0.264,,,,,,,,,,,
08-01-2019 05:00,0.21,,,,,,,,,,,
08-01-2019 06:00,0.155,,,,,,,,,,,
08-01-2019 07:00,0.107,,,,,,,,,,,
08-01-2019 08:00,0.068,,,,,,,,,,,
08-01-2019 09:00,0.027,,,,,,,,,,,
08-01-2019 10:00,0.007,,,,,,,,,,,
08-01-2019 11:00,0.008,,,,,,,,,,,
08-01-2019 12:00,0.033,,,,,,,,,,,
08-01-2019 13:00,0.067,,,,,,,,,,,
08-01-2019 14:00,0.107,,,,,,,,,,,
08-01-2019 15:00,0.153,,,,,,,,,,,
08-01-2019 16:00,0.238,,,,,,,,,,,
08-01-2019 17:00,0.302,,,,,,,,,,,
08-01-2019 18:00,0.341,,,,,,,,,,,
08-01-2019 19:00,0.352,,,,,,,,,,,
08-01-2019 20:00,0.365,,,,,,,,,,,
08-01-2019 21:00,0.386,,,,,,,,,,,
08-01-2019 22:00,0.416,,,,,,,,,,,
08-01-2019 23:00,0.43,,,,,,,,,,,
09-01-2019 00:00,0.416,,,,,,,,,,,
09-01-2019 01:00,0.398,,,,,,,,,,,
09-01-2019 02:00,0.397,,,,,,,,,,,
09-01-2019 03:00,0.401,,,,,,,,,,,
09-01-2019 04:00,0.401,,,,,,,,,,,
09-01-2019 05:00,0.376,,,,,,,,,,,
09-01-2019 06:00,0.344,,,,,,,,,,,
09-01-2019 07:00,0.333,,,,,,,,,,,
09-01-2019 08:00,0.254,,,,,,,,,,,
09-01-2019 09:00,0.145,,,,,,,,,,,
09-01-2019 10:00,0.208,,,,,,,,,,,
09-01-2019 11:00,0.27,,,,,,,,,,,
09-01-2019 12:00,0.325,,,,,,,,,,,
09-01-2019 13:00,0.384,,,,,,,,,,,
09-01-2019 14:00,0.437,,,,,,,,,,,
09-01-2019 15:00,0.444,,,,,,,,,,,
09-01-2019 16:00,0.552,,,,,,,,,,,
09-01-2019 17:00,0.66,,,,,,,,,,,
09-01-2019 18:00,0.695,,,,,,,,,,,
09-01-2019 19:00,0.704,,,,,,,,,,,
09-01-2019 20:00,0.69,,,,,,,,,,,
09-01-2019 21:00,0.615,,,,,,,,,,,
09-01-2019 22:00,0.501,,,,,,,,,,,
09-01-2019 23:00,0.442,,,,,,,,,,,
10-01-2019 00:00,0.425,,,,,,,,,,,
10-01-2019 01:00,0.431,,,,,,,,,,,
10-01-2019 02:00,0.464,,,,,,,,,,,
10-01-2019 03:00,0.469,,,,,,,,,,,
10-01-2019 04:00,0.465,,,,,,,,,,,
10-01-2019 05:00,0.465,,,,,,,,,,,
10-01-2019 06:00,0.451,,,,,,,,,,,
10-01-2019 07:00,0.405,,,,,,,,,,,
10-01-2019 08:00,0.248,,,,,,,,,,,
10-01-2019 09:00,0.278,,,,,,,,,,,
10-01-2019 10:00,0.434,,,,,,,,,,,
10-01-2019 11:00,0.466,,,,,,,,,,,
10-01-2019 12:00,0.432,,,,,,,,,,,
10-01-2019 13:00,0.401,,,,,,,,,,,
10-01-2019 14:00,0.413,,,,,,,,,,,
10-01-2019 15:00,0.444,,,,,,,,,,,
10-01-2019 16:00,0.514,,,,,,,,,,,
10-01-2019 17:00,0.601,,,,,,,,,,,
10-01-2019 18:00,0.645,,,,,,,,,,,
10-01-2019 19:00,0.656,,,,,,,,,,,
10-01-2019 20:00,0.6,,,,,,,,,,,
10-01-2019 21:00,0.527,,,,,,,,,,,
10-01-2019 22:00,0.441,,,,,,,,,,,
10-01-2019 23:00,0.374,,,,,,,,,,,
11-01-2019 00:00,0.358,,,,,,,,,,,
11-01-2019 01:00,0.374,,,,,,,,,,,
11-01-2019 02:00,0.399,,,,,,,,,,,
11-01-2019 03:00,0.412,,,,,,,,,,,
11-01-2019 04:00,0.416,,,,,,,,,,,
11-01-2019 05:00,0.414,,,,,,,,,,,
11-01-2019 06:00,0.401,,,,,,,,,,,
11-01-2019 07:00,0.374,,,,,,,,,,,
11-01-2019 08:00,0.237,,,,,,,,,,,
11-01-2019 09:00,0.276,,,,,,,,,,,
11-01-2019 10:00,0.223,,,,,,,,,,,
11-01-2019 11:00,0.144,,,,,,,,,,,
11-01-2019 12:00,0.128,,,,,,,,,,,
11-01-2019 13:00,0.151,,,,,,,,,,,
11-01-2019 14:00,0.176,,,,,,,,,,,
11-01-2019 15:00,0.18,,,,,,,,,,,
11-01-2019 16:00,0.202,,,,,,,,,,,
11-01-2019 17:00,0.26,,,,,,,,,,,
11-01-2019 18:00,0.317,,,,,,,,,,,
11-01-2019 19:00,0.355,,,,,,,,,,,
11-01-2019 20:00,0.361,,,,,,,,,,,
11-01-2019 21:00,0.332,,,,,,,,,,,
11-01-2019 22:00,0.283,,,,,,,,,,,
11-01-2019 23:00,0.245,,,,,,,,,,,
12-01-2019 00:00,0.219,,,,,,,,,,,
12-01-2019 01:00,0.189,,,,,,,,,,,
12-01-2019 02:00,0.154,,,,,,,,,,,
12-01-2019 03:00,0.13,,,,,,,,,,,
12-01-2019 04:00,0.125,,,,,,,,,,,
12-01-2019 05:00,0.136,,,,,,,,,,,
12-01-2019 06:00,0.145,,,,,,,,,,,
12-01-2019 07:00,0.138,,,,,,,,,,,
12-01-2019 08:00,0.078,,,,,,,,,,,
12-01-2019 09:00,0.022,,,,,,,,,,,
12-01-2019 10:00,0.017,,,,,,,,,,,
12-01-2019 11:00,0.005,,,,,,,,,,,
12-01-2019 12:00,0.004,,,,,,,,,,,
12-01-2019 13:00,0.011,,,,,,,,,,,
12-01-2019 14:00,0.025,,,,,,,,,,,
12-01-2019 15:00,0.051,,,,,,,,,,,
12-01-2019 16:00,0.1,,,,,,,,,,,
12-01-2019 17:00,0.141,,,,,,,,,,,
12-01-2019 18:00,0.175,,,,,,,,,,,
12-01-2019 19:00,0.202,,,,,,,,,,,
12-01-2019 20:00,0.228,,,,,,,,,,,
12-01-2019 21:00,0.211,,,,,,,,,,,
12-01-2019 22:00,0.147,,,,,,,,,,,
12-01-2019 23:00,0.103,,,,,,,,,,,
13-01-2019 00:00,0.118,,,,,,,,,,,
13-01-2019 01:00,0.164,,,,,,,,,,,
13-01-2019 02:00,0.181,,,,,,,,,,,
13-01-2019 03:00,0.204,,,,,,,,,,,
13-01-2019 04:00,0.268,,,,,,,,,,,
13-01-2019 05:00,0.311,,,,,,,,,,,
13-01-2019 06:00,0.311,,,,,,,,,,,
13-01-2019 07:00,0.294,,,,,,,,,,,
13-01-2019 08:00,0.182,,,,,,,,,,,
13-01-2019 09:00,0.084,,,,,,,,,,,
13-01-2019 10:00,0.051,,,,,,,,,,,
13-01-2019 11:00,0.044,,,,,,,,,,,
13-01-2019 12:00,0.073,,,,,,,,,,,
13-01-2019 13:00,0.114,,,,,,,,,,,
13-01-2019 14:00,0.146,,,,,,,,,,,
13-01-2019 15:00,0.167,,,,,,,,,,,
13-01-2019 16:00,0.227,,,,,,,,,,,
13-01-2019 17:00,0.278,,,,,,,,,,,
13-01-2019 18:00,0.308,,,,,,,,,,,
13-01-2019 19:00,0.312,,,,,,,,,,,
13-01-2019 20:00,0.295,,,,,,,,,,,
13-01-2019 21:00,0.266,,,,,,,,,,,
13-01-2019 22:00,0.235,,,,,,,,,,,
13-01-2019 23:00,0.22,,,,,,,,,,,
14-01-2019 00:00,0.227,,,,,,,,,,,
14-01-2019 01:00,0.249,,,,,,,,,,,
14-01-2019 02:00,0.27,,,,,,,,,,,
14-01-2019 03:00,0.274,,,,,,,,,,,
14-01-2019 04:00,0.276,,,,,,,,,,,
14-01-2019 05:00,0.266,,,,,,,,,,,
14-01-2019 06:00,0.236,,,,,,,,,,,
14-01-2019 07:00,0.192,,,,,,,,,,,
14-01-2019 08:00,0.122,,,,,,,,,,,
14-01-2019 09:00,0.07,,,,,,,,,,,
14-01-2019 10:00,0.063,,,,,,,,,,,
14-01-2019 11:00,0.13,,,,,,,,,,,
14-01-2019 12:00,0.17,,,,,,,,,,,
14-01-2019 13:00,0.199,,,,,,,,,,,
14-01-2019 14:00,0.196,,,,,,,,,,,
14-01-2019 15:00,0.209,,,,,,,,,,,
14-01-2019 16:00,0.295,,,,,,,,,,,
14-01-2019 17:00,0.354,,,,,,,,,,,
14-01-2019 18:00,0.372,,,,,,,,,,,
14-01-2019 19:00,0.371,,,,,,,,,,,
14-01-2019 20:00,0.369,,,,,,,,,,,
14-01-2019 21:00,0.394,,,,,,,,,,,
14-01-2019 22:00,0.402,,,,,,,,,,,
14-01-2019 23:00,0.395,,,,,,,,,,,
15-01-2019 00:00,0.37,,,,,,,,,,,
15-01-2019 01:00,0.353,,,,,,,,,,,
15-01-2019 02:00,0.344,,,,,,,,,,,
15-01-2019 03:00,0.344,,,,,,,,,,,
15-01-2019 04:00,0.329,,,,,,,,,,,
15-01-2019 05:00,0.322,,,,,,,,,,,
15-01-2019 06:00,0.353,,,,,,,,,,,
15-01-2019 07:00,0.413,,,,,,,,,,,
15-01-2019 08:00,0.413,,,,,,,,,,,
15-01-2019 09:00,0.233,,,,,,,,,,,
15-01-2019 10:00,0.229,,,,,,,,,,,
15-01-2019 11:00,0.223,,,,,,,,,,,
15-01-2019 12:00,0.159,,,,,,,,,,,
15-01-2019 13:00,0.12,,,,,,,,,,,
15-01-2019 14:00,0.098,,,,,,,,,,,
15-01-2019 15:00,0.085,,,,,,,,,,,
15-01-2019 16:00,0.102,,,,,,,,,,,
15-01-2019 17:00,0.144,,,,,,,,,,,
15-01-2019 18:00,0.192,,,,,,,,,,,
15-01-2019 19:00,0.228,,,,,,,,,,,
15-01-2019 20:00,0.26,,,,,,,,,,,
15-01-2019 21:00,0.27,,,,,,,,,,,
15-01-2019 22:00,0.272,,,,,,,,,,,
15-01-2019 23:00,0.273,,,,,,,,,,,
16-01-2019 00:00,0.263,,,,,,,,,,,
16-01-2019 01:00,0.243,,,,,,,,,,,
16-01-2019 02:00,0.223,,,,,,,,,,,
16-01-2019 03:00,0.21,,,,,,,,,,,
16-01-2019 04:00,0.192,,,,,,,,,,,
16-01-2019 05:00,0.166,,,,,,,,,,,
16-01-2019 06:00,0.144,,,,,,,,,,,
16-01-2019 07:00,0.143,,,,,,,,,,,
16-01-2019 08:00,0.133,,,,,,,,,,,
16-01-2019 09:00,0.096,,,,,,,,,,,
16-01-2019 10:00,0.185,,,,,,,,,,,
16-01-2019 11:00,0.224,,,,,,,,,,,
16-01-2019 12:00,0.241,,,,,,,,,,,
16-01-2019 13:00,0.247,,,,,,,,,,,
16-01-2019 14:00,0.238,,,,,,,,,,,
16-01-2019 15:00,0.228,,,,,,,,,,,
16-01-2019 16:00,0.251,,,,,,,,,,,
16-01-2019 17:00,0.309,,,,,,,,,,,
16-01-2019 18:00,0.346,,,,,,,,,,,
16-01-2019 19:00,0.367,,,,,,,,,,,
16-01-2019 20:00,0.358,,,,,,,,,,,
16-01-2019 21:00,0.3,,,,,,,,,,,
16-01-2019 22:00,0.204,,,,,,,,,,,
16-01-2019 23:00,0.131,,,,,,,,,,,
17-01-2019 00:00,0.097,,,,,,,,,,,
17-01-2019 01:00,0.084,,,,,,,,,,,
17-01-2019 02:00,0.08,,,,,,,,,,,
17-01-2019 03:00,0.084,,,,,,,,,,,
17-01-2019 04:00,0.084,,,,,,,,,,,
17-01-2019 05:00,0.062,,,,,,,,,,,
17-01-2019 06:00,0.045,,,,,,,,,,,
17-01-2019 07:00,0.036,,,,,,,,,,,
17-01-2019 08:00,0.035,,,,,,,,,,,
17-01-2019 09:00,0.046,,,,,,,,,,,
17-01-2019 10:00,0.06,,,,,,,,,,,
17-01-2019 11:00,0.088,,,,,,,,,,,
17-01-2019 12:00,0.107,,,,,,,,,,,
17-01-2019 13:00,0.13,,,,,,,,,,,
17-01-2019 14:00,0.147,,,,,,,,,,,
17-01-2019 15:00,0.161,,,,,,,,,,,
17-01-2019 16:00,0.192,,,,,,,,,,,
17-01-2019 17:00,0.264,,,,,,,,,,,
17-01-2019 18:00,0.296,,,,,,,,,,,
17-01-2019 19:00,0.323,,,,,,,,,,,
17-01-2019 20:00,0.346,,,,,,,,,,,
17-01-2019 21:00,0.369,,,,,,,,,,,
17-01-2019 22:00,0.388,,,,,,,,,,,
17-01-2019 23:00,0.407,,,,,,,,,,,
18-01-2019 00:00,0.429,,,,,,,,,,,
18-01-2019 01:00,0.433,,,,,,,,,,,
18-01-2019 02:00,0.4,,,,,,,,,,,
18-01-2019 03:00,0.334,,,,,,,,,,,
18-01-2019 04:00,0.243,,,,,,,,,,,
18-01-2019 05:00,0.147,,,,,,,,,,,
18-01-2019 06:00,0.067,,,,,,,,,,,
18-01-2019 07:00,0.018,,,,,,,,,,,
18-01-2019 08:00,0.004,,,,,,,,,,,
18-01-2019 09:00,0.004,,,,,,,,,,,
18-01-2019 10:00,0.025,,,,,,,,,,,
18-01-2019 11:00,0.045,,,,,,,,,,,
18-01-2019 12:00,0.114,,,,,,,,,,,
18-01-2019 13:00,0.204,,,,,,,,,,,
18-01-2019 14:00,0.251,,,,,,,,,,,
18-01-2019 15:00,0.25,,,,,,,,,,,
18-01-2019 16:00,0.228,,,,,,,,,,,
18-01-2019 17:00,0.211,,,,,,,,,,,
18-01-2019 18:00,0.208,,,,,,,,,,,
18-01-2019 19:00,0.237,,,,,,,,,,,
18-01-2019 20:00,0.284,,,,,,,,,,,
18-01-2019 21:00,0.325,,,,,,,,,,,
18-01-2019 22:00,0.344,,,,,,,,,,,
18-01-2019 23:00,0.337,,,,,,,,,,,
19-01-2019 00:00,0.328,,,,,,,,,,,
19-01-2019 01:00,0.305,,,,,,,,,,,
19-01-2019 02:00,0.258,,,,,,,,,,,
19-01-2019 03:00,0.225,,,,,,,,,,,
19-01-2019 04:00,0.188,,,,,,,,,,,
19-01-2019 05:00,0.132,,,,,,,,,,,
19-01-2019 06:00,0.084,,,,,,,,,,,
19-01-2019 07:00,0.062,,,,,,,,,,,
19-01-2019 08:00,0.058,,,,,,,,,,,
19-01-2019 09:00,0.071,,,,,,,,,,,
19-01-2019 10:00,0.084,,,,,,,,,,,
19-01-2019 11:00,0.113,,,,,,,,,,,
19-01-2019 12:00,0.152,,,,,,,,,,,
19-01-2019 13:00,0.2,,,,,,,,,,,
19-01-2019 14:00,0.235,,,,,,,,,,,
19-01-2019 15:00,0.241,,,,,,,,,,,
19-01-2019 16:00,0.279,,,,,,,,,,,
19-01-2019 17:00,0.375,,,,,,,,,,,
19-01-2019 18:00,0.441,,,,,,,,,,,
19-01-2019 19:00,0.519,,,,,,,,,,,
19-01-2019 20:00,0.588,,,,,,,,,,,
19-01-2019 21:00,0.65,,,,,,,,,,,
19-01-2019 22:00,0.707,,,,,,,,,,,
19-01-2019 23:00,0.814,,,,,,,,,,,
20-01-2019 00:00,0.872,,,,,,,,,,,
20-01-2019 01:00,0.843,,,,,,,,,,,
20-01-2019 02:00,0.77,,,,,,,,,,,
20-01-2019 03:00,0.724,,,,,,,,,,,
20-01-2019 04:00,0.685,,,,,,,,,,,
20-01-2019 05:00,0.64,,,,,,,,,,,
20-01-2019 06:00,0.578,,,,,,,,,,,
20-01-2019 07:00,0.522,,,,,,,,,,,
20-01-2019 08:00,0.467,,,,,,,,,,,
20-01-2019 09:00,0.519,,,,,,,,,,,
20-01-2019 10:00,0.642,,,,,,,,,,,
20-01-2019 11:00,0.744,,,,,,,,,,,
20-01-2019 12:00,0.793,,,,,,,,,,,
20-01-2019 13:00,0.802,,,,,,,,,,,
20-01-2019 14:00,0.796,,,,,,,,,,,
20-01-2019 15:00,0.784,,,,,,,,,,,
20-01-2019 16:00,0.729,,,,,,,,,,,
20-01-2019 17:00,0.736,,,,,,,,,,,
20-01-2019 18:00,0.734,,,,,,,,,,,
20-01-2019 19:00,0.704,,,,,,,,,,,
20-01-2019 20:00,0.656,,,,,,,,,,,
20-01-2019 21:00,0.642,,,,,,,,,,,
20-01-2019 22:00,0.634,,,,,,,,,,,
20-01-2019 23:00,0.61,,,,,,,,,,,
21-01-2019 00:00,0.566,,,,,,,,,,,
21-01-2019 01:00,0.503,,,,,,,,,,,
21-01-2019 02:00,0.459,,,,,,,,,,,
21-01-2019 03:00,0.413,,,,,,,,,,,
21-01-2019 04:00,0.361,,,,,,,,,,,
21-01-2019 05:00,0.287,,,,,,,,,,,
21-01-2019 06:00,0.252,,,,,,,,,,,
21-01-2019 07:00,0.217,,,,,,,,,,,
21-01-2019 08:00,0.196,,,,,,,,,,,
21-01-2019 09:00,0.278,,,,,,,,,,,
21-01-2019 10:00,0.49,,,,,,,,,,,
21-01-2019 11:00,0.536,,,,,,,,,,,
21-01-2019 12:00,0.55,,,,,,,,,,,
21-01-2019 13:00,0.555,,,,,,,,,,,
21-01-2019 14:00,0.541,,,,,,,,,,,
21-01-2019 15:00,0.51,,,,,,,,,,,
21-01-2019 16:00,0.481,,,,,,,,,,,
21-01-2019 17:00,0.563,,,,,,,,,,,
21-01-2019 18:00,0.633,,,,,,,,,,,
21-01-2019 19:00,0.672,,,,,,,,,,,
21-01-2019 20:00,0.661,,,,,,,,,,,
21-01-2019 21:00,0.567,,,,,,,,,,,
21-01-2019 22:00,0.398,,,,,,,,,,,
21-01-2019 23:00,0.241,,,,,,,,,,,
22-01-2019 00:00,0.144,,,,,,,,,,,
22-01-2019 01:00,0.106,,,,,,,,,,,
22-01-2019 02:00,0.141,,,,,,,,,,,
22-01-2019 03:00,0.199,,,,,,,,,,,
22-01-2019 04:00,0.22,,,,,,,,,,,
22-01-2019 05:00,0.259,,,,,,,,,,,
22-01-2019 06:00,0.341,,,,,,,,,,,
22-01-2019 07:00,0.399,,,,,,,,,,,
22-01-2019 08:00,0.314,,,,,,,,,,,
22-01-2019 09:00,0.315,,,,,,,,,,,
22-01-2019 10:00,0.495,,,,,,,,,,,
22-01-2019 11:00,0.62,,,,,,,,,,,
22-01-2019 12:00,0.64,,,,,,,,,,,
22-01-2019 13:00,0.668,,,,,,,,,,,
22-01-2019 14:00,0.709,,,,,,,,,,,
22-01-2019 15:00,0.724,,,,,,,,,,,
22-01-2019 16:00,0.694,,,,,,,,,,,
22-01-2019 17:00,0.666,,,,,,,,,,,
22-01-2019 18:00,0.666,,,,,,,,,,,
22-01-2019 19:00,0.676,,,,,,,,,,,
22-01-2019 20:00,0.692,,,,,,,,,,,
22-01-2019 21:00,0.731,,,,,,,,,,,
22-01-2019 22:00,0.724,,,,,,,,,,,
22-01-2019 23:00,0.69,,,,,,,,,,,
23-01-2019 00:00,0.671,,,,,,,,,,,
23-01-2019 01:00,0.675,,,,,,,,,,,
23-01-2019 02:00,0.69,,,,,,,,,,,
23-01-2019 03:00,0.706,,,,,,,,,,,
23-01-2019 04:00,0.73,,,,,,,,,,,
23-01-2019 05:00,0.733,,,,,,,,,,,
23-01-2019 06:00,0.77,,,,,,,,,,,
23-01-2019 07:00,0.824,,,,,,,,,,,
23-01-2019 08:00,0.878,,,,,,,,,,,
23-01-2019 09:00,0.91,,,,,,,,,,,
23-01-2019 10:00,0.941,,,,,,,,,,,
23-01-2019 11:00,0.964,,,,,,,,,,,
23-01-2019 12:00,0.975,,,,,,,,,,,
23-01-2019 13:00,0.979,,,,,,,,,,,
23-01-2019 14:00,0.979,,,,,,,,,,,
23-01-2019 15:00,0.975,,,,,,,,,,,
23-01-2019 16:00,0.967,,,,,,,,,,,
23-01-2019 17:00,0.967,,,,,,,,,,,
23-01-2019 18:00,0.969,,,,,,,,,,,
23-01-2019 19:00,0.969,,,,,,,,,,,
23-01-2019 20:00,0.965,,,,,,,,,,,
23-01-2019 21:00,0.947,,,,,,,,,,,
23-01-2019 22:00,0.917,,,,,,,,,,,
23-01-2019 23:00,0.876,,,,,,,,,,,
24-01-2019 00:00,0.865,,,,,,,,,,,
24-01-2019 01:00,0.857,,,,,,,,,,,
24-01-2019 02:00,0.826,,,,,,,,,,,
24-01-2019 03:00,0.812,,,,,,,,,,,
24-01-2019 04:00,0.8,,,,,,,,,,,
24-01-2019 05:00,0.799,,,,,,,,,,,
24-01-2019 06:00,0.766,,,,,,,,,,,
24-01-2019 07:00,0.732,,,,,,,,,,,
24-01-2019 08:00,0.712,,,,,,,,,,,
24-01-2019 09:00,0.767,,,,,,,,,,,
24-01-2019 10:00,0.913,,,,,,,,,,,
24-01-2019 11:00,0.924,,,,,,,,,,,
24-01-2019 12:00,0.917,,,,,,,,,,,
24-01-2019 13:00,0.905,,,,,,,,,,,
24-01-2019 14:00,0.885,,,,,,,,,,,
24-01-2019 15:00,0.861,,,,,,,,,,,
24-01-2019 16:00,0.817,,,,,,,,,,,
24-01-2019 17:00,0.795,,,,,,,,,,,
24-01-2019 18:00,0.768,,,,,,,,,,,
24-01-2019 19:00,0.737,,,,,,,,,,,
24-01-2019 20:00,0.692,,,,,,,,,,,
24-01-2019 21:00,0.642,,,,,,,,,,,
24-01-2019 22:00,0.625,,,,,,,,,,,
24-01-2019 23:00,0.615,,,,,,,,,,,
25-01-2019 00:00,0.627,,,,,,,,,,,
25-01-2019 01:00,0.647,,,,,,,,,,,
25-01-2019 02:00,0.643,,,,,,,,,,,
25-01-2019 03:00,0.662,,,,,,,,,,,
25-01-2019 04:00,0.7,,,,,,,,,,,
25-01-2019 05:00,0.699,,,,,,,,,,,
25-01-2019 06:00,0.633,,,,,,,,,,,
25-01-2019 07:00,0.512,,,,,,,,,,,
25-01-2019 08:00,0.454,,,,,,,,,,,
25-01-2019 09:00,0.613,,,,,,,,,,,
25-01-2019 10:00,0.757,,,,,,,,,,,
25-01-2019 11:00,0.742,,,,,,,,,,,
25-01-2019 12:00,0.703,,,,,,,,,,,
25-01-2019 13:00,0.653,,,,,,,,,,,
25-01-2019 14:00,0.618,,,,,,,,,,,
25-01-2019 15:00,0.586,,,,,,,,,,,
25-01-2019 16:00,0.583,,,,,,,,,,,
25-01-2019 17:00,0.69,,,,,,,,,,,
25-01-2019 18:00,0.746,,,,,,,,,,,
25-01-2019 19:00,0.742,,,,,,,,,,,
25-01-2019 20:00,0.69,,,,,,,,,,,
25-01-2019 21:00,0.607,,,,,,,,,,,
25-01-2019 22:00,0.532,,,,,,,,,,,
25-01-2019 23:00,0.457,,,,,,,,,,,
26-01-2019 00:00,0.392,,,,,,,,,,,
26-01-2019 01:00,0.345,,,,,,,,,,,
26-01-2019 02:00,0.313,,,,,,,,,,,
26-01-2019 03:00,0.262,,,,,,,,,,,
26-01-2019 04:00,0.175,,,,,,,,,,,
26-01-2019 05:00,0.099,,,,,,,,,,,
26-01-2019 06:00,0.054,,,,,,,,,,,
26-01-2019 07:00,0.027,,,,,,,,,,,
26-01-2019 08:00,0.011,,,,,,,,,,,
26-01-2019 09:00,0.006,,,,,,,,,,,
26-01-2019 10:00,0.023,,,,,,,,,,,
26-01-2019 11:00,0.064,,,,,,,,,,,
26-01-2019 12:00,0.121,,,,,,,,,,,
26-01-2019 13:00,0.179,,,,,,,,,,,
26-01-2019 14:00,0.223,,,,,,,,,,,
26-01-2019 15:00,0.213,,,,,,,,,,,
26-01-2019 16:00,0.177,,,,,,,,,,,
26-01-2019 17:00,0.152,,,,,,,,,,,
26-01-2019 18:00,0.147,,,,,,,,,,,
26-01-2019 19:00,0.201,,,,,,,,,,,
26-01-2019 20:00,0.314,,,,,,,,,,,
26-01-2019 21:00,0.479,,,,,,,,,,,
26-01-2019 22:00,0.625,,,,,,,,,,,
26-01-2019 23:00,0.695,,,,,,,,,,,
27-01-2019 00:00,0.712,,,,,,,,,,,
27-01-2019 01:00,0.715,,,,,,,,,,,
27-01-2019 02:00,0.713,,,,,,,,,,,
27-01-2019 03:00,0.699,,,,,,,,,,,
27-01-2019 04:00,0.689,,,,,,,,,,,
27-01-2019 05:00,0.674,,,,,,,,,,,
27-01-2019 06:00,0.613,,,,,,,,,,,
27-01-2019 07:00,0.505,,,,,,,,,,,
27-01-2019 08:00,0.386,,,,,,,,,,,
27-01-2019 09:00,0.442,,,,,,,,,,,
27-01-2019 10:00,0.607,,,,,,,,,,,
27-01-2019 11:00,0.688,,,,,,,,,,,
27-01-2019 12:00,0.713,,,,,,,,,,,
27-01-2019 13:00,0.765,,,,,,,,,,,
27-01-2019 14:00,0.793,,,,,,,,,,,
27-01-2019 15:00,0.776,,,,,,,,,,,
27-01-2019 16:00,0.71,,,,,,,,,,,
27-01-2019 17:00,0.785,,,,,,,,,,,
27-01-2019 18:00,0.813,,,,,,,,,,,
27-01-2019 19:00,0.786,,,,,,,,,,,
27-01-2019 20:00,0.755,,,,,,,,,,,
27-01-2019 21:00,0.674,,,,,,,,,,,
27-01-2019 22:00,0.576,,,,,,,,,,,
27-01-2019 23:00,0.518,,,,,,,,,,,
28-01-2019 00:00,0.484,,,,,,,,,,,
28-01-2019 01:00,0.489,,,,,,,,,,,
28-01-2019 02:00,0.495,,,,,,,,,,,
28-01-2019 03:00,0.501,,,,,,,,,,,
28-01-2019 04:00,0.507,,,,,,,,,,,
28-01-2019 05:00,0.543,,,,,,,,,,,
28-01-2019 06:00,0.596,,,,,,,,,,,
28-01-2019 07:00,0.65,,,,,,,,,,,
28-01-2019 08:00,0.532,,,,,,,,,,,
28-01-2019 09:00,0.558,,,,,,,,,,,
28-01-2019 10:00,0.844,,,,,,,,,,,
28-01-2019 11:00,0.884,,,,,,,,,,,
28-01-2019 12:00,0.899,,,,,,,,,,,
28-01-2019 13:00,0.914,,,,,,,,,,,
28-01-2019 14:00,0.93,,,,,,,,,,,
28-01-2019 15:00,0.927,,,,,,,,,,,
28-01-2019 16:00,0.881,,,,,,,,,,,
28-01-2019 17:00,0.865,,,,,,,,,,,
28-01-2019 18:00,0.833,,,,,,,,,,,
28-01-2019 19:00,0.793,,,,,,,,,,,
28-01-2019 20:00,0.759,,,,,,,,,,,
28-01-2019 21:00,0.73,,,,,,,,,,,
28-01-2019 22:00,0.642,,,,,,,,,,,
28-01-2019 23:00,0.488,,,,,,,,,,,
29-01-2019 00:00,0.305,,,,,,,,,,,
29-01-2019 01:00,0.218,,,,,,,,,,,
29-01-2019 02:00,0.209,,,,,,,,,,,
29-01-2019 03:00,0.182,,,,,,,,,,,
29-01-2019 04:00,0.164,,,,,,,,,,,
29-01-2019 05:00,0.184,,,,,,,,,,,
29-01-2019 06:00,0.223,,,,,,,,,,,
29-01-2019 07:00,0.259,,,,,,,,,,,
29-01-2019 08:00,0.319,,,,,,,,,,,
29-01-2019 09:00,0.41,,,,,,,,,,,
29-01-2019 10:00,0.566,,,,,,,,,,,
29-01-2019 11:00,0.752,,,,,,,,,,,
29-01-2019 12:00,0.89,,,,,,,,,,,
29-01-2019 13:00,0.95,,,,,,,,,,,
29-01-2019 14:00,0.972,,,,,,,,,,,
29-01-2019 15:00,0.969,,,,,,,,,,,
29-01-2019 16:00,0.951,,,,,,,,,,,
29-01-2019 17:00,0.937,,,,,,,,,,,
29-01-2019 18:00,0.925,,,,,,,,,,,
29-01-2019 19:00,0.914,,,,,,,,,,,
29-01-2019 20:00,0.891,,,,,,,,,,,
29-01-2019 21:00,0.879,,,,,,,,,,,
29-01-2019 22:00,0.851,,,,,,,,,,,
29-01-2019 23:00,0.795,,,,,,,,,,,
30-01-2019 00:00,0.724,,,,,,,,,,,
30-01-2019 01:00,0.663,,,,,,,,,,,
30-01-2019 02:00,0.642,,,,,,,,,,,
30-01-2019 03:00,0.594,,,,,,,,,,,
30-01-2019 04:00,0.567,,,,,,,,,,,
30-01-2019 05:00,0.523,,,,,,,,,,,
30-01-2019 06:00,0.401,,,,,,,,,,,
30-01-2019 07:00,0.355,,,,,,,,,,,
30-01-2019 08:00,0.289,,,,,,,,,,,
30-01-2019 09:00,0.295,,,,,,,,,,,
30-01-2019 10:00,0.335,,,,,,,,,,,
30-01-2019 11:00,0.432,,,,,,,,,,,
30-01-2019 12:00,0.513,,,,,,,,,,,
30-01-2019 13:00,0.591,,,,,,,,,,,
30-01-2019 14:00,0.654,,,,,,,,,,,
30-01-2019 15:00,0.707,,,,,,,,,,,
30-01-2019 16:00,0.686,,,,,,,,,,,
30-01-2019 17:00,0.656,,,,,,,,,,,
30-01-2019 18:00,0.657,,,,,,,,,,,
30-01-2019 19:00,0.656,,,,,,,,,,,
30-01-2019 20:00,0.71,,,,,,,,,,,
30-01-2019 21:00,0.754,,,,,,,,,,,
30-01-2019 22:00,0.812,,,,,,,,,,,
30-01-2019 23:00,0.879,,,,,,,,,,,
31-01-2019 00:00,0.93,,,,,,,,,,,
31-01-2019 01:00,0.944,,,,,,,,,,,
31-01-2019 02:00,0.95,,,,,,,,,,,
31-01-2019 03:00,0.937,,,,,,,,,,,
31-01-2019 04:00,0.917,,,,,,,,,,,
31-01-2019 05:00,0.919,,,,,,,,,,,
31-01-2019 06:00,0.917,,,,,,,,,,,
31-01-2019 07:00,0.916,,,,,,,,,,,
31-01-2019 08:00,0.904,,,,,,,,,,,
31-01-2019 09:00,0.928,,,,,,,,,,,
31-01-2019 10:00,0.957,,,,,,,,,,,
31-01-2019 11:00,0.969,,,,,,,,,,,
31-01-2019 12:00,0.979,,,,,,,,,,,
31-01-2019 13:00,0.977,,,,,,,,,,,
31-01-2019 14:00,0.975,,,,,,,,,,,
31-01-2019 15:00,0.964,,,,,,,,,,,
31-01-2019 16:00,0.936,,,,,,,,,,,
31-01-2019 17:00,0.936,,,,,,,,,,,
31-01-2019 18:00,0.948,,,,,,,,,,,
31-01-2019 19:00,0.965,,,,,,,,,,,
31-01-2019 20:00,0.98,,,,,,,,,,,
31-01-2019 21:00,0.985,,,,,,,,,,,
31-01-2019 22:00,0.986,,,,,,,,,,,
31-01-2019 23:00,0.987,,,,,,,,,,,
01-02-2019 00:00,0.989,,,,,,,,,,,
01-02-2019 01:00,0.988,,,,,,,,,,,
01-02-2019 02:00,0.985,,,,,,,,,,,
01-02-2019 03:00,0.986,,,,,,,,,,,
01-02-2019 04:00,0.988,,,,,,,,,,,
01-02-2019 05:00,0.978,,,,,,,,,,,
01-02-2019 06:00,0.938,,,,,,,,,,,
01-02-2019 07:00,0.866,,,,,,,,,,,
01-02-2019 08:00,0.905,,,,,,,,,,,
01-02-2019 09:00,0.938,,,,,,,,,,,
01-02-2019 10:00,0.947,,,,,,,,,,,
01-02-2019 11:00,0.956,,,,,,,,,,,
01-02-2019 12:00,0.967,,,,,,,,,,,
01-02-2019 13:00,0.976,,,,,,,,,,,
01-02-2019 14:00,0.983,,,,,,,,,,,
01-02-2019 15:00,0.983,,,,,,,,,,,
01-02-2019 16:00,0.965,,,,,,,,,,,
01-02-2019 17:00,0.969,,,,,,,,,,,
01-02-2019 18:00,0.981,,,,,,,,,,,
01-02-2019 19:00,0.983,,,,,,,,,,,
01-02-2019 20:00,0.983,,,,,,,,,,,
01-02-2019 21:00,0.984,,,,,,,,,,,
01-02-2019 22:00,0.982,,,,,,,,,,,
01-02-2019 23:00,0.976,,,,,,,,,,,
02-02-2019 00:00,0.968,,,,,,,,,,,
02-02-2019 01:00,0.962,,,,,,,,,,,
02-02-2019 02:00,0.952,,,,,,,,,,,
02-02-2019 03:00,0.941,,,,,,,,,,,
02-02-2019 04:00,0.9,,,,,,,,,,,
02-02-2019 05:00,0.876,,,,,,,,,,,
02-02-2019 06:00,0.866,,,,,,,,,,,
02-02-2019 07:00,0.845,,,,,,,,,,,
02-02-2019 08:00,0.837,,,,,,,,,,,
02-02-2019 09:00,0.917,,,,,,,,,,,
02-02-2019 10:00,0.938,,,,,,,,,,,
02-02-2019 11:00,0.939,,,,,,,,,,,
02-02-2019 12:00,0.928,,,,,,,,,,,
02-02-2019 13:00,0.92,,,,,,,,,,,
02-02-2019 14:00,0.918,,,,,,,,,,,
02-02-2019 15:00,0.923,,,,,,,,,,,
02-02-2019 16:00,0.901,,,,,,,,,,,
02-02-2019 17:00,0.846,,,,,,,,,,,
02-02-2019 18:00,0.784,,,,,,,,,,,
02-02-2019 19:00,0.762,,,,,,,,,,,
02-02-2019 20:00,0.727,,,,,,,,,,,
02-02-2019 21:00,0.685,,,,,,,,,,,
02-02-2019 22:00,0.689,,,,,,,,,,,
02-02-2019 23:00,0.679,,,,,,,,,,,
03-02-2019 00:00,0.682,,,,,,,,,,,
03-02-2019 01:00,0.737,,,,,,,,,,,
03-02-2019 02:00,0.778,,,,,,,,,,,
03-02-2019 03:00,0.763,,,,,,,,,,,
03-02-2019 04:00,0.75,,,,,,,,,,,
03-02-2019 05:00,0.716,,,,,,,,,,,
03-02-2019 06:00,0.674,,,,,,,,,,,
03-02-2019 07:00,0.639,,,,,,,,,,,
03-02-2019 08:00,0.58,,,,,,,,,,,
03-02-2019 09:00,0.784,,,,,,,,,,,
03-02-2019 10:00,0.84,,,,,,,,,,,
03-02-2019 11:00,0.857,,,,,,,,,,,
03-02-2019 12:00,0.866,,,,,,,,,,,
03-02-2019 13:00,0.866,,,,,,,,,,,
03-02-2019 14:00,0.857,,,,,,,,,,,
03-02-2019 15:00,0.828,,,,,,,,,,,
03-02-2019 16:00,0.762,,,,,,,,,,,
03-02-2019 17:00,0.733,,,,,,,,,,,
03-02-2019 18:00,0.746,,,,,,,,,,,
03-02-2019 19:00,0.746,,,,,,,,,,,
03-02-2019 20:00,0.71,,,,,,,,,,,
03-02-2019 21:00,0.599,,,,,,,,,,,
03-02-2019 22:00,0.494,,,,,,,,,,,
03-02-2019 23:00,0.466,,,,,,,,,,,
04-02-2019 00:00,0.427,,,,,,,,,,,
04-02-2019 01:00,0.387,,,,,,,,,,,
04-02-2019 02:00,0.372,,,,,,,,,,,
04-02-2019 03:00,0.348,,,,,,,,,,,
04-02-2019 04:00,0.296,,,,,,,,,,,
04-02-2019 05:00,0.241,,,,,,,,,,,
04-02-2019 06:00,0.202,,,,,,,,,,,
04-02-2019 07:00,0.162,,,,,,,,,,,
04-02-2019 08:00,0.07,,,,,,,,,,,
04-02-2019 09:00,0.074,,,,,,,,,,,
04-02-2019 10:00,0.149,,,,,,,,,,,
04-02-2019 11:00,0.161,,,,,,,,,,,
04-02-2019 12:00,0.157,,,,,,,,,,,
04-02-2019 13:00,0.146,,,,,,,,,,,
04-02-2019 14:00,0.149,,,,,,,,,,,
04-02-2019 15:00,0.161,,,,,,,,,,,
04-02-2019 16:00,0.199,,,,,,,,,,,
04-02-2019 17:00,0.253,,,,,,,,,,,
04-02-2019 18:00,0.259,,,,,,,,,,,
04-02-2019 19:00,0.235,,,,,,,,,,,
04-02-2019 20:00,0.203,,,,,,,,,,,
04-02-2019 21:00,0.174,,,,,,,,,,,
04-02-2019 22:00,0.168,,,,,,,,,,,
04-02-2019 23:00,0.166,,,,,,,,,,,
05-02-2019 00:00,0.145,,,,,,,,,,,
05-02-2019 01:00,0.134,,,,,,,,,,,
05-02-2019 02:00,0.138,,,,,,,,,,,
05-02-2019 03:00,0.155,,,,,,,,,,,
05-02-2019 04:00,0.168,,,,,,,,,,,
05-02-2019 05:00,0.164,,,,,,,,,,,
05-02-2019 06:00,0.147,,,,,,,,,,,
05-02-2019 07:00,0.128,,,,,,,,,,,
05-02-2019 08:00,0.07,,,,,,,,,,,
05-02-2019 09:00,0.02,,,,,,,,,,,
05-02-2019 10:00,0.064,,,,,,,,,,,
05-02-2019 11:00,0.121,,,,,,,,,,,
05-02-2019 12:00,0.137,,,,,,,,,,,
05-02-2019 13:00,0.154,,,,,,,,,,,
05-02-2019 14:00,0.167,,,,,,,,,,,
05-02-2019 15:00,0.171,,,,,,,,,,,
05-02-2019 16:00,0.199,,,,,,,,,,,
05-02-2019 17:00,0.26,,,,,,,,,,,
05-02-2019 18:00,0.28,,,,,,,,,,,
05-02-2019 19:00,0.259,,,,,,,,,,,
05-02-2019 20:00,0.211,,,,,,,,,,,
05-02-2019 21:00,0.167,,,,,,,,,,,
05-02-2019 22:00,0.131,,,,,,,,,,,
05-02-2019 23:00,0.103,,,,,,,,,,,
06-02-2019 00:00,0.082,,,,,,,,,,,
06-02-2019 01:00,0.061,,,,,,,,,,,
06-02-2019 02:00,0.043,,,,,,,,,,,
06-02-2019 03:00,0.03,,,,,,,,,,,
06-02-2019 04:00,0.021,,,,,,,,,,,
06-02-2019 05:00,0.016,,,,,,,,,,,
06-02-2019 06:00,0.014,,,,,,,,,,,
06-02-2019 07:00,0.015,,,,,,,,,,,
06-02-2019 08:00,0.012,,,,,,,,,,,
06-02-2019 09:00,0.004,,,,,,,,,,,
06-02-2019 10:00,0.008,,,,,,,,,,,
06-02-2019 11:00,0.03,,,,,,,,,,,
06-02-2019 12:00,0.052,,,,,,,,,,,
06-02-2019 13:00,0.072,,,,,,,,,,,
06-02-2019 14:00,0.091,,,,,,,,,,,
06-02-2019 15:00,0.115,,,,,,,,,,,
06-02-2019 16:00,0.151,,,,,,,,,,,
06-02-2019 17:00,0.168,,,,,,,,,,,
06-02-2019 18:00,0.145,,,,,,,,,,,
06-02-2019 19:00,0.118,,,,,,,,,,,
06-02-2019 20:00,0.111,,,,,,,,,,,
06-02-2019 21:00,0.133,,,,,,,,,,,
06-02-2019 22:00,0.189,,,,,,,,,,,
06-02-2019 23:00,0.264,,,,,,,,,,,
07-02-2019 00:00,0.314,,,,,,,,,,,
07-02-2019 01:00,0.3,,,,,,,,,,,
07-02-2019 02:00,0.248,,,,,,,,,,,
07-02-2019 03:00,0.182,,,,,,,,,,,
07-02-2019 04:00,0.144,,,,,,,,,,,
07-02-2019 05:00,0.137,,,,,,,,,,,
07-02-2019 06:00,0.127,,,,,,,,,,,
07-02-2019 07:00,0.101,,,,,,,,,,,
07-02-2019 08:00,0.061,,,,,,,,,,,
07-02-2019 09:00,0.031,,,,,,,,,,,
07-02-2019 10:00,0.037,,,,,,,,,,,
07-02-2019 11:00,0.062,,,,,,,,,,,
07-02-2019 12:00,0.088,,,,,,,,,,,
07-02-2019 13:00,0.112,,,,,,,,,,,
07-02-2019 14:00,0.122,,,,,,,,,,,
07-02-2019 15:00,0.143,,,,,,,,,,,
07-02-2019 16:00,0.192,,,,,,,,,,,
07-02-2019 17:00,0.191,,,,,,,,,,,
07-02-2019 18:00,0.108,,,,,,,,,,,
07-02-2019 19:00,0.053,,,,,,,,,,,
07-02-2019 20:00,0.045,,,,,,,,,,,
07-02-2019 21:00,0.048,,,,,,,,,,,
07-02-2019 22:00,0.025,,,,,,,,,,,
07-02-2019 23:00,0.006,,,,,,,,,,,
08-02-2019 00:00,0.012,,,,,,,,,,,
08-02-2019 01:00,0.036,,,,,,,,,,,
08-02-2019 02:00,0.072,,,,,,,,,,,
08-02-2019 03:00,0.111,,,,,,,,,,,
08-02-2019 04:00,0.13,,,,,,,,,,,
08-02-2019 05:00,0.141,,,,,,,,,,,
08-02-2019 06:00,0.158,,,,,,,,,,,
08-02-2019 07:00,0.185,,,,,,,,,,,
08-02-2019 08:00,0.167,,,,,,,,,,,
08-02-2019 09:00,0.067,,,,,,,,,,,
08-02-2019 10:00,0.083,,,,,,,,,,,
08-02-2019 11:00,0.149,,,,,,,,,,,
08-02-2019 12:00,0.223,,,,,,,,,,,
08-02-2019 13:00,0.291,,,,,,,,,,,
08-02-2019 14:00,0.337,,,,,,,,,,,
08-02-2019 15:00,0.346,,,,,,,,,,,
08-02-2019 16:00,0.34,,,,,,,,,,,
08-02-2019 17:00,0.389,,,,,,,,,,,
08-02-2019 18:00,0.407,,,,,,,,,,,
08-02-2019 19:00,0.416,,,,,,,,,,,
08-02-2019 20:00,0.422,,,,,,,,,,,
08-02-2019 21:00,0.407,,,,,,,,,,,
08-02-2019 22:00,0.36,,,,,,,,,,,
08-02-2019 23:00,0.264,,,,,,,,,,,
09-02-2019 00:00,0.162,,,,,,,,,,,
09-02-2019 01:00,0.103,,,,,,,,,,,
09-02-2019 02:00,0.089,,,,,,,,,,,
09-02-2019 03:00,0.095,,,,,,,,,,,
09-02-2019 04:00,0.111,,,,,,,,,,,
09-02-2019 05:00,0.118,,,,,,,,,,,
09-02-2019 06:00,0.108,,,,,,,,,,,
09-02-2019 07:00,0.084,,,,,,,,,,,
09-02-2019 08:00,0.044,,,,,,,,,,,
09-02-2019 09:00,0.021,,,,,,,,,,,
09-02-2019 10:00,0.033,,,,,,,,,,,
09-02-2019 11:00,0.048,,,,,,,,,,,
09-02-2019 12:00,0.076,,,,,,,,,,,
09-02-2019 13:00,0.094,,,,,,,,,,,
09-02-2019 14:00,0.106,,,,,,,,,,,
09-02-2019 15:00,0.126,,,,,,,,,,,
09-02-2019 16:00,0.168,,,,,,,,,,,
09-02-2019 17:00,0.245,,,,,,,,,,,
09-02-2019 18:00,0.318,,,,,,,,,,,
09-02-2019 19:00,0.379,,,,,,,,,,,
09-02-2019 20:00,0.431,,,,,,,,,,,
09-02-2019 21:00,0.479,,,,,,,,,,,
09-02-2019 22:00,0.498,,,,,,,,,,,
09-02-2019 23:00,0.491,,,,,,,,,,,
10-02-2019 00:00,0.494,,,,,,,,,,,
10-02-2019 01:00,0.502,,,,,,,,,,,
10-02-2019 02:00,0.498,,,,,,,,,,,
10-02-2019 03:00,0.481,,,,,,,,,,,
10-02-2019 04:00,0.484,,,,,,,,,,,
10-02-2019 05:00,0.504,,,,,,,,,,,
10-02-2019 06:00,0.464,,,,,,,,,,,
10-02-2019 07:00,0.402,,,,,,,,,,,
10-02-2019 08:00,0.3,,,,,,,,,,,
10-02-2019 09:00,0.386,,,,,,,,,,,
10-02-2019 10:00,0.574,,,,,,,,,,,
10-02-2019 11:00,0.656,,,,,,,,,,,
10-02-2019 12:00,0.722,,,,,,,,,,,
10-02-2019 13:00,0.748,,,,,,,,,,,
10-02-2019 14:00,0.743,,,,,,,,,,,
10-02-2019 15:00,0.749,,,,,,,,,,,
10-02-2019 16:00,0.69,,,,,,,,,,,
10-02-2019 17:00,0.639,,,,,,,,,,,
10-02-2019 18:00,0.695,,,,,,,,,,,
10-02-2019 19:00,0.724,,,,,,,,,,,
10-02-2019 20:00,0.71,,,,,,,,,,,
10-02-2019 21:00,0.713,,,,,,,,,,,
10-02-2019 22:00,0.724,,,,,,,,,,,
10-02-2019 23:00,0.71,,,,,,,,,,,
11-02-2019 00:00,0.676,,,,,,,,,,,
11-02-2019 01:00,0.632,,,,,,,,,,,
11-02-2019 02:00,0.569,,,,,,,,,,,
11-02-2019 03:00,0.434,,,,,,,,,,,
11-02-2019 04:00,0.272,,,,,,,,,,,
11-02-2019 05:00,0.16,,,,,,,,,,,
11-02-2019 06:00,0.121,,,,,,,,,,,
11-02-2019 07:00,0.08,,,,,,,,,,,
11-02-2019 08:00,0.051,,,,,,,,,,,
11-02-2019 09:00,0.046,,,,,,,,,,,
11-02-2019 10:00,0.056,,,,,,,,,,,
11-02-2019 11:00,0.07,,,,,,,,,,,
11-02-2019 12:00,0.113,,,,,,,,,,,
11-02-2019 13:00,0.181,,,,,,,,,,,
11-02-2019 14:00,0.243,,,,,,,,,,,
11-02-2019 15:00,0.249,,,,,,,,,,,
11-02-2019 16:00,0.23,,,,,,,,,,,
11-02-2019 17:00,0.281,,,,,,,,,,,
11-02-2019 18:00,0.356,,,,,,,,,,,
11-02-2019 19:00,0.453,,,,,,,,,,,
11-02-2019 20:00,0.566,,,,,,,,,,,
11-02-2019 21:00,0.618,,,,,,,,,,,
11-02-2019 22:00,0.62,,,,,,,,,,,
11-02-2019 23:00,0.596,,,,,,,,,,,
12-02-2019 00:00,0.571,,,,,,,,,,,
12-02-2019 01:00,0.528,,,,,,,,,,,
12-02-2019 02:00,0.464,,,,,,,,,,,
12-02-2019 03:00,0.394,,,,,,,,,,,
12-02-2019 04:00,0.331,,,,,,,,,,,
12-02-2019 05:00,0.293,,,,,,,,,,,
12-02-2019 06:00,0.294,,,,,,,,,,,
12-02-2019 07:00,0.294,,,,,,,,,,,
12-02-2019 08:00,0.223,,,,,,,,,,,
12-02-2019 09:00,0.238,,,,,,,,,,,
12-02-2019 10:00,0.223,,,,,,,,,,,
12-02-2019 11:00,0.192,,,,,,,,,,,
12-02-2019 12:00,0.159,,,,,,,,,,,
12-02-2019 13:00,0.131,,,,,,,,,,,
12-02-2019 14:00,0.115,,,,,,,,,,,
12-02-2019 15:00,0.112,,,,,,,,,,,
12-02-2019 16:00,0.147,,,,,,,,,,,
12-02-2019 17:00,0.314,,,,,,,,,,,
12-02-2019 18:00,0.51,,,,,,,,,,,
12-02-2019 19:00,0.613,,,,,,,,,,,
12-02-2019 20:00,0.618,,,,,,,,,,,
12-02-2019 21:00,0.601,,,,,,,,,,,
12-02-2019 22:00,0.574,,,,,,,,,,,
12-02-2019 23:00,0.523,,,,,,,,,,,
13-02-2019 00:00,0.45,,,,,,,,,,,
13-02-2019 01:00,0.375,,,,,,,,,,,
13-02-2019 02:00,0.307,,,,,,,,,,,
13-02-2019 03:00,0.259,,,,,,,,,,,
13-02-2019 04:00,0.242,,,,,,,,,,,
13-02-2019 05:00,0.246,,,,,,,,,,,
13-02-2019 06:00,0.247,,,,,,,,,,,
13-02-2019 07:00,0.226,,,,,,,,,,,
13-02-2019 08:00,0.144,,,,,,,,,,,
13-02-2019 09:00,0.117,,,,,,,,,,,
13-02-2019 10:00,0.133,,,,,,,,,,,
13-02-2019 11:00,0.15,,,,,,,,,,,
13-02-2019 12:00,0.164,,,,,,,,,,,
13-02-2019 13:00,0.192,,,,,,,,,,,
13-02-2019 14:00,0.242,,,,,,,,,,,
13-02-2019 15:00,0.308,,,,,,,,,,,
13-02-2019 16:00,0.39,,,,,,,,,,,
13-02-2019 17:00,0.599,,,,,,,,,,,
13-02-2019 18:00,0.741,,,,,,,,,,,
13-02-2019 19:00,0.762,,,,,,,,,,,
13-02-2019 20:00,0.738,,,,,,,,,,,
13-02-2019 21:00,0.706,,,,,,,,,,,
13-02-2019 22:00,0.675,,,,,,,,,,,
13-02-2019 23:00,0.66,,,,,,,,,,,
14-02-2019 00:00,0.654,,,,,,,,,,,
14-02-2019 01:00,0.642,,,,,,,,,,,
14-02-2019 02:00,0.594,,,,,,,,,,,
14-02-2019 03:00,0.54,,,,,,,,,,,
14-02-2019 04:00,0.556,,,,,,,,,,,
14-02-2019 05:00,0.566,,,,,,,,,,,
14-02-2019 06:00,0.586,,,,,,,,,,,
14-02-2019 07:00,0.618,,,,,,,,,,,
14-02-2019 08:00,0.626,,,,,,,,,,,
14-02-2019 09:00,0.652,,,,,,,,,,,
14-02-2019 10:00,0.635,,,,,,,,,,,
14-02-2019 11:00,0.568,,,,,,,,,,,
14-02-2019 12:00,0.458,,,,,,,,,,,
14-02-2019 13:00,0.347,,,,,,,,,,,
14-02-2019 14:00,0.266,,,,,,,,,,,
14-02-2019 15:00,0.225,,,,,,,,,,,
14-02-2019 16:00,0.234,,,,,,,,,,,
14-02-2019 17:00,0.394,,,,,,,,,,,
14-02-2019 18:00,0.574,,,,,,,,,,,
14-02-2019 19:00,0.628,,,,,,,,,,,
14-02-2019 20:00,0.618,,,,,,,,,,,
14-02-2019 21:00,0.613,,,,,,,,,,,
14-02-2019 22:00,0.604,,,,,,,,,,,
14-02-2019 23:00,0.568,,,,,,,,,,,
15-02-2019 00:00,0.482,,,,,,,,,,,
15-02-2019 01:00,0.376,,,,,,,,,,,
15-02-2019 02:00,0.289,,,,,,,,,,,
15-02-2019 03:00,0.22,,,,,,,,,,,
15-02-2019 04:00,0.172,,,,,,,,,,,
15-02-2019 05:00,0.167,,,,,,,,,,,
15-02-2019 06:00,0.193,,,,,,,,,,,
15-02-2019 07:00,0.23,,,,,,,,,,,
15-02-2019 08:00,0.229,,,,,,,,,,,
15-02-2019 09:00,0.241,,,,,,,,,,,
15-02-2019 10:00,0.265,,,,,,,,,,,
15-02-2019 11:00,0.278,,,,,,,,,,,
15-02-2019 12:00,0.256,,,,,,,,,,,
15-02-2019 13:00,0.238,,,,,,,,,,,
15-02-2019 14:00,0.251,,,,,,,,,,,
15-02-2019 15:00,0.298,,,,,,,,,,,
15-02-2019 16:00,0.386,,,,,,,,,,,
15-02-2019 17:00,0.622,,,,,,,,,,,
15-02-2019 18:00,0.767,,,,,,,,,,,
15-02-2019 19:00,0.775,,,,,,,,,,,
15-02-2019 20:00,0.74,,,,,,,,,,,
15-02-2019 21:00,0.704,,,,,,,,,,,
15-02-2019 22:00,0.671,,,,,,,,,,,
15-02-2019 23:00,0.644,,,,,,,,,,,
16-02-2019 00:00,0.618,,,,,,,,,,,
16-02-2019 01:00,0.593,,,,,,,,,,,
16-02-2019 02:00,0.607,,,,,,,,,,,
16-02-2019 03:00,0.595,,,,,,,,,,,
16-02-2019 04:00,0.575,,,,,,,,,,,
16-02-2019 05:00,0.568,,,,,,,,,,,
16-02-2019 06:00,0.583,,,,,,,,,,,
16-02-2019 07:00,0.535,,,,,,,,,,,
16-02-2019 08:00,0.468,,,,,,,,,,,
16-02-2019 09:00,0.56,,,,,,,,,,,
16-02-2019 10:00,0.672,,,,,,,,,,,
16-02-2019 11:00,0.718,,,,,,,,,,,
16-02-2019 12:00,0.71,,,,,,,,,,,
16-02-2019 13:00,0.708,,,,,,,,,,,
16-02-2019 14:00,0.723,,,,,,,,,,,
16-02-2019 15:00,0.739,,,,,,,,,,,
16-02-2019 16:00,0.713,,,,,,,,,,,
16-02-2019 17:00,0.767,,,,,,,,,,,
16-02-2019 18:00,0.817,,,,,,,,,,,
16-02-2019 19:00,0.777,,,,,,,,,,,
16-02-2019 20:00,0.732,,,,,,,,,,,
16-02-2019 21:00,0.7,,,,,,,,,,,
16-02-2019 22:00,0.678,,,,,,,,,,,
16-02-2019 23:00,0.66,,,,,,,,,,,
17-02-2019 00:00,0.636,,,,,,,,,,,
17-02-2019 01:00,0.601,,,,,,,,,,,
17-02-2019 02:00,0.59,,,,,,,,,,,
17-02-2019 03:00,0.563,,,,,,,,,,,
17-02-2019 04:00,0.501,,,,,,,,,,,
17-02-2019 05:00,0.476,,,,,,,,,,,
17-02-2019 06:00,0.519,,,,,,,,,,,
17-02-2019 07:00,0.511,,,,,,,,,,,
17-02-2019 08:00,0.3,,,,,,,,,,,
17-02-2019 09:00,0.291,,,,,,,,,,,
17-02-2019 10:00,0.337,,,,,,,,,,,
17-02-2019 11:00,0.311,,,,,,,,,,,
17-02-2019 12:00,0.32,,,,,,,,,,,
17-02-2019 13:00,0.347,,,,,,,,,,,
17-02-2019 14:00,0.364,,,,,,,,,,,
17-02-2019 15:00,0.362,,,,,,,,,,,
17-02-2019 16:00,0.359,,,,,,,,,,,
17-02-2019 17:00,0.499,,,,,,,,,,,
17-02-2019 18:00,0.637,,,,,,,,,,,
17-02-2019 19:00,0.678,,,,,,,,,,,
17-02-2019 20:00,0.671,,,,,,,,,,,
17-02-2019 21:00,0.669,,,,,,,,,,,
17-02-2019 22:00,0.642,,,,,,,,,,,
17-02-2019 23:00,0.58,,,,,,,,,,,
18-02-2019 00:00,0.576,,,,,,,,,,,
18-02-2019 01:00,0.56,,,,,,,,,,,
18-02-2019 02:00,0.501,,,,,,,,,,,
18-02-2019 03:00,0.466,,,,,,,,,,,
18-02-2019 04:00,0.477,,,,,,,,,,,
18-02-2019 05:00,0.507,,,,,,,,,,,
18-02-2019 06:00,0.544,,,,,,,,,,,
18-02-2019 07:00,0.542,,,,,,,,,,,
18-02-2019 08:00,0.517,,,,,,,,,,,
18-02-2019 09:00,0.605,,,,,,,,,,,
18-02-2019 10:00,0.59,,,,,,,,,,,
18-02-2019 11:00,0.498,,,,,,,,,,,
18-02-2019 12:00,0.413,,,,,,,,,,,
18-02-2019 13:00,0.345,,,,,,,,,,,
18-02-2019 14:00,0.297,,,,,,,,,,,
18-02-2019 15:00,0.27,,,,,,,,,,,
18-02-2019 16:00,0.264,,,,,,,,,,,
18-02-2019 17:00,0.377,,,,,,,,,,,
18-02-2019 18:00,0.543,,,,,,,,,,,
18-02-2019 19:00,0.636,,,,,,,,,,,
18-02-2019 20:00,0.654,,,,,,,,,,,
18-02-2019 21:00,0.653,,,,,,,,,,,
18-02-2019 22:00,0.625,,,,,,,,,,,
18-02-2019 23:00,0.574,,,,,,,,,,,
19-02-2019 00:00,0.51,,,,,,,,,,,
19-02-2019 01:00,0.445,,,,,,,,,,,
19-02-2019 02:00,0.391,,,,,,,,,,,
19-02-2019 03:00,0.342,,,,,,,,,,,
19-02-2019 04:00,0.309,,,,,,,,,,,
19-02-2019 05:00,0.268,,,,,,,,,,,
19-02-2019 06:00,0.265,,,,,,,,,,,
19-02-2019 07:00,0.212,,,,,,,,,,,
19-02-2019 08:00,0.107,,,,,,,,,,,
19-02-2019 09:00,0.018,,,,,,,,,,,
19-02-2019 10:00,0.005,,,,,,,,,,,
19-02-2019 11:00,0.002,,,,,,,,,,,
19-02-2019 12:00,0.002,,,,,,,,,,,
19-02-2019 13:00,0.002,,,,,,,,,,,
19-02-2019 14:00,0.002,,,,,,,,,,,
19-02-2019 15:00,0.003,,,,,,,,,,,
19-02-2019 16:00,0.006,,,,,,,,,,,
19-02-2019 17:00,0.016,,,,,,,,,,,
19-02-2019 18:00,0.034,,,,,,,,,,,
19-02-2019 19:00,0.063,,,,,,,,,,,
19-02-2019 20:00,0.101,,,,,,,,,,,
19-02-2019 21:00,0.164,,,,,,,,,,,
19-02-2019 22:00,0.226,,,,,,,,,,,
19-02-2019 23:00,0.243,,,,,,,,,,,
20-02-2019 00:00,0.251,,,,,,,,,,,
20-02-2019 01:00,0.256,,,,,,,,,,,
20-02-2019 02:00,0.249,,,,,,,,,,,
20-02-2019 03:00,0.227,,,,,,,,,,,
20-02-2019 04:00,0.209,,,,,,,,,,,
20-02-2019 05:00,0.2,,,,,,,,,,,
20-02-2019 06:00,0.192,,,,,,,,,,,
20-02-2019 07:00,0.182,,,,,,,,,,,
20-02-2019 08:00,0.118,,,,,,,,,,,
20-02-2019 09:00,0.073,,,,,,,,,,,
20-02-2019 10:00,0.044,,,,,,,,,,,
20-02-2019 11:00,0.021,,,,,,,,,,,
20-02-2019 12:00,0.011,,,,,,,,,,,
20-02-2019 13:00,0.008,,,,,,,,,,,
20-02-2019 14:00,0.007,,,,,,,,,,,
20-02-2019 15:00,0.009,,,,,,,,,,,
20-02-2019 16:00,0.02,,,,,,,,,,,
20-02-2019 17:00,0.054,,,,,,,,,,,
20-02-2019 18:00,0.114,,,,,,,,,,,
20-02-2019 19:00,0.21,,,,,,,,,,,
20-02-2019 20:00,0.328,,,,,,,,,,,
20-02-2019 21:00,0.41,,,,,,,,,,,
20-02-2019 22:00,0.425,,,,,,,,,,,
20-02-2019 23:00,0.391,,,,,,,,,,,
21-02-2019 00:00,0.346,,,,,,,,,,,
21-02-2019 01:00,0.325,,,,,,,,,,,
21-02-2019 02:00,0.329,,,,,,,,,,,
21-02-2019 03:00,0.347,,,,,,,,,,,
21-02-2019 04:00,0.376,,,,,,,,,,,
21-02-2019 05:00,0.41,,,,,,,,,,,
21-02-2019 06:00,0.441,,,,,,,,,,,
21-02-2019 07:00,0.426,,,,,,,,,,,
21-02-2019 08:00,0.218,,,,,,,,,,,
21-02-2019 09:00,0.165,,,,,,,,,,,
21-02-2019 10:00,0.183,,,,,,,,,,,
21-02-2019 11:00,0.16,,,,,,,,,,,
21-02-2019 12:00,0.138,,,,,,,,,,,
21-02-2019 13:00,0.122,,,,,,,,,,,
21-02-2019 14:00,0.113,,,,,,,,,,,
21-02-2019 15:00,0.104,,,,,,,,,,,
21-02-2019 16:00,0.118,,,,,,,,,,,
21-02-2019 17:00,0.213,,,,,,,,,,,
21-02-2019 18:00,0.373,,,,,,,,,,,
21-02-2019 19:00,0.498,,,,,,,,,,,
21-02-2019 20:00,0.527,,,,,,,,,,,
21-02-2019 21:00,0.488,,,,,,,,,,,
21-02-2019 22:00,0.394,,,,,,,,,,,
21-02-2019 23:00,0.278,,,,,,,,,,,
22-02-2019 00:00,0.184,,,,,,,,,,,
22-02-2019 01:00,0.135,,,,,,,,,,,
22-02-2019 02:00,0.122,,,,,,,,,,,
22-02-2019 03:00,0.133,,,,,,,,,,,
22-02-2019 04:00,0.166,,,,,,,,,,,
22-02-2019 05:00,0.215,,,,,,,,,,,
22-02-2019 06:00,0.264,,,,,,,,,,,
22-02-2019 07:00,0.29,,,,,,,,,,,
22-02-2019 08:00,0.16,,,,,,,,,,,
22-02-2019 09:00,0.048,,,,,,,,,,,
22-02-2019 10:00,0.048,,,,,,,,,,,
22-02-2019 11:00,0.028,,,,,,,,,,,
22-02-2019 12:00,0.013,,,,,,,,,,,
22-02-2019 13:00,0.006,,,,,,,,,,,
22-02-2019 14:00,0.002,,,,,,,,,,,
22-02-2019 15:00,0.001,,,,,,,,,,,
22-02-2019 16:00,0.006,,,,,,,,,,,
22-02-2019 17:00,0.035,,,,,,,,,,,
22-02-2019 18:00,0.081,,,,,,,,,,,
22-02-2019 19:00,0.138,,,,,,,,,,,
22-02-2019 20:00,0.19,,,,,,,,,,,
22-02-2019 21:00,0.204,,,,,,,,,,,
22-02-2019 22:00,0.18,,,,,,,,,,,
22-02-2019 23:00,0.14,,,,,,,,,,,
23-02-2019 00:00,0.101,,,,,,,,,,,
23-02-2019 01:00,0.068,,,,,,,,,,,
23-02-2019 02:00,0.047,,,,,,,,,,,
23-02-2019 03:00,0.035,,,,,,,,,,,
23-02-2019 04:00,0.031,,,,,,,,,,,
23-02-2019 05:00,0.034,,,,,,,,,,,
23-02-2019 06:00,0.042,,,,,,,,,,,
23-02-2019 07:00,0.055,,,,,,,,,,,
23-02-2019 08:00,0.044,,,,,,,,,,,
23-02-2019 09:00,0.038,,,,,,,,,,,
23-02-2019 10:00,0.146,,,,,,,,,,,
23-02-2019 11:00,0.159,,,,,,,,,,,
23-02-2019 12:00,0.154,,,,,,,,,,,
23-02-2019 13:00,0.149,,,,,,,,,,,
23-02-2019 14:00,0.147,,,,,,,,,,,
23-02-2019 15:00,0.158,,,,,,,,,,,
23-02-2019 16:00,0.227,,,,,,,,,,,
23-02-2019 17:00,0.35,,,,,,,,,,,
23-02-2019 18:00,0.404,,,,,,,,,,,
23-02-2019 19:00,0.401,,,,,,,,,,,
23-02-2019 20:00,0.348,,,,,,,,,,,
23-02-2019 21:00,0.291,,,,,,,,,,,
23-02-2019 22:00,0.263,,,,,,,,,,,
23-02-2019 23:00,0.3,,,,,,,,,,,
24-02-2019 00:00,0.444,,,,,,,,,,,
24-02-2019 01:00,0.609,,,,,,,,,,,
24-02-2019 02:00,0.685,,,,,,,,,,,
24-02-2019 03:00,0.703,,,,,,,,,,,
24-02-2019 04:00,0.699,,,,,,,,,,,
24-02-2019 05:00,0.686,,,,,,,,,,,
24-02-2019 06:00,0.676,,,,,,,,,,,
24-02-2019 07:00,0.601,,,,,,,,,,,
24-02-2019 08:00,0.508,,,,,,,,,,,
24-02-2019 09:00,0.557,,,,,,,,,,,
24-02-2019 10:00,0.493,,,,,,,,,,,
24-02-2019 11:00,0.383,,,,,,,,,,,
24-02-2019 12:00,0.268,,,,,,,,,,,
24-02-2019 13:00,0.211,,,,,,,,,,,
24-02-2019 14:00,0.193,,,,,,,,,,,
24-02-2019 15:00,0.201,,,,,,,,,,,
24-02-2019 16:00,0.256,,,,,,,,,,,
24-02-2019 17:00,0.468,,,,,,,,,,,
24-02-2019 18:00,0.677,,,,,,,,,,,
24-02-2019 19:00,0.77,,,,,,,,,,,
24-02-2019 20:00,0.762,,,,,,,,,,,
24-02-2019 21:00,0.705,,,,,,,,,,,
24-02-2019 22:00,0.632,,,,,,,,,,,
24-02-2019 23:00,0.534,,,,,,,,,,,
25-02-2019 00:00,0.431,,,,,,,,,,,
25-02-2019 01:00,0.336,,,,,,,,,,,
25-02-2019 02:00,0.244,,,,,,,,,,,
25-02-2019 03:00,0.18,,,,,,,,,,,
25-02-2019 04:00,0.163,,,,,,,,,,,
25-02-2019 05:00,0.192,,,,,,,,,,,
25-02-2019 06:00,0.251,,,,,,,,,,,
25-02-2019 07:00,0.272,,,,,,,,,,,
25-02-2019 08:00,0.155,,,,,,,,,,,
25-02-2019 09:00,0.15,,,,,,,,,,,
25-02-2019 10:00,0.16,,,,,,,,,,,
25-02-2019 11:00,0.145,,,,,,,,,,,
25-02-2019 12:00,0.111,,,,,,,,,,,
25-02-2019 13:00,0.079,,,,,,,,,,,
25-02-2019 14:00,0.067,,,,,,,,,,,
25-02-2019 15:00,0.074,,,,,,,,,,,
25-02-2019 16:00,0.119,,,,,,,,,,,
25-02-2019 17:00,0.24,,,,,,,,,,,
25-02-2019 18:00,0.399,,,,,,,,,,,
25-02-2019 19:00,0.55,,,,,,,,,,,
25-02-2019 20:00,0.639,,,,,,,,,,,
25-02-2019 21:00,0.648,,,,,,,,,,,
25-02-2019 22:00,0.594,,,,,,,,,,,
25-02-2019 23:00,0.494,,,,,,,,,,,
26-02-2019 00:00,0.381,,,,,,,,,,,
26-02-2019 01:00,0.279,,,,,,,,,,,
26-02-2019 02:00,0.202,,,,,,,,,,,
26-02-2019 03:00,0.164,,,,,,,,,,,
26-02-2019 04:00,0.189,,,,,,,,,,,
26-02-2019 05:00,0.291,,,,,,,,,,,
26-02-2019 06:00,0.444,,,,,,,,,,,
26-02-2019 07:00,0.535,,,,,,,,,,,
26-02-2019 08:00,0.355,,,,,,,,,,,
26-02-2019 09:00,0.386,,,,,,,,,,,
26-02-2019 10:00,0.628,,,,,,,,,,,
26-02-2019 11:00,0.614,,,,,,,,,,,
26-02-2019 12:00,0.555,,,,,,,,,,,
26-02-2019 13:00,0.513,,,,,,,,,,,
26-02-2019 14:00,0.512,,,,,,,,,,,
26-02-2019 15:00,0.512,,,,,,,,,,,
26-02-2019 16:00,0.483,,,,,,,,,,,
26-02-2019 17:00,0.515,,,,,,,,,,,
26-02-2019 18:00,0.514,,,,,,,,,,,
26-02-2019 19:00,0.476,,,,,,,,,,,
26-02-2019 20:00,0.422,,,,,,,,,,,
26-02-2019 21:00,0.383,,,,,,,,,,,
26-02-2019 22:00,0.331,,,,,,,,,,,
26-02-2019 23:00,0.249,,,,,,,,,,,
27-02-2019 00:00,0.168,,,,,,,,,,,
27-02-2019 01:00,0.101,,,,,,,,,,,
27-02-2019 02:00,0.051,,,,,,,,,,,
27-02-2019 03:00,0.017,,,,,,,,,,,
27-02-2019 04:00,0.005,,,,,,,,,,,
27-02-2019 05:00,0.006,,,,,,,,,,,
27-02-2019 06:00,0.016,,,,,,,,,,,
27-02-2019 07:00,0.037,,,,,,,,,,,
27-02-2019 08:00,0.037,,,,,,,,,,,
27-02-2019 09:00,0.022,,,,,,,,,,,
27-02-2019 10:00,0.03,,,,,,,,,,,
27-02-2019 11:00,0.029,,,,,,,,,,,
27-02-2019 12:00,0.035,,,,,,,,,,,
27-02-2019 13:00,0.039,,,,,,,,,,,
27-02-2019 14:00,0.037,,,,,,,,,,,
27-02-2019 15:00,0.026,,,,,,,,,,,
27-02-2019 16:00,0.017,,,,,,,,,,,
27-02-2019 17:00,0.042,,,,,,,,,,,
27-02-2019 18:00,0.099,,,,,,,,,,,
27-02-2019 19:00,0.114,,,,,,,,,,,
27-02-2019 20:00,0.113,,,,,,,,,,,
27-02-2019 21:00,0.11,,,,,,,,,,,
27-02-2019 22:00,0.099,,,,,,,,,,,
27-02-2019 23:00,0.079,,,,,,,,,,,
28-02-2019 00:00,0.062,,,,,,,,,,,
28-02-2019 01:00,0.058,,,,,,,,,,,
28-02-2019 02:00,0.066,,,,,,,,,,,
28-02-2019 03:00,0.079,,,,,,,,,,,
28-02-2019 04:00,0.077,,,,,,,,,,,
28-02-2019 05:00,0.058,,,,,,,,,,,
28-02-2019 06:00,0.037,,,,,,,,,,,
28-02-2019 07:00,0.025,,,,,,,,,,,
28-02-2019 08:00,0.011,,,,,,,,,,,
28-02-2019 09:00,0.01,,,,,,,,,,,
28-02-2019 10:00,0.024,,,,,,,,,,,
28-02-2019 11:00,0.053,,,,,,,,,,,
28-02-2019 12:00,0.077,,,,,,,,,,,
28-02-2019 13:00,0.093,,,,,,,,,,,
28-02-2019 14:00,0.096,,,,,,,,,,,
28-02-2019 15:00,0.108,,,,,,,,,,,
28-02-2019 16:00,0.145,,,,,,,,,,,
28-02-2019 17:00,0.213,,,,,,,,,,,
28-02-2019 18:00,0.225,,,,,,,,,,,
28-02-2019 19:00,0.179,,,,,,,,,,,
28-02-2019 20:00,0.107,,,,,,,,,,,
28-02-2019 21:00,0.049,,,,,,,,,,,
28-02-2019 22:00,0.019,,,,,,,,,,,
28-02-2019 23:00,0.008,,,,,,,,,,,
01-03-2019 00:00,0.006,,,,,,,,,,,
01-03-2019 01:00,0.006,,,,,,,,,,,
01-03-2019 02:00,0.01,,,,,,,,,,,
01-03-2019 03:00,0.012,,,,,,,,,,,
01-03-2019 04:00,0.015,,,,,,,,,,,
01-03-2019 05:00,0.022,,,,,,,,,,,
01-03-2019 06:00,0.031,,,,,,,,,,,
01-03-2019 07:00,0.037,,,,,,,,,,,
01-03-2019 08:00,0.025,,,,,,,,,,,
01-03-2019 09:00,0.014,,,,,,,,,,,
01-03-2019 10:00,0.022,,,,,,,,,,,
01-03-2019 11:00,0.043,,,,,,,,,,,
01-03-2019 12:00,0.083,,,,,,,,,,,
01-03-2019 13:00,0.147,,,,,,,,,,,
01-03-2019 14:00,0.233,,,,,,,,,,,
01-03-2019 15:00,0.291,,,,,,,,,,,
01-03-2019 16:00,0.318,,,,,,,,,,,
01-03-2019 17:00,0.406,,,,,,,,,,,
01-03-2019 18:00,0.485,,,,,,,,,,,
01-03-2019 19:00,0.512,,,,,,,,,,,
01-03-2019 20:00,0.501,,,,,,,,,,,
01-03-2019 21:00,0.484,,,,,,,,,,,
01-03-2019 22:00,0.455,,,,,,,,,,,
01-03-2019 23:00,0.413,,,,,,,,,,,
02-03-2019 00:00,0.364,,,,,,,,,,,
02-03-2019 01:00,0.312,,,,,,,,,,,
02-03-2019 02:00,0.276,,,,,,,,,,,
02-03-2019 03:00,0.25,,,,,,,,,,,
02-03-2019 04:00,0.21,,,,,,,,,,,
02-03-2019 05:00,0.162,,,,,,,,,,,
02-03-2019 06:00,0.118,,,,,,,,,,,
02-03-2019 07:00,0.071,,,,,,,,,,,
02-03-2019 08:00,0.017,,,,,,,,,,,
02-03-2019 09:00,0.046,,,,,,,,,,,
02-03-2019 10:00,0.099,,,,,,,,,,,
02-03-2019 11:00,0.103,,,,,,,,,,,
02-03-2019 12:00,0.118,,,,,,,,,,,
02-03-2019 13:00,0.155,,,,,,,,,,,
02-03-2019 14:00,0.181,,,,,,,,,,,
02-03-2019 15:00,0.186,,,,,,,,,,,
02-03-2019 16:00,0.185,,,,,,,,,,,
02-03-2019 17:00,0.23,,,,,,,,,,,
02-03-2019 18:00,0.249,,,,,,,,,,,
02-03-2019 19:00,0.215,,,,,,,,,,,
02-03-2019 20:00,0.168,,,,,,,,,,,
02-03-2019 21:00,0.141,,,,,,,,,,,
02-03-2019 22:00,0.128,,,,,,,,,,,
02-03-2019 23:00,0.109,,,,,,,,,,,
03-03-2019 00:00,0.076,,,,,,,,,,,
03-03-2019 01:00,0.042,,,,,,,,,,,
03-03-2019 02:00,0.024,,,,,,,,,,,
03-03-2019 03:00,0.014,,,,,,,,,,,
03-03-2019 04:00,0.004,,,,,,,,,,,
03-03-2019 05:00,0.007,,,,,,,,,,,
03-03-2019 06:00,0.028,,,,,,,,,,,
03-03-2019 07:00,0.062,,,,,,,,,,,
03-03-2019 08:00,0.053,,,,,,,,,,,
03-03-2019 09:00,0.061,,,,,,,,,,,
03-03-2019 10:00,0.18,,,,,,,,,,,
03-03-2019 11:00,0.241,,,,,,,,,,,
03-03-2019 12:00,0.277,,,,,,,,,,,
03-03-2019 13:00,0.284,,,,,,,,,,,
03-03-2019 14:00,0.282,,,,,,,,,,,
03-03-2019 15:00,0.296,,,,,,,,,,,
03-03-2019 16:00,0.358,,,,,,,,,,,
03-03-2019 17:00,0.538,,,,,,,,,,,
03-03-2019 18:00,0.702,,,,,,,,,,,
03-03-2019 19:00,0.74,,,,,,,,,,,
03-03-2019 20:00,0.668,,,,,,,,,,,
03-03-2019 21:00,0.589,,,,,,,,,,,
03-03-2019 22:00,0.59,,,,,,,,,,,
03-03-2019 23:00,0.622,,,,,,,,,,,
04-03-2019 00:00,0.613,,,,,,,,,,,
04-03-2019 01:00,0.578,,,,,,,,,,,
04-03-2019 02:00,0.558,,,,,,,,,,,
04-03-2019 03:00,0.538,,,,,,,,,,,
04-03-2019 04:00,0.544,,,,,,,,,,,
04-03-2019 05:00,0.594,,,,,,,,,,,
04-03-2019 06:00,0.631,,,,,,,,,,,
04-03-2019 07:00,0.506,,,,,,,,,,,
04-03-2019 08:00,0.525,,,,,,,,,,,
04-03-2019 09:00,0.701,,,,,,,,,,,
04-03-2019 10:00,0.715,,,,,,,,,,,
04-03-2019 11:00,0.69,,,,,,,,,,,
04-03-2019 12:00,0.695,,,,,,,,,,,
04-03-2019 13:00,0.706,,,,,,,,,,,
04-03-2019 14:00,0.695,,,,,,,,,,,
04-03-2019 15:00,0.686,,,,,,,,,,,
04-03-2019 16:00,0.671,,,,,,,,,,,
04-03-2019 17:00,0.59,,,,,,,,,,,
04-03-2019 18:00,0.571,,,,,,,,,,,
04-03-2019 19:00,0.559,,,,,,,,,,,
04-03-2019 20:00,0.513,,,,,,,,,,,
04-03-2019 21:00,0.476,,,,,,,,,,,
04-03-2019 22:00,0.484,,,,,,,,,,,
04-03-2019 23:00,0.506,,,,,,,,,,,
05-03-2019 00:00,0.498,,,,,,,,,,,
05-03-2019 01:00,0.42,,,,,,,,,,,
05-03-2019 02:00,0.358,,,,,,,,,,,
05-03-2019 03:00,0.362,,,,,,,,,,,
05-03-2019 04:00,0.325,,,,,,,,,,,
05-03-2019 05:00,0.282,,,,,,,,,,,
05-03-2019 06:00,0.264,,,,,,,,,,,
05-03-2019 07:00,0.221,,,,,,,,,,,
05-03-2019 08:00,0.195,,,,,,,,,,,
05-03-2019 09:00,0.294,,,,,,,,,,,
05-03-2019 10:00,0.44,,,,,,,,,,,
05-03-2019 11:00,0.556,,,,,,,,,,,
05-03-2019 12:00,0.637,,,,,,,,,,,
05-03-2019 13:00,0.683,,,,,,,,,,,
05-03-2019 14:00,0.68,,,,,,,,,,,
05-03-2019 15:00,0.617,,,,,,,,,,,
05-03-2019 16:00,0.516,,,,,,,,,,,
05-03-2019 17:00,0.419,,,,,,,,,,,
05-03-2019 18:00,0.402,,,,,,,,,,,
05-03-2019 19:00,0.396,,,,,,,,,,,
05-03-2019 20:00,0.395,,,,,,,,,,,
05-03-2019 21:00,0.41,,,,,,,,,,,
05-03-2019 22:00,0.459,,,,,,,,,,,
05-03-2019 23:00,0.504,,,,,,,,,,,
06-03-2019 00:00,0.528,,,,,,,,,,,
06-03-2019 01:00,0.556,,,,,,,,,,,
06-03-2019 02:00,0.569,,,,,,,,,,,
06-03-2019 03:00,0.586,,,,,,,,,,,
06-03-2019 04:00,0.65,,,,,,,,,,,
06-03-2019 05:00,0.722,,,,,,,,,,,
06-03-2019 06:00,0.765,,,,,,,,,,,
06-03-2019 07:00,0.783,,,,,,,,,,,
06-03-2019 08:00,0.916,,,,,,,,,,,
06-03-2019 09:00,0.96,,,,,,,,,,,
06-03-2019 10:00,0.978,,,,,,,,,,,
06-03-2019 11:00,0.989,,,,,,,,,,,
06-03-2019 12:00,0.991,,,,,,,,,,,
06-03-2019 13:00,0.99,,,,,,,,,,,
06-03-2019 14:00,0.988,,,,,,,,,,,
06-03-2019 15:00,0.988,,,,,,,,,,,
06-03-2019 16:00,0.991,,,,,,,,,,,
06-03-2019 17:00,0.963,,,,,,,,,,,
06-03-2019 18:00,0.908,,,,,,,,,,,
06-03-2019 19:00,0.884,,,,,,,,,,,
06-03-2019 20:00,0.851,,,,,,,,,,,
06-03-2019 21:00,0.788,,,,,,,,,,,
06-03-2019 22:00,0.812,,,,,,,,,,,
06-03-2019 23:00,0.819,,,,,,,,,,,
07-03-2019 00:00,0.801,,,,,,,,,,,
07-03-2019 01:00,0.734,,,,,,,,,,,
07-03-2019 02:00,0.651,,,,,,,,,,,
07-03-2019 03:00,0.571,,,,,,,,,,,
07-03-2019 04:00,0.481,,,,,,,,,,,
07-03-2019 05:00,0.386,,,,,,,,,,,
07-03-2019 06:00,0.343,,,,,,,,,,,
07-03-2019 07:00,0.311,,,,,,,,,,,
07-03-2019 08:00,0.305,,,,,,,,,,,
07-03-2019 09:00,0.323,,,,,,,,,,,
07-03-2019 10:00,0.341,,,,,,,,,,,
07-03-2019 11:00,0.337,,,,,,,,,,,
07-03-2019 12:00,0.359,,,,,,,,,,,
07-03-2019 13:00,0.398,,,,,,,,,,,
07-03-2019 14:00,0.425,,,,,,,,,,,
07-03-2019 15:00,0.435,,,,,,,,,,,
07-03-2019 16:00,0.416,,,,,,,,,,,
07-03-2019 17:00,0.398,,,,,,,,,,,
07-03-2019 18:00,0.422,,,,,,,,,,,
07-03-2019 19:00,0.402,,,,,,,,,,,
07-03-2019 20:00,0.367,,,,,,,,,,,
07-03-2019 21:00,0.329,,,,,,,,,,,
07-03-2019 22:00,0.317,,,,,,,,,,,
07-03-2019 23:00,0.344,,,,,,,,,,,
08-03-2019 00:00,0.41,,,,,,,,,,,
08-03-2019 01:00,0.438,,,,,,,,,,,
08-03-2019 02:00,0.411,,,,,,,,,,,
08-03-2019 03:00,0.343,,,,,,,,,,,
08-03-2019 04:00,0.264,,,,,,,,,,,
08-03-2019 05:00,0.185,,,,,,,,,,,
08-03-2019 06:00,0.127,,,,,,,,,,,
08-03-2019 07:00,0.093,,,,,,,,,,,
08-03-2019 08:00,0.073,,,,,,,,,,,
08-03-2019 09:00,0.058,,,,,,,,,,,
08-03-2019 10:00,0.034,,,,,,,,,,,
08-03-2019 11:00,0.034,,,,,,,,,,,
08-03-2019 12:00,0.032,,,,,,,,,,,
08-03-2019 13:00,0.028,,,,,,,,,,,
08-03-2019 14:00,0.032,,,,,,,,,,,
08-03-2019 15:00,0.046,,,,,,,,,,,
08-03-2019 16:00,0.058,,,,,,,,,,,
08-03-2019 17:00,0.056,,,,,,,,,,,
08-03-2019 18:00,0.05,,,,,,,,,,,
08-03-2019 19:00,0.045,,,,,,,,,,,
08-03-2019 20:00,0.034,,,,,,,,,,,
08-03-2019 21:00,0.017,,,,,,,,,,,
08-03-2019 22:00,0.01,,,,,,,,,,,
08-03-2019 23:00,0.009,,,,,,,,,,,
09-03-2019 00:00,0.011,,,,,,,,,,,
09-03-2019 01:00,0.013,,,,,,,,,,,
09-03-2019 02:00,0.014,,,,,,,,,,,
09-03-2019 03:00,0.012,,,,,,,,,,,
09-03-2019 04:00,0.013,,,,,,,,,,,
09-03-2019 05:00,0.02,,,,,,,,,,,
09-03-2019 06:00,0.029,,,,,,,,,,,
09-03-2019 07:00,0.032,,,,,,,,,,,
09-03-2019 08:00,0.013,,,,,,,,,,,
09-03-2019 09:00,0.022,,,,,,,,,,,
09-03-2019 10:00,0.017,,,,,,,,,,,
09-03-2019 11:00,0.024,,,,,,,,,,,
09-03-2019 12:00,0.039,,,,,,,,,,,
09-03-2019 13:00,0.051,,,,,,,,,,,
09-03-2019 14:00,0.053,,,,,,,,,,,
09-03-2019 15:00,0.049,,,,,,,,,,,
09-03-2019 16:00,0.045,,,,,,,,,,,
09-03-2019 17:00,0.065,,,,,,,,,,,
09-03-2019 18:00,0.086,,,,,,,,,,,
09-03-2019 19:00,0.087,,,,,,,,,,,
09-03-2019 20:00,0.076,,,,,,,,,,,
09-03-2019 21:00,0.058,,,,,,,,,,,
09-03-2019 22:00,0.047,,,,,,,,,,,
09-03-2019 23:00,0.05,,,,,,,,,,,
10-03-2019 00:00,0.059,,,,,,,,,,,
10-03-2019 01:00,0.065,,,,,,,,,,,
10-03-2019 02:00,0.07,,,,,,,,,,,
10-03-2019 03:00,0.081,,,,,,,,,,,
10-03-2019 04:00,0.088,,,,,,,,,,,
10-03-2019 05:00,0.088,,,,,,,,,,,
10-03-2019 06:00,0.084,,,,,,,,,,,
10-03-2019 07:00,0.068,,,,,,,,,,,
10-03-2019 08:00,0.03,,,,,,,,,,,
10-03-2019 09:00,0.061,,,,,,,,,,,
10-03-2019 10:00,0.101,,,,,,,,,,,
10-03-2019 11:00,0.107,,,,,,,,,,,
10-03-2019 12:00,0.116,,,,,,,,,,,
10-03-2019 13:00,0.129,,,,,,,,,,,
10-03-2019 14:00,0.142,,,,,,,,,,,
10-03-2019 15:00,0.157,,,,,,,,,,,
10-03-2019 16:00,0.161,,,,,,,,,,,
10-03-2019 17:00,0.177,,,,,,,,,,,
10-03-2019 18:00,0.187,,,,,,,,,,,
10-03-2019 19:00,0.205,,,,,,,,,,,
10-03-2019 20:00,0.254,,,,,,,,,,,
10-03-2019 21:00,0.311,,,,,,,,,,,
10-03-2019 22:00,0.325,,,,,,,,,,,
10-03-2019 23:00,0.289,,,,,,,,,,,
11-03-2019 00:00,0.228,,,,,,,,,,,
11-03-2019 01:00,0.181,,,,,,,,,,,
11-03-2019 02:00,0.152,,,,,,,,,,,
11-03-2019 03:00,0.118,,,,,,,,,,,
11-03-2019 04:00,0.088,,,,,,,,,,,
11-03-2019 05:00,0.082,,,,,,,,,,,
11-03-2019 06:00,0.116,,,,,,,,,,,
11-03-2019 07:00,0.124,,,,,,,,,,,
11-03-2019 08:00,0.099,,,,,,,,,,,
11-03-2019 09:00,0.108,,,,,,,,,,,
11-03-2019 10:00,0.113,,,,,,,,,,,
11-03-2019 11:00,0.128,,,,,,,,,,,
11-03-2019 12:00,0.105,,,,,,,,,,,
11-03-2019 13:00,0.068,,,,,,,,,,,
11-03-2019 14:00,0.06,,,,,,,,,,,
11-03-2019 15:00,0.087,,,,,,,,,,,
11-03-2019 16:00,0.126,,,,,,,,,,,
11-03-2019 17:00,0.233,,,,,,,,,,,
11-03-2019 18:00,0.323,,,,,,,,,,,
11-03-2019 19:00,0.321,,,,,,,,,,,
11-03-2019 20:00,0.273,,,,,,,,,,,
11-03-2019 21:00,0.212,,,,,,,,,,,
11-03-2019 22:00,0.201,,,,,,,,,,,
11-03-2019 23:00,0.221,,,,,,,,,,,
12-03-2019 00:00,0.231,,,,,,,,,,,
12-03-2019 01:00,0.225,,,,,,,,,,,
12-03-2019 02:00,0.179,,,,,,,,,,,
12-03-2019 03:00,0.136,,,,,,,,,,,
12-03-2019 04:00,0.109,,,,,,,,,,,
12-03-2019 05:00,0.106,,,,,,,,,,,
12-03-2019 06:00,0.118,,,,,,,,,,,
12-03-2019 07:00,0.122,,,,,,,,,,,
12-03-2019 08:00,0.076,,,,,,,,,,,
12-03-2019 09:00,0.169,,,,,,,,,,,
12-03-2019 10:00,0.267,,,,,,,,,,,
12-03-2019 11:00,0.359,,,,,,,,,,,
12-03-2019 12:00,0.494,,,,,,,,,,,
12-03-2019 13:00,0.628,,,,,,,,,,,
12-03-2019 14:00,0.717,,,,,,,,,,,
12-03-2019 15:00,0.74,,,,,,,,,,,
12-03-2019 16:00,0.696,,,,,,,,,,,
12-03-2019 17:00,0.644,,,,,,,,,,,
12-03-2019 18:00,0.712,,,,,,,,,,,
12-03-2019 19:00,0.748,,,,,,,,,,,
12-03-2019 20:00,0.744,,,,,,,,,,,
12-03-2019 21:00,0.724,,,,,,,,,,,
12-03-2019 22:00,0.695,,,,,,,,,,,
12-03-2019 23:00,0.63,,,,,,,,,,,
13-03-2019 00:00,0.55,,,,,,,,,,,
13-03-2019 01:00,0.486,,,,,,,,,,,
13-03-2019 02:00,0.461,,,,,,,,,,,
13-03-2019 03:00,0.459,,,,,,,,,,,
13-03-2019 04:00,0.473,,,,,,,,,,,
13-03-2019 05:00,0.488,,,,,,,,,,,
13-03-2019 06:00,0.458,,,,,,,,,,,
13-03-2019 07:00,0.296,,,,,,,,,,,
13-03-2019 08:00,0.358,,,,,,,,,,,
13-03-2019 09:00,0.456,,,,,,,,,,,
13-03-2019 10:00,0.479,,,,,,,,,,,
13-03-2019 11:00,0.476,,,,,,,,,,,
13-03-2019 12:00,0.519,,,,,,,,,,,
13-03-2019 13:00,0.55,,,,,,,,,,,
13-03-2019 14:00,0.55,,,,,,,,,,,
13-03-2019 15:00,0.54,,,,,,,,,,,
13-03-2019 16:00,0.523,,,,,,,,,,,
13-03-2019 17:00,0.51,,,,,,,,,,,
13-03-2019 18:00,0.606,,,,,,,,,,,
13-03-2019 19:00,0.666,,,,,,,,,,,
13-03-2019 20:00,0.697,,,,,,,,,,,
13-03-2019 21:00,0.687,,,,,,,,,,,
13-03-2019 22:00,0.622,,,,,,,,,,,
13-03-2019 23:00,0.546,,,,,,,,,,,
14-03-2019 00:00,0.442,,,,,,,,,,,
14-03-2019 01:00,0.369,,,,,,,,,,,
14-03-2019 02:00,0.347,,,,,,,,,,,
14-03-2019 03:00,0.321,,,,,,,,,,,
14-03-2019 04:00,0.27,,,,,,,,,,,
14-03-2019 05:00,0.216,,,,,,,,,,,
14-03-2019 06:00,0.163,,,,,,,,,,,
14-03-2019 07:00,0.086,,,,,,,,,,,
14-03-2019 08:00,0.107,,,,,,,,,,,
14-03-2019 09:00,0.106,,,,,,,,,,,
14-03-2019 10:00,0.088,,,,,,,,,,,
14-03-2019 11:00,0.094,,,,,,,,,,,
14-03-2019 12:00,0.125,,,,,,,,,,,
14-03-2019 13:00,0.167,,,,,,,,,,,
14-03-2019 14:00,0.195,,,,,,,,,,,
14-03-2019 15:00,0.205,,,,,,,,,,,
14-03-2019 16:00,0.189,,,,,,,,,,,
14-03-2019 17:00,0.189,,,,,,,,,,,
14-03-2019 18:00,0.218,,,,,,,,,,,
14-03-2019 19:00,0.227,,,,,,,,,,,
14-03-2019 20:00,0.231,,,,,,,,,,,
14-03-2019 21:00,0.243,,,,,,,,,,,
14-03-2019 22:00,0.269,,,,,,,,,,,
14-03-2019 23:00,0.277,,,,,,,,,,,
15-03-2019 00:00,0.251,,,,,,,,,,,
15-03-2019 01:00,0.212,,,,,,,,,,,
15-03-2019 02:00,0.17,,,,,,,,,,,
15-03-2019 03:00,0.142,,,,,,,,,,,
15-03-2019 04:00,0.128,,,,,,,,,,,
15-03-2019 05:00,0.118,,,,,,,,,,,
15-03-2019 06:00,0.107,,,,,,,,,,,
15-03-2019 07:00,0.081,,,,,,,,,,,
15-03-2019 08:00,0.02,,,,,,,,,,,
15-03-2019 09:00,0.032,,,,,,,,,,,
15-03-2019 10:00,0.062,,,,,,,,,,,
15-03-2019 11:00,0.063,,,,,,,,,,,
15-03-2019 12:00,0.068,,,,,,,,,,,
15-03-2019 13:00,0.076,,,,,,,,,,,
15-03-2019 14:00,0.082,,,,,,,,,,,
15-03-2019 15:00,0.078,,,,,,,,,,,
15-03-2019 16:00,0.074,,,,,,,,,,,
15-03-2019 17:00,0.104,,,,,,,,,,,
15-03-2019 18:00,0.127,,,,,,,,,,,
15-03-2019 19:00,0.121,,,,,,,,,,,
15-03-2019 20:00,0.095,,,,,,,,,,,
15-03-2019 21:00,0.078,,,,,,,,,,,
15-03-2019 22:00,0.078,,,,,,,,,,,
15-03-2019 23:00,0.079,,,,,,,,,,,
16-03-2019 00:00,0.07,,,,,,,,,,,
16-03-2019 01:00,0.057,,,,,,,,,,,
16-03-2019 02:00,0.056,,,,,,,,,,,
16-03-2019 03:00,0.054,,,,,,,,,,,
16-03-2019 04:00,0.049,,,,,,,,,,,
16-03-2019 05:00,0.046,,,,,,,,,,,
16-03-2019 06:00,0.042,,,,,,,,,,,
16-03-2019 07:00,0.04,,,,,,,,,,,
16-03-2019 08:00,0.019,,,,,,,,,,,
16-03-2019 09:00,0.026,,,,,,,,,,,
16-03-2019 10:00,0.098,,,,,,,,,,,
16-03-2019 11:00,0.145,,,,,,,,,,,
16-03-2019 12:00,0.162,,,,,,,,,,,
16-03-2019 13:00,0.162,,,,,,,,,,,
16-03-2019 14:00,0.158,,,,,,,,,,,
16-03-2019 15:00,0.151,,,,,,,,,,,
16-03-2019 16:00,0.155,,,,,,,,,,,
16-03-2019 17:00,0.213,,,,,,,,,,,
16-03-2019 18:00,0.303,,,,,,,,,,,
16-03-2019 19:00,0.401,,,,,,,,,,,
16-03-2019 20:00,0.488,,,,,,,,,,,
16-03-2019 21:00,0.564,,,,,,,,,,,
16-03-2019 22:00,0.601,,,,,,,,,,,
16-03-2019 23:00,0.599,,,,,,,,,,,
17-03-2019 00:00,0.58,,,,,,,,,,,
17-03-2019 01:00,0.571,,,,,,,,,,,
17-03-2019 02:00,0.574,,,,,,,,,,,
17-03-2019 03:00,0.53,,,,,,,,,,,
17-03-2019 04:00,0.42,,,,,,,,,,,
17-03-2019 05:00,0.379,,,,,,,,,,,
17-03-2019 06:00,0.398,,,,,,,,,,,
17-03-2019 07:00,0.296,,,,,,,,,,,
17-03-2019 08:00,0.207,,,,,,,,,,,
17-03-2019 09:00,0.406,,,,,,,,,,,
17-03-2019 10:00,0.53,,,,,,,,,,,
17-03-2019 11:00,0.573,,,,,,,,,,,
17-03-2019 12:00,0.594,,,,,,,,,,,
17-03-2019 13:00,0.613,,,,,,,,,,,
17-03-2019 14:00,0.616,,,,,,,,,,,
17-03-2019 15:00,0.599,,,,,,,,,,,
17-03-2019 16:00,0.557,,,,,,,,,,,
17-03-2019 17:00,0.538,,,,,,,,,,,
17-03-2019 18:00,0.62,,,,,,,,,,,
17-03-2019 19:00,0.661,,,,,,,,,,,
17-03-2019 20:00,0.633,,,,,,,,,,,
17-03-2019 21:00,0.55,,,,,,,,,,,
17-03-2019 22:00,0.475,,,,,,,,,,,
17-03-2019 23:00,0.511,,,,,,,,,,,
18-03-2019 00:00,0.571,,,,,,,,,,,
18-03-2019 01:00,0.604,,,,,,,,,,,
18-03-2019 02:00,0.588,,,,,,,,,,,
18-03-2019 03:00,0.539,,,,,,,,,,,
18-03-2019 04:00,0.43,,,,,,,,,,,
18-03-2019 05:00,0.34,,,,,,,,,,,
18-03-2019 06:00,0.286,,,,,,,,,,,
18-03-2019 07:00,0.22,,,,,,,,,,,
18-03-2019 08:00,0.148,,,,,,,,,,,
18-03-2019 09:00,0.073,,,,,,,,,,,
18-03-2019 10:00,0.048,,,,,,,,,,,
18-03-2019 11:00,0.052,,,,,,,,,,,
18-03-2019 12:00,0.076,,,,,,,,,,,
18-03-2019 13:00,0.116,,,,,,,,,,,
18-03-2019 14:00,0.167,,,,,,,,,,,
18-03-2019 15:00,0.219,,,,,,,,,,,
18-03-2019 16:00,0.242,,,,,,,,,,,
18-03-2019 17:00,0.312,,,,,,,,,,,
18-03-2019 18:00,0.457,,,,,,,,,,,
18-03-2019 19:00,0.527,,,,,,,,,,,
18-03-2019 20:00,0.568,,,,,,,,,,,
18-03-2019 21:00,0.623,,,,,,,,,,,
18-03-2019 22:00,0.611,,,,,,,,,,,
18-03-2019 23:00,0.535,,,,,,,,,,,
19-03-2019 00:00,0.432,,,,,,,,,,,
19-03-2019 01:00,0.347,,,,,,,,,,,
19-03-2019 02:00,0.294,,,,,,,,,,,
19-03-2019 03:00,0.283,,,,,,,,,,,
19-03-2019 04:00,0.328,,,,,,,,,,,
19-03-2019 05:00,0.362,,,,,,,,,,,
19-03-2019 06:00,0.328,,,,,,,,,,,
19-03-2019 07:00,0.263,,,,,,,,,,,
19-03-2019 08:00,0.397,,,,,,,,,,,
19-03-2019 09:00,0.457,,,,,,,,,,,
19-03-2019 10:00,0.502,,,,,,,,,,,
19-03-2019 11:00,0.558,,,,,,,,,,,
19-03-2019 12:00,0.58,,,,,,,,,,,
19-03-2019 13:00,0.557,,,,,,,,,,,
19-03-2019 14:00,0.537,,,,,,,,,,,
19-03-2019 15:00,0.535,,,,,,,,,,,
19-03-2019 16:00,0.546,,,,,,,,,,,
19-03-2019 17:00,0.528,,,,,,,,,,,
19-03-2019 18:00,0.591,,,,,,,,,,,
19-03-2019 19:00,0.65,,,,,,,,,,,
19-03-2019 20:00,0.655,,,,,,,,,,,
19-03-2019 21:00,0.602,,,,,,,,,,,
19-03-2019 22:00,0.541,,,,,,,,,,,
19-03-2019 23:00,0.485,,,,,,,,,,,
20-03-2019 00:00,0.448,,,,,,,,,,,
20-03-2019 01:00,0.417,,,,,,,,,,,
20-03-2019 02:00,0.401,,,,,,,,,,,
20-03-2019 03:00,0.418,,,,,,,,,,,
20-03-2019 04:00,0.425,,,,,,,,,,,
20-03-2019 05:00,0.405,,,,,,,,,,,
20-03-2019 06:00,0.378,,,,,,,,,,,
20-03-2019 07:00,0.291,,,,,,,,,,,
20-03-2019 08:00,0.265,,,,,,,,,,,
20-03-2019 09:00,0.157,,,,,,,,,,,
20-03-2019 10:00,0.118,,,,,,,,,,,
20-03-2019 11:00,0.11,,,,,,,,,,,
20-03-2019 12:00,0.111,,,,,,,,,,,
20-03-2019 13:00,0.11,,,,,,,,,,,
20-03-2019 14:00,0.111,,,,,,,,,,,
20-03-2019 15:00,0.121,,,,,,,,,,,
20-03-2019 16:00,0.138,,,,,,,,,,,
20-03-2019 17:00,0.152,,,,,,,,,,,
20-03-2019 18:00,0.228,,,,,,,,,,,
20-03-2019 19:00,0.383,,,,,,,,,,,
20-03-2019 20:00,0.55,,,,,,,,,,,
20-03-2019 21:00,0.654,,,,,,,,,,,
20-03-2019 22:00,0.662,,,,,,,,,,,
20-03-2019 23:00,0.606,,,,,,,,,,,
21-03-2019 00:00,0.528,,,,,,,,,,,
21-03-2019 01:00,0.42,,,,,,,,,,,
21-03-2019 02:00,0.302,,,,,,,,,,,
21-03-2019 03:00,0.218,,,,,,,,,,,
21-03-2019 04:00,0.19,,,,,,,,,,,
21-03-2019 05:00,0.204,,,,,,,,,,,
21-03-2019 06:00,0.232,,,,,,,,,,,
21-03-2019 07:00,0.153,,,,,,,,,,,
21-03-2019 08:00,0.225,,,,,,,,,,,
21-03-2019 09:00,0.334,,,,,,,,,,,
21-03-2019 10:00,0.335,,,,,,,,,,,
21-03-2019 11:00,0.316,,,,,,,,,,,
21-03-2019 12:00,0.283,,,,,,,,,,,
21-03-2019 13:00,0.243,,,,,,,,,,,
21-03-2019 14:00,0.21,,,,,,,,,,,
21-03-2019 15:00,0.21,,,,,,,,,,,
21-03-2019 16:00,0.24,,,,,,,,,,,
21-03-2019 17:00,0.302,,,,,,,,,,,
21-03-2019 18:00,0.485,,,,,,,,,,,
21-03-2019 19:00,0.626,,,,,,,,,,,
21-03-2019 20:00,0.661,,,,,,,,,,,
21-03-2019 21:00,0.627,,,,,,,,,,,
21-03-2019 22:00,0.556,,,,,,,,,,,
21-03-2019 23:00,0.444,,,,,,,,,,,
22-03-2019 00:00,0.32,,,,,,,,,,,
22-03-2019 01:00,0.206,,,,,,,,,,,
22-03-2019 02:00,0.123,,,,,,,,,,,
22-03-2019 03:00,0.087,,,,,,,,,,,
22-03-2019 04:00,0.11,,,,,,,,,,,
22-03-2019 05:00,0.185,,,,,,,,,,,
22-03-2019 06:00,0.279,,,,,,,,,,,
22-03-2019 07:00,0.206,,,,,,,,,,,
22-03-2019 08:00,0.302,,,,,,,,,,,
22-03-2019 09:00,0.466,,,,,,,,,,,
22-03-2019 10:00,0.457,,,,,,,,,,,
22-03-2019 11:00,0.442,,,,,,,,,,,
22-03-2019 12:00,0.442,,,,,,,,,,,
22-03-2019 13:00,0.447,,,,,,,,,,,
22-03-2019 14:00,0.473,,,,,,,,,,,
22-03-2019 15:00,0.526,,,,,,,,,,,
22-03-2019 16:00,0.583,,,,,,,,,,,
22-03-2019 17:00,0.592,,,,,,,,,,,
22-03-2019 18:00,0.633,,,,,,,,,,,
22-03-2019 19:00,0.632,,,,,,,,,,,
22-03-2019 20:00,0.573,,,,,,,,,,,
22-03-2019 21:00,0.498,,,,,,,,,,,
22-03-2019 22:00,0.418,,,,,,,,,,,
22-03-2019 23:00,0.346,,,,,,,,,,,
23-03-2019 00:00,0.289,,,,,,,,,,,
23-03-2019 01:00,0.248,,,,,,,,,,,
23-03-2019 02:00,0.237,,,,,,,,,,,
23-03-2019 03:00,0.273,,,,,,,,,,,
23-03-2019 04:00,0.337,,,,,,,,,,,
23-03-2019 05:00,0.414,,,,,,,,,,,
23-03-2019 06:00,0.473,,,,,,,,,,,
23-03-2019 07:00,0.304,,,,,,,,,,,
23-03-2019 08:00,0.422,,,,,,,,,,,
23-03-2019 09:00,0.576,,,,,,,,,,,
23-03-2019 10:00,0.637,,,,,,,,,,,
23-03-2019 11:00,0.676,,,,,,,,,,,
23-03-2019 12:00,0.713,,,,,,,,,,,
23-03-2019 13:00,0.746,,,,,,,,,,,
23-03-2019 14:00,0.762,,,,,,,,,,,
23-03-2019 15:00,0.759,,,,,,,,,,,
23-03-2019 16:00,0.73,,,,,,,,,,,
23-03-2019 17:00,0.639,,,,,,,,,,,
23-03-2019 18:00,0.566,,,,,,,,,,,
23-03-2019 19:00,0.536,,,,,,,,,,,
23-03-2019 20:00,0.509,,,,,,,,,,,
23-03-2019 21:00,0.498,,,,,,,,,,,
23-03-2019 22:00,0.487,,,,,,,,,,,
23-03-2019 23:00,0.471,,,,,,,,,,,
24-03-2019 00:00,0.463,,,,,,,,,,,
24-03-2019 01:00,0.457,,,,,,,,,,,
24-03-2019 02:00,0.476,,,,,,,,,,,
24-03-2019 03:00,0.502,,,,,,,,,,,
24-03-2019 04:00,0.522,,,,,,,,,,,
24-03-2019 05:00,0.535,,,,,,,,,,,
24-03-2019 06:00,0.535,,,,,,,,,,,
24-03-2019 07:00,0.346,,,,,,,,,,,
24-03-2019 08:00,0.46,,,,,,,,,,,
24-03-2019 09:00,0.607,,,,,,,,,,,
24-03-2019 10:00,0.636,,,,,,,,,,,
24-03-2019 11:00,0.645,,,,,,,,,,,
24-03-2019 12:00,0.625,,,,,,,,,,,
24-03-2019 13:00,0.571,,,,,,,,,,,
24-03-2019 14:00,0.508,,,,,,,,,,,
24-03-2019 15:00,0.456,,,,,,,,,,,
24-03-2019 16:00,0.422,,,,,,,,,,,
24-03-2019 17:00,0.41,,,,,,,,,,,
24-03-2019 18:00,0.521,,,,,,,,,,,
24-03-2019 19:00,0.625,,,,,,,,,,,
24-03-2019 20:00,0.633,,,,,,,,,,,
24-03-2019 21:00,0.553,,,,,,,,,,,
24-03-2019 22:00,0.398,,,,,,,,,,,
24-03-2019 23:00,0.245,,,,,,,,,,,
25-03-2019 00:00,0.161,,,,,,,,,,,
25-03-2019 01:00,0.165,,,,,,,,,,,
25-03-2019 02:00,0.231,,,,,,,,,,,
25-03-2019 03:00,0.328,,,,,,,,,,,
25-03-2019 04:00,0.408,,,,,,,,,,,
25-03-2019 05:00,0.454,,,,,,,,,,,
25-03-2019 06:00,0.466,,,,,,,,,,,
25-03-2019 07:00,0.266,,,,,,,,,,,
25-03-2019 08:00,0.12,,,,,,,,,,,
25-03-2019 09:00,0.312,,,,,,,,,,,
25-03-2019 10:00,0.311,,,,,,,,,,,
25-03-2019 11:00,0.253,,,,,,,,,,,
25-03-2019 12:00,0.208,,,,,,,,,,,
25-03-2019 13:00,0.184,,,,,,,,,,,
25-03-2019 14:00,0.185,,,,,,,,,,,
25-03-2019 15:00,0.204,,,,,,,,,,,
25-03-2019 16:00,0.217,,,,,,,,,,,
25-03-2019 17:00,0.233,,,,,,,,,,,
25-03-2019 18:00,0.308,,,,,,,,,,,
25-03-2019 19:00,0.424,,,,,,,,,,,
25-03-2019 20:00,0.539,,,,,,,,,,,
25-03-2019 21:00,0.544,,,,,,,,,,,
25-03-2019 22:00,0.538,,,,,,,,,,,
25-03-2019 23:00,0.54,,,,,,,,,,,
26-03-2019 00:00,0.562,,,,,,,,,,,
26-03-2019 01:00,0.595,,,,,,,,,,,
26-03-2019 02:00,0.604,,,,,,,,,,,
26-03-2019 03:00,0.586,,,,,,,,,,,
26-03-2019 04:00,0.573,,,,,,,,,,,
26-03-2019 05:00,0.571,,,,,,,,,,,
26-03-2019 06:00,0.535,,,,,,,,,,,
26-03-2019 07:00,0.357,,,,,,,,,,,
26-03-2019 08:00,0.566,,,,,,,,,,,
26-03-2019 09:00,0.821,,,,,,,,,,,
26-03-2019 10:00,0.852,,,,,,,,,,,
26-03-2019 11:00,0.859,,,,,,,,,,,
26-03-2019 12:00,0.858,,,,,,,,,,,
26-03-2019 13:00,0.846,,,,,,,,,,,
26-03-2019 14:00,0.82,,,,,,,,,,,
26-03-2019 15:00,0.785,,,,,,,,,,,
26-03-2019 16:00,0.755,,,,,,,,,,,
26-03-2019 17:00,0.72,,,,,,,,,,,
26-03-2019 18:00,0.743,,,,,,,,,,,
26-03-2019 19:00,0.758,,,,,,,,,,,
26-03-2019 20:00,0.726,,,,,,,,,,,
26-03-2019 21:00,0.682,,,,,,,,,,,
26-03-2019 22:00,0.652,,,,,,,,,,,
26-03-2019 23:00,0.639,,,,,,,,,,,
27-03-2019 00:00,0.63,,,,,,,,,,,
27-03-2019 01:00,0.609,,,,,,,,,,,
27-03-2019 02:00,0.585,,,,,,,,,,,
27-03-2019 03:00,0.566,,,,,,,,,,,
27-03-2019 04:00,0.559,,,,,,,,,,,
27-03-2019 05:00,0.556,,,,,,,,,,,
27-03-2019 06:00,0.498,,,,,,,,,,,
27-03-2019 07:00,0.314,,,,,,,,,,,
27-03-2019 08:00,0.574,,,,,,,,,,,
27-03-2019 09:00,0.578,,,,,,,,,,,
27-03-2019 10:00,0.503,,,,,,,,,,,
27-03-2019 11:00,0.421,,,,,,,,,,,
27-03-2019 12:00,0.338,,,,,,,,,,,
27-03-2019 13:00,0.272,,,,,,,,,,,
27-03-2019 14:00,0.234,,,,,,,,,,,
27-03-2019 15:00,0.203,,,,,,,,,,,
27-03-2019 16:00,0.17,,,,,,,,,,,
27-03-2019 17:00,0.161,,,,,,,,,,,
27-03-2019 18:00,0.274,,,,,,,,,,,
27-03-2019 19:00,0.457,,,,,,,,,,,
27-03-2019 20:00,0.595,,,,,,,,,,,
27-03-2019 21:00,0.644,,,,,,,,,,,
27-03-2019 22:00,0.605,,,,,,,,,,,
27-03-2019 23:00,0.528,,,,,,,,,,,
28-03-2019 00:00,0.433,,,,,,,,,,,
28-03-2019 01:00,0.341,,,,,,,,,,,
28-03-2019 02:00,0.253,,,,,,,,,,,
28-03-2019 03:00,0.186,,,,,,,,,,,
28-03-2019 04:00,0.155,,,,,,,,,,,
28-03-2019 05:00,0.159,,,,,,,,,,,
28-03-2019 06:00,0.188,,,,,,,,,,,
28-03-2019 07:00,0.13,,,,,,,,,,,
28-03-2019 08:00,0.188,,,,,,,,,,,
28-03-2019 09:00,0.305,,,,,,,,,,,
28-03-2019 10:00,0.304,,,,,,,,,,,
28-03-2019 11:00,0.278,,,,,,,,,,,
28-03-2019 12:00,0.255,,,,,,,,,,,
28-03-2019 13:00,0.239,,,,,,,,,,,
28-03-2019 14:00,0.234,,,,,,,,,,,
28-03-2019 15:00,0.245,,,,,,,,,,,
28-03-2019 16:00,0.281,,,,,,,,,,,
28-03-2019 17:00,0.351,,,,,,,,,,,
28-03-2019 18:00,0.544,,,,,,,,,,,
28-03-2019 19:00,0.698,,,,,,,,,,,
28-03-2019 20:00,0.725,,,,,,,,,,,
28-03-2019 21:00,0.679,,,,,,,,,,,
28-03-2019 22:00,0.615,,,,,,,,,,,
28-03-2019 23:00,0.546,,,,,,,,,,,
29-03-2019 00:00,0.507,,,,,,,,,,,
29-03-2019 01:00,0.529,,,,,,,,,,,
29-03-2019 02:00,0.583,,,,,,,,,,,
29-03-2019 03:00,0.616,,,,,,,,,,,
29-03-2019 04:00,0.635,,,,,,,,,,,
29-03-2019 05:00,0.62,,,,,,,,,,,
29-03-2019 06:00,0.56,,,,,,,,,,,
29-03-2019 07:00,0.502,,,,,,,,,,,
29-03-2019 08:00,0.727,,,,,,,,,,,
29-03-2019 09:00,0.739,,,,,,,,,,,
29-03-2019 10:00,0.69,,,,,,,,,,,
29-03-2019 11:00,0.63,,,,,,,,,,,
29-03-2019 12:00,0.564,,,,,,,,,,,
29-03-2019 13:00,0.496,,,,,,,,,,,
29-03-2019 14:00,0.433,,,,,,,,,,,
29-03-2019 15:00,0.401,,,,,,,,,,,
29-03-2019 16:00,0.409,,,,,,,,,,,
29-03-2019 17:00,0.493,,,,,,,,,,,
29-03-2019 18:00,0.708,,,,,,,,,,,
29-03-2019 19:00,0.807,,,,,,,,,,,
29-03-2019 20:00,0.78,,,,,,,,,,,
29-03-2019 21:00,0.75,,,,,,,,,,,
29-03-2019 22:00,0.704,,,,,,,,,,,
29-03-2019 23:00,0.645,,,,,,,,,,,
30-03-2019 00:00,0.59,,,,,,,,,,,
30-03-2019 01:00,0.538,,,,,,,,,,,
30-03-2019 02:00,0.498,,,,,,,,,,,
30-03-2019 03:00,0.474,,,,,,,,,,,
30-03-2019 04:00,0.456,,,,,,,,,,,
30-03-2019 05:00,0.423,,,,,,,,,,,
30-03-2019 06:00,0.381,,,,,,,,,,,
30-03-2019 07:00,0.364,,,,,,,,,,,
30-03-2019 08:00,0.406,,,,,,,,,,,
30-03-2019 09:00,0.395,,,,,,,,,,,
30-03-2019 10:00,0.345,,,,,,,,,,,
30-03-2019 11:00,0.296,,,,,,,,,,,
30-03-2019 12:00,0.259,,,,,,,,,,,
30-03-2019 13:00,0.226,,,,,,,,,,,
30-03-2019 14:00,0.211,,,,,,,,,,,
30-03-2019 15:00,0.219,,,,,,,,,,,
30-03-2019 16:00,0.274,,,,,,,,,,,
30-03-2019 17:00,0.383,,,,,,,,,,,
30-03-2019 18:00,0.591,,,,,,,,,,,
30-03-2019 19:00,0.695,,,,,,,,,,,
30-03-2019 20:00,0.653,,,,,,,,,,,
30-03-2019 21:00,0.568,,,,,,,,,,,
30-03-2019 22:00,0.534,,,,,,,,,,,
30-03-2019 23:00,0.518,,,,,,,,,,,
31-03-2019 00:00,0.498,,,,,,,,,,,
31-03-2019 01:00,0.476,,,,,,,,,,,
31-03-2019 02:00,0.449,,,,,,,,,,,
31-03-2019 03:00,0.425,,,,,,,,,,,
31-03-2019 04:00,0.41,,,,,,,,,,,
31-03-2019 05:00,0.413,,,,,,,,,,,
31-03-2019 06:00,0.416,,,,,,,,,,,
31-03-2019 07:00,0.447,,,,,,,,,,,
31-03-2019 08:00,0.464,,,,,,,,,,,
31-03-2019 09:00,0.447,,,,,,,,,,,
31-03-2019 10:00,0.416,,,,,,,,,,,
31-03-2019 11:00,0.401,,,,,,,,,,,
31-03-2019 12:00,0.391,,,,,,,,,,,
31-03-2019 13:00,0.369,,,,,,,,,,,
31-03-2019 14:00,0.332,,,,,,,,,,,
31-03-2019 15:00,0.277,,,,,,,,,,,
31-03-2019 16:00,0.225,,,,,,,,,,,
31-03-2019 17:00,0.181,,,,,,,,,,,
31-03-2019 18:00,0.181,,,,,,,,,,,
31-03-2019 19:00,0.234,,,,,,,,,,,
31-03-2019 20:00,0.27,,,,,,,,,,,
31-03-2019 21:00,0.263,,,,,,,,,,,
31-03-2019 22:00,0.227,,,,,,,,,,,
31-03-2019 23:00,0.187,,,,,,,,,,,
01-04-2019 00:00,0.141,,,,,,,,,,,
01-04-2019 01:00,0.102,,,,,,,,,,,
01-04-2019 02:00,0.071,,,,,,,,,,,
01-04-2019 03:00,0.06,,,,,,,,,,,
01-04-2019 04:00,0.073,,,,,,,,,,,
01-04-2019 05:00,0.1,,,,,,,,,,,
01-04-2019 06:00,0.123,,,,,,,,,,,
01-04-2019 07:00,0.094,,,,,,,,,,,
01-04-2019 08:00,0.05,,,,,,,,,,,
01-04-2019 09:00,0.031,,,,,,,,,,,
01-04-2019 10:00,0.043,,,,,,,,,,,
01-04-2019 11:00,0.066,,,,,,,,,,,
01-04-2019 12:00,0.087,,,,,,,,,,,
01-04-2019 13:00,0.115,,,,,,,,,,,
01-04-2019 14:00,0.155,,,,,,,,,,,
01-04-2019 15:00,0.195,,,,,,,,,,,
01-04-2019 16:00,0.231,,,,,,,,,,,
01-04-2019 17:00,0.238,,,,,,,,,,,
01-04-2019 18:00,0.282,,,,,,,,,,,
01-04-2019 19:00,0.304,,,,,,,,,,,
01-04-2019 20:00,0.3,,,,,,,,,,,
01-04-2019 21:00,0.279,,,,,,,,,,,
01-04-2019 22:00,0.259,,,,,,,,,,,
01-04-2019 23:00,0.254,,,,,,,,,,,
02-04-2019 00:00,0.261,,,,,,,,,,,
02-04-2019 01:00,0.271,,,,,,,,,,,
02-04-2019 02:00,0.284,,,,,,,,,,,
02-04-2019 03:00,0.281,,,,,,,,,,,
02-04-2019 04:00,0.272,,,,,,,,,,,
02-04-2019 05:00,0.272,,,,,,,,,,,
02-04-2019 06:00,0.264,,,,,,,,,,,
02-04-2019 07:00,0.168,,,,,,,,,,,
02-04-2019 08:00,0.206,,,,,,,,,,,
02-04-2019 09:00,0.221,,,,,,,,,,,
02-04-2019 10:00,0.231,,,,,,,,,,,
02-04-2019 11:00,0.256,,,,,,,,,,,
02-04-2019 12:00,0.273,,,,,,,,,,,
02-04-2019 13:00,0.288,,,,,,,,,,,
02-04-2019 14:00,0.3,,,,,,,,,,,
02-04-2019 15:00,0.311,,,,,,,,,,,
02-04-2019 16:00,0.307,,,,,,,,,,,
02-04-2019 17:00,0.256,,,,,,,,,,,
02-04-2019 18:00,0.259,,,,,,,,,,,
02-04-2019 19:00,0.28,,,,,,,,,,,
02-04-2019 20:00,0.32,,,,,,,,,,,
02-04-2019 21:00,0.37,,,,,,,,,,,
02-04-2019 22:00,0.419,,,,,,,,,,,
02-04-2019 23:00,0.452,,,,,,,,,,,
03-04-2019 00:00,0.471,,,,,,,,,,,
03-04-2019 01:00,0.489,,,,,,,,,,,
03-04-2019 02:00,0.521,,,,,,,,,,,
03-04-2019 03:00,0.578,,,,,,,,,,,
03-04-2019 04:00,0.613,,,,,,,,,,,
03-04-2019 05:00,0.602,,,,,,,,,,,
03-04-2019 06:00,0.568,,,,,,,,,,,
03-04-2019 07:00,0.398,,,,,,,,,,,
03-04-2019 08:00,0.666,,,,,,,,,,,
03-04-2019 09:00,0.808,,,,,,,,,,,
03-04-2019 10:00,0.831,,,,,,,,,,,
03-04-2019 11:00,0.857,,,,,,,,,,,
03-04-2019 12:00,0.882,,,,,,,,,,,
03-04-2019 13:00,0.901,,,,,,,,,,,
03-04-2019 14:00,0.91,,,,,,,,,,,
03-04-2019 15:00,0.903,,,,,,,,,,,
03-04-2019 16:00,0.879,,,,,,,,,,,
03-04-2019 17:00,0.803,,,,,,,,,,,
03-04-2019 18:00,0.725,,,,,,,,,,,
03-04-2019 19:00,0.73,,,,,,,,,,,
03-04-2019 20:00,0.715,,,,,,,,,,,
03-04-2019 21:00,0.695,,,,,,,,,,,
03-04-2019 22:00,0.668,,,,,,,,,,,
03-04-2019 23:00,0.65,,,,,,,,,,,
04-04-2019 00:00,0.643,,,,,,,,,,,
04-04-2019 01:00,0.631,,,,,,,,,,,
04-04-2019 02:00,0.613,,,,,,,,,,,
04-04-2019 03:00,0.562,,,,,,,,,,,
04-04-2019 04:00,0.447,,,,,,,,,,,
04-04-2019 05:00,0.328,,,,,,,,,,,
04-04-2019 06:00,0.21,,,,,,,,,,,
04-04-2019 07:00,0.16,,,,,,,,,,,
04-04-2019 08:00,0.108,,,,,,,,,,,
04-04-2019 09:00,0.038,,,,,,,,,,,
04-04-2019 10:00,0.009,,,,,,,,,,,
04-04-2019 11:00,0.006,,,,,,,,,,,
04-04-2019 12:00,0.034,,,,,,,,,,,
04-04-2019 13:00,0.088,,,,,,,,,,,
04-04-2019 14:00,0.167,,,,,,,,,,,
04-04-2019 15:00,0.228,,,,,,,,,,,
04-04-2019 16:00,0.279,,,,,,,,,,,
04-04-2019 17:00,0.294,,,,,,,,,,,
04-04-2019 18:00,0.32,,,,,,,,,,,
04-04-2019 19:00,0.347,,,,,,,,,,,
04-04-2019 20:00,0.374,,,,,,,,,,,
04-04-2019 21:00,0.381,,,,,,,,,,,
04-04-2019 22:00,0.35,,,,,,,,,,,
04-04-2019 23:00,0.309,,,,,,,,,,,
05-04-2019 00:00,0.328,,,,,,,,,,,
05-04-2019 01:00,0.363,,,,,,,,,,,
05-04-2019 02:00,0.339,,,,,,,,,,,
05-04-2019 03:00,0.316,,,,,,,,,,,
05-04-2019 04:00,0.286,,,,,,,,,,,
05-04-2019 05:00,0.309,,,,,,,,,,,
05-04-2019 06:00,0.31,,,,,,,,,,,
05-04-2019 07:00,0.408,,,,,,,,,,,
05-04-2019 08:00,0.586,,,,,,,,,,,
05-04-2019 09:00,0.619,,,,,,,,,,,
05-04-2019 10:00,0.603,,,,,,,,,,,
05-04-2019 11:00,0.615,,,,,,,,,,,
05-04-2019 12:00,0.638,,,,,,,,,,,
05-04-2019 13:00,0.61,,,,,,,,,,,
05-04-2019 14:00,0.622,,,,,,,,,,,
05-04-2019 15:00,0.793,,,,,,,,,,,
05-04-2019 16:00,0.872,,,,,,,,,,,
05-04-2019 17:00,0.838,,,,,,,,,,,
05-04-2019 18:00,0.732,,,,,,,,,,,
05-04-2019 19:00,0.692,,,,,,,,,,,
05-04-2019 20:00,0.668,,,,,,,,,,,
05-04-2019 21:00,0.621,,,,,,,,,,,
05-04-2019 22:00,0.646,,,,,,,,,,,
05-04-2019 23:00,0.637,,,,,,,,,,,
06-04-2019 00:00,0.642,,,,,,,,,,,
06-04-2019 01:00,0.659,,,,,,,,,,,
06-04-2019 02:00,0.727,,,,,,,,,,,
06-04-2019 03:00,0.78,,,,,,,,,,,
06-04-2019 04:00,0.777,,,,,,,,,,,
06-04-2019 05:00,0.745,,,,,,,,,,,
06-04-2019 06:00,0.727,,,,,,,,,,,
06-04-2019 07:00,0.761,,,,,,,,,,,
06-04-2019 08:00,0.845,,,,,,,,,,,
06-04-2019 09:00,0.898,,,,,,,,,,,
06-04-2019 10:00,0.896,,,,,,,,,,,
06-04-2019 11:00,0.899,,,,,,,,,,,
06-04-2019 12:00,0.907,,,,,,,,,,,
06-04-2019 13:00,0.92,,,,,,,,,,,
06-04-2019 14:00,0.936,,,,,,,,,,,
06-04-2019 15:00,0.945,,,,,,,,,,,
06-04-2019 16:00,0.918,,,,,,,,,,,
06-04-2019 17:00,0.826,,,,,,,,,,,
06-04-2019 18:00,0.779,,,,,,,,,,,
06-04-2019 19:00,0.759,,,,,,,,,,,
06-04-2019 20:00,0.741,,,,,,,,,,,
06-04-2019 21:00,0.733,,,,,,,,,,,
06-04-2019 22:00,0.692,,,,,,,,,,,
06-04-2019 23:00,0.677,,,,,,,,,,,
07-04-2019 00:00,0.72,,,,,,,,,,,
07-04-2019 01:00,0.746,,,,,,,,,,,
07-04-2019 02:00,0.744,,,,,,,,,,,
07-04-2019 03:00,0.732,,,,,,,,,,,
07-04-2019 04:00,0.713,,,,,,,,,,,
07-04-2019 05:00,0.685,,,,,,,,,,,
07-04-2019 06:00,0.684,,,,,,,,,,,
07-04-2019 07:00,0.753,,,,,,,,,,,
07-04-2019 08:00,0.841,,,,,,,,,,,
07-04-2019 09:00,0.817,,,,,,,,,,,
07-04-2019 10:00,0.772,,,,,,,,,,,
07-04-2019 11:00,0.715,,,,,,,,,,,
07-04-2019 12:00,0.672,,,,,,,,,,,
07-04-2019 13:00,0.648,,,,,,,,,,,
07-04-2019 14:00,0.639,,,,,,,,,,,
07-04-2019 15:00,0.633,,,,,,,,,,,
07-04-2019 16:00,0.615,,,,,,,,,,,
07-04-2019 17:00,0.54,,,,,,,,,,,
07-04-2019 18:00,0.438,,,,,,,,,,,
07-04-2019 19:00,0.413,,,,,,,,,,,
07-04-2019 20:00,0.347,,,,,,,,,,,
07-04-2019 21:00,0.294,,,,,,,,,,,
07-04-2019 22:00,0.315,,,,,,,,,,,
07-04-2019 23:00,0.35,,,,,,,,,,,
08-04-2019 00:00,0.367,,,,,,,,,,,
08-04-2019 01:00,0.382,,,,,,,,,,,
08-04-2019 02:00,0.402,,,,,,,,,,,
08-04-2019 03:00,0.397,,,,,,,,,,,
08-04-2019 04:00,0.413,,,,,,,,,,,
08-04-2019 05:00,0.401,,,,,,,,,,,
08-04-2019 06:00,0.403,,,,,,,,,,,
08-04-2019 07:00,0.544,,,,,,,,,,,
08-04-2019 08:00,0.717,,,,,,,,,,,
08-04-2019 09:00,0.794,,,,,,,,,,,
08-04-2019 10:00,0.816,,,,,,,,,,,
08-04-2019 11:00,0.811,,,,,,,,,,,
08-04-2019 12:00,0.808,,,,,,,,,,,
08-04-2019 13:00,0.808,,,,,,,,,,,
08-04-2019 14:00,0.807,,,,,,,,,,,
08-04-2019 15:00,0.776,,,,,,,,,,,
08-04-2019 16:00,0.739,,,,,,,,,,,
08-04-2019 17:00,0.678,,,,,,,,,,,
08-04-2019 18:00,0.654,,,,,,,,,,,
08-04-2019 19:00,0.684,,,,,,,,,,,
08-04-2019 20:00,0.654,,,,,,,,,,,
08-04-2019 21:00,0.642,,,,,,,,,,,
08-04-2019 22:00,0.631,,,,,,,,,,,
08-04-2019 23:00,0.613,,,,,,,,,,,
09-04-2019 00:00,0.607,,,,,,,,,,,
09-04-2019 01:00,0.613,,,,,,,,,,,
09-04-2019 02:00,0.618,,,,,,,,,,,
09-04-2019 03:00,0.571,,,,,,,,,,,
09-04-2019 04:00,0.533,,,,,,,,,,,
09-04-2019 05:00,0.498,,,,,,,,,,,
09-04-2019 06:00,0.399,,,,,,,,,,,
09-04-2019 07:00,0.527,,,,,,,,,,,
09-04-2019 08:00,0.655,,,,,,,,,,,
09-04-2019 09:00,0.71,,,,,,,,,,,
09-04-2019 10:00,0.759,,,,,,,,,,,
09-04-2019 11:00,0.814,,,,,,,,,,,
09-04-2019 12:00,0.863,,,,,,,,,,,
09-04-2019 13:00,0.891,,,,,,,,,,,
09-04-2019 14:00,0.906,,,,,,,,,,,
09-04-2019 15:00,0.9,,,,,,,,,,,
09-04-2019 16:00,0.878,,,,,,,,,,,
09-04-2019 17:00,0.806,,,,,,,,,,,
09-04-2019 18:00,0.727,,,,,,,,,,,
09-04-2019 19:00,0.739,,,,,,,,,,,
09-04-2019 20:00,0.735,,,,,,,,,,,
09-04-2019 21:00,0.746,,,,,,,,,,,
09-04-2019 22:00,0.78,,,,,,,,,,,
09-04-2019 23:00,0.75,,,,,,,,,,,
10-04-2019 00:00,0.672,,,,,,,,,,,
10-04-2019 01:00,0.621,,,,,,,,,,,
10-04-2019 02:00,0.604,,,,,,,,,,,
10-04-2019 03:00,0.529,,,,,,,,,,,
10-04-2019 04:00,0.41,,,,,,,,,,,
10-04-2019 05:00,0.345,,,,,,,,,,,
10-04-2019 06:00,0.365,,,,,,,,,,,
10-04-2019 07:00,0.36,,,,,,,,,,,
10-04-2019 08:00,0.391,,,,,,,,,,,
10-04-2019 09:00,0.411,,,,,,,,,,,
10-04-2019 10:00,0.447,,,,,,,,,,,
10-04-2019 11:00,0.473,,,,,,,,,,,
10-04-2019 12:00,0.501,,,,,,,,,,,
10-04-2019 13:00,0.524,,,,,,,,,,,
10-04-2019 14:00,0.529,,,,,,,,,,,
10-04-2019 15:00,0.552,,,,,,,,,,,
10-04-2019 16:00,0.552,,,,,,,,,,,
10-04-2019 17:00,0.432,,,,,,,,,,,
10-04-2019 18:00,0.336,,,,,,,,,,,
10-04-2019 19:00,0.328,,,,,,,,,,,
10-04-2019 20:00,0.32,,,,,,,,,,,
10-04-2019 21:00,0.333,,,,,,,,,,,
10-04-2019 22:00,0.364,,,,,,,,,,,
10-04-2019 23:00,0.403,,,,,,,,,,,
11-04-2019 00:00,0.442,,,,,,,,,,,
11-04-2019 01:00,0.465,,,,,,,,,,,
11-04-2019 02:00,0.464,,,,,,,,,,,
11-04-2019 03:00,0.425,,,,,,,,,,,
11-04-2019 04:00,0.386,,,,,,,,,,,
11-04-2019 05:00,0.349,,,,,,,,,,,
11-04-2019 06:00,0.264,,,,,,,,,,,
11-04-2019 07:00,0.184,,,,,,,,,,,
11-04-2019 08:00,0.284,,,,,,,,,,,
11-04-2019 09:00,0.352,,,,,,,,,,,
11-04-2019 10:00,0.395,,,,,,,,,,,
11-04-2019 11:00,0.444,,,,,,,,,,,
11-04-2019 12:00,0.489,,,,,,,,,,,
11-04-2019 13:00,0.519,,,,,,,,,,,
11-04-2019 14:00,0.528,,,,,,,,,,,
11-04-2019 15:00,0.523,,,,,,,,,,,
11-04-2019 16:00,0.51,,,,,,,,,,,
11-04-2019 17:00,0.476,,,,,,,,,,,
11-04-2019 18:00,0.522,,,,,,,,,,,
11-04-2019 19:00,0.624,,,,,,,,,,,
11-04-2019 20:00,0.669,,,,,,,,,,,
11-04-2019 21:00,0.686,,,,,,,,,,,
11-04-2019 22:00,0.671,,,,,,,,,,,
11-04-2019 23:00,0.63,,,,,,,,,,,
12-04-2019 00:00,0.583,,,,,,,,,,,
12-04-2019 01:00,0.543,,,,,,,,,,,
12-04-2019 02:00,0.495,,,,,,,,,,,
12-04-2019 03:00,0.416,,,,,,,,,,,
12-04-2019 04:00,0.336,,,,,,,,,,,
12-04-2019 05:00,0.302,,,,,,,,,,,
12-04-2019 06:00,0.225,,,,,,,,,,,
12-04-2019 07:00,0.141,,,,,,,,,,,
12-04-2019 08:00,0.251,,,,,,,,,,,
12-04-2019 09:00,0.326,,,,,,,,,,,
12-04-2019 10:00,0.36,,,,,,,,,,,
12-04-2019 11:00,0.395,,,,,,,,,,,
12-04-2019 12:00,0.4,,,,,,,,,,,
12-04-2019 13:00,0.384,,,,,,,,,,,
12-04-2019 14:00,0.364,,,,,,,,,,,
12-04-2019 15:00,0.345,,,,,,,,,,,
12-04-2019 16:00,0.326,,,,,,,,,,,
12-04-2019 17:00,0.261,,,,,,,,,,,
12-04-2019 18:00,0.208,,,,,,,,,,,
12-04-2019 19:00,0.155,,,,,,,,,,,
12-04-2019 20:00,0.129,,,,,,,,,,,
12-04-2019 21:00,0.162,,,,,,,,,,,
12-04-2019 22:00,0.22,,,,,,,,,,,
12-04-2019 23:00,0.233,,,,,,,,,,,
13-04-2019 00:00,0.191,,,,,,,,,,,
13-04-2019 01:00,0.136,,,,,,,,,,,
13-04-2019 02:00,0.089,,,,,,,,,,,
13-04-2019 03:00,0.053,,,,,,,,,,,
13-04-2019 04:00,0.035,,,,,,,,,,,
13-04-2019 05:00,0.032,,,,,,,,,,,
13-04-2019 06:00,0.029,,,,,,,,,,,
13-04-2019 07:00,0.011,,,,,,,,,,,
13-04-2019 08:00,0.022,,,,,,,,,,,
13-04-2019 09:00,0.072,,,,,,,,,,,
13-04-2019 10:00,0.078,,,,,,,,,,,
13-04-2019 11:00,0.078,,,,,,,,,,,
13-04-2019 12:00,0.081,,,,,,,,,,,
13-04-2019 13:00,0.089,,,,,,,,,,,
13-04-2019 14:00,0.102,,,,,,,,,,,
13-04-2019 15:00,0.107,,,,,,,,,,,
13-04-2019 16:00,0.111,,,,,,,,,,,
13-04-2019 17:00,0.121,,,,,,,,,,,
13-04-2019 18:00,0.105,,,,,,,,,,,
13-04-2019 19:00,0.078,,,,,,,,,,,
13-04-2019 20:00,0.09,,,,,,,,,,,
13-04-2019 21:00,0.144,,,,,,,,,,,
13-04-2019 22:00,0.242,,,,,,,,,,,
13-04-2019 23:00,0.367,,,,,,,,,,,
14-04-2019 00:00,0.447,,,,,,,,,,,
14-04-2019 01:00,0.454,,,,,,,,,,,
14-04-2019 02:00,0.396,,,,,,,,,,,
14-04-2019 03:00,0.358,,,,,,,,,,,
14-04-2019 04:00,0.362,,,,,,,,,,,
14-04-2019 05:00,0.341,,,,,,,,,,,
14-04-2019 06:00,0.258,,,,,,,,,,,
14-04-2019 07:00,0.109,,,,,,,,,,,
14-04-2019 08:00,0.072,,,,,,,,,,,
14-04-2019 09:00,0.084,,,,,,,,,,,
14-04-2019 10:00,0.11,,,,,,,,,,,
14-04-2019 11:00,0.139,,,,,,,,,,,
14-04-2019 12:00,0.167,,,,,,,,,,,
14-04-2019 13:00,0.188,,,,,,,,,,,
14-04-2019 14:00,0.203,,,,,,,,,,,
14-04-2019 15:00,0.218,,,,,,,,,,,
14-04-2019 16:00,0.213,,,,,,,,,,,
14-04-2019 17:00,0.195,,,,,,,,,,,
14-04-2019 18:00,0.22,,,,,,,,,,,
14-04-2019 19:00,0.273,,,,,,,,,,,
14-04-2019 20:00,0.301,,,,,,,,,,,
14-04-2019 21:00,0.274,,,,,,,,,,,
14-04-2019 22:00,0.201,,,,,,,,,,,
14-04-2019 23:00,0.125,,,,,,,,,,,
15-04-2019 00:00,0.068,,,,,,,,,,,
15-04-2019 01:00,0.032,,,,,,,,,,,
15-04-2019 02:00,0.026,,,,,,,,,,,
15-04-2019 03:00,0.045,,,,,,,,,,,
15-04-2019 04:00,0.088,,,,,,,,,,,
15-04-2019 05:00,0.182,,,,,,,,,,,
15-04-2019 06:00,0.294,,,,,,,,,,,
15-04-2019 07:00,0.24,,,,,,,,,,,
15-04-2019 08:00,0.343,,,,,,,,,,,
15-04-2019 09:00,0.401,,,,,,,,,,,
15-04-2019 10:00,0.449,,,,,,,,,,,
15-04-2019 11:00,0.571,,,,,,,,,,,
15-04-2019 12:00,0.722,,,,,,,,,,,
15-04-2019 13:00,0.808,,,,,,,,,,,
15-04-2019 14:00,0.862,,,,,,,,,,,
15-04-2019 15:00,0.894,,,,,,,,,,,
15-04-2019 16:00,0.9,,,,,,,,,,,
15-04-2019 17:00,0.86,,,,,,,,,,,
15-04-2019 18:00,0.814,,,,,,,,,,,
15-04-2019 19:00,0.808,,,,,,,,,,,
15-04-2019 20:00,0.754,,,,,,,,,,,
15-04-2019 21:00,0.697,,,,,,,,,,,
15-04-2019 22:00,0.541,,,,,,,,,,,
15-04-2019 23:00,0.389,,,,,,,,,,,
16-04-2019 00:00,0.409,,,,,,,,,,,
16-04-2019 01:00,0.388,,,,,,,,,,,
16-04-2019 02:00,0.355,,,,,,,,,,,
16-04-2019 03:00,0.323,,,,,,,,,,,
16-04-2019 04:00,0.255,,,,,,,,,,,
16-04-2019 05:00,0.164,,,,,,,,,,,
16-04-2019 06:00,0.045,,,,,,,,,,,
16-04-2019 07:00,0.005,,,,,,,,,,,
16-04-2019 08:00,0.007,,,,,,,,,,,
16-04-2019 09:00,0.013,,,,,,,,,,,
16-04-2019 10:00,0.021,,,,,,,,,,,
16-04-2019 11:00,0.032,,,,,,,,,,,
16-04-2019 12:00,0.042,,,,,,,,,,,
16-04-2019 13:00,0.053,,,,,,,,,,,
16-04-2019 14:00,0.056,,,,,,,,,,,
16-04-2019 15:00,0.055,,,,,,,,,,,
16-04-2019 16:00,0.061,,,,,,,,,,,
16-04-2019 17:00,0.084,,,,,,,,,,,
16-04-2019 18:00,0.214,,,,,,,,,,,
16-04-2019 19:00,0.438,,,,,,,,,,,
16-04-2019 20:00,0.63,,,,,,,,,,,
16-04-2019 21:00,0.722,,,,,,,,,,,
16-04-2019 22:00,0.728,,,,,,,,,,,
16-04-2019 23:00,0.719,,,,,,,,,,,
17-04-2019 00:00,0.695,,,,,,,,,,,
17-04-2019 01:00,0.682,,,,,,,,,,,
17-04-2019 02:00,0.74,,,,,,,,,,,
17-04-2019 03:00,0.752,,,,,,,,,,,
17-04-2019 04:00,0.733,,,,,,,,,,,
17-04-2019 05:00,0.741,,,,,,,,,,,
17-04-2019 06:00,0.733,,,,,,,,,,,
17-04-2019 07:00,0.708,,,,,,,,,,,
17-04-2019 08:00,0.704,,,,,,,,,,,
17-04-2019 09:00,0.686,,,,,,,,,,,
17-04-2019 10:00,0.67,,,,,,,,,,,
17-04-2019 11:00,0.663,,,,,,,,,,,
17-04-2019 12:00,0.672,,,,,,,,,,,
17-04-2019 13:00,0.723,,,,,,,,,,,
17-04-2019 14:00,0.766,,,,,,,,,,,
17-04-2019 15:00,0.748,,,,,,,,,,,
17-04-2019 16:00,0.676,,,,,,,,,,,
17-04-2019 17:00,0.549,,,,,,,,,,,
17-04-2019 18:00,0.437,,,,,,,,,,,
17-04-2019 19:00,0.343,,,,,,,,,,,
17-04-2019 20:00,0.332,,,,,,,,,,,
17-04-2019 21:00,0.407,,,,,,,,,,,
17-04-2019 22:00,0.452,,,,,,,,,,,
17-04-2019 23:00,0.34,,,,,,,,,,,
18-04-2019 00:00,0.157,,,,,,,,,,,
18-04-2019 01:00,0.082,,,,,,,,,,,
18-04-2019 02:00,0.114,,,,,,,,,,,
18-04-2019 03:00,0.107,,,,,,,,,,,
18-04-2019 04:00,0.08,,,,,,,,,,,
18-04-2019 05:00,0.031,,,,,,,,,,,
18-04-2019 06:00,0.008,,,,,,,,,,,
18-04-2019 07:00,0.047,,,,,,,,,,,
18-04-2019 08:00,0.144,,,,,,,,,,,
18-04-2019 09:00,0.188,,,,,,,,,,,
18-04-2019 10:00,0.178,,,,,,,,,,,
18-04-2019 11:00,0.102,,,,,,,,,,,
18-04-2019 12:00,0.032,,,,,,,,,,,
18-04-2019 13:00,0.006,,,,,,,,,,,
18-04-2019 14:00,0.007,,,,,,,,,,,
18-04-2019 15:00,0.017,,,,,,,,,,,
18-04-2019 16:00,0.038,,,,,,,,,,,
18-04-2019 17:00,0.071,,,,,,,,,,,
18-04-2019 18:00,0.109,,,,,,,,,,,
18-04-2019 19:00,0.129,,,,,,,,,,,
18-04-2019 20:00,0.115,,,,,,,,,,,
18-04-2019 21:00,0.066,,,,,,,,,,,
18-04-2019 22:00,0.035,,,,,,,,,,,
18-04-2019 23:00,0.033,,,,,,,,,,,
19-04-2019 00:00,0.042,,,,,,,,,,,
19-04-2019 01:00,0.045,,,,,,,,,,,
19-04-2019 02:00,0.061,,,,,,,,,,,
19-04-2019 03:00,0.051,,,,,,,,,,,
19-04-2019 04:00,0.057,,,,,,,,,,,
19-04-2019 05:00,0.067,,,,,,,,,,,
19-04-2019 06:00,0.073,,,,,,,,,,,
19-04-2019 07:00,0.087,,,,,,,,,,,
19-04-2019 08:00,0.133,,,,,,,,,,,
19-04-2019 09:00,0.211,,,,,,,,,,,
19-04-2019 10:00,0.245,,,,,,,,,,,
19-04-2019 11:00,0.213,,,,,,,,,,,
19-04-2019 12:00,0.194,,,,,,,,,,,
19-04-2019 13:00,0.205,,,,,,,,,,,
19-04-2019 14:00,0.252,,,,,,,,,,,
19-04-2019 15:00,0.274,,,,,,,,,,,
19-04-2019 16:00,0.272,,,,,,,,,,,
19-04-2019 17:00,0.308,,,,,,,,,,,
19-04-2019 18:00,0.374,,,,,,,,,,,
19-04-2019 19:00,0.548,,,,,,,,,,,
19-04-2019 20:00,0.672,,,,,,,,,,,
19-04-2019 21:00,0.749,,,,,,,,,,,
19-04-2019 22:00,0.799,,,,,,,,,,,
19-04-2019 23:00,0.866,,,,,,,,,,,
20-04-2019 00:00,0.876,,,,,,,,,,,
20-04-2019 01:00,0.881,,,,,,,,,,,
20-04-2019 02:00,0.906,,,,,,,,,,,
20-04-2019 03:00,0.93,,,,,,,,,,,
20-04-2019 04:00,0.947,,,,,,,,,,,
20-04-2019 05:00,0.965,,,,,,,,,,,
20-04-2019 06:00,0.972,,,,,,,,,,,
20-04-2019 07:00,0.978,,,,,,,,,,,
20-04-2019 08:00,0.977,,,,,,,,,,,
20-04-2019 09:00,0.97,,,,,,,,,,,
20-04-2019 10:00,0.961,,,,,,,,,,,
20-04-2019 11:00,0.955,,,,,,,,,,,
20-04-2019 12:00,0.955,,,,,,,,,,,
20-04-2019 13:00,0.953,,,,,,,,,,,
20-04-2019 14:00,0.948,,,,,,,,,,,
20-04-2019 15:00,0.939,,,,,,,,,,,
20-04-2019 16:00,0.919,,,,,,,,,,,
20-04-2019 17:00,0.875,,,,,,,,,,,
20-04-2019 18:00,0.82,,,,,,,,,,,
20-04-2019 19:00,0.734,,,,,,,,,,,
20-04-2019 20:00,0.623,,,,,,,,,,,
20-04-2019 21:00,0.507,,,,,,,,,,,
20-04-2019 22:00,0.456,,,,,,,,,,,
20-04-2019 23:00,0.4,,,,,,,,,,,
21-04-2019 00:00,0.367,,,,,,,,,,,
21-04-2019 01:00,0.37,,,,,,,,,,,
21-04-2019 02:00,0.414,,,,,,,,,,,
21-04-2019 03:00,0.455,,,,,,,,,,,
21-04-2019 04:00,0.453,,,,,,,,,,,
21-04-2019 05:00,0.448,,,,,,,,,,,
21-04-2019 06:00,0.367,,,,,,,,,,,
21-04-2019 07:00,0.457,,,,,,,,,,,
21-04-2019 08:00,0.677,,,,,,,,,,,
21-04-2019 09:00,0.681,,,,,,,,,,,
21-04-2019 10:00,0.607,,,,,,,,,,,
21-04-2019 11:00,0.513,,,,,,,,,,,
21-04-2019 12:00,0.435,,,,,,,,,,,
21-04-2019 13:00,0.402,,,,,,,,,,,
21-04-2019 14:00,0.407,,,,,,,,,,,
21-04-2019 15:00,0.423,,,,,,,,,,,
21-04-2019 16:00,0.413,,,,,,,,,,,
21-04-2019 17:00,0.347,,,,,,,,,,,
21-04-2019 18:00,0.265,,,,,,,,,,,
21-04-2019 19:00,0.259,,,,,,,,,,,
21-04-2019 20:00,0.295,,,,,,,,,,,
21-04-2019 21:00,0.23,,,,,,,,,,,
21-04-2019 22:00,0.165,,,,,,,,,,,
21-04-2019 23:00,0.17,,,,,,,,,,,
22-04-2019 00:00,0.188,,,,,,,,,,,
22-04-2019 01:00,0.199,,,,,,,,,,,
22-04-2019 02:00,0.209,,,,,,,,,,,
22-04-2019 03:00,0.239,,,,,,,,,,,
22-04-2019 04:00,0.243,,,,,,,,,,,
22-04-2019 05:00,0.204,,,,,,,,,,,
22-04-2019 06:00,0.124,,,,,,,,,,,
22-04-2019 07:00,0.062,,,,,,,,,,,
22-04-2019 08:00,0.033,,,,,,,,,,,
22-04-2019 09:00,0.035,,,,,,,,,,,
22-04-2019 10:00,0.077,,,,,,,,,,,
22-04-2019 11:00,0.134,,,,,,,,,,,
22-04-2019 12:00,0.176,,,,,,,,,,,
22-04-2019 13:00,0.189,,,,,,,,,,,
22-04-2019 14:00,0.198,,,,,,,,,,,
22-04-2019 15:00,0.22,,,,,,,,,,,
22-04-2019 16:00,0.26,,,,,,,,,,,
22-04-2019 17:00,0.283,,,,,,,,,,,
22-04-2019 18:00,0.311,,,,,,,,,,,
22-04-2019 19:00,0.315,,,,,,,,,,,
22-04-2019 20:00,0.32,,,,,,,,,,,
22-04-2019 21:00,0.459,,,,,,,,,,,
22-04-2019 22:00,0.655,,,,,,,,,,,
22-04-2019 23:00,0.739,,,,,,,,,,,
23-04-2019 00:00,0.695,,,,,,,,,,,
23-04-2019 01:00,0.58,,,,,,,,,,,
23-04-2019 02:00,0.519,,,,,,,,,,,
23-04-2019 03:00,0.475,,,,,,,,,,,
23-04-2019 04:00,0.509,,,,,,,,,,,
23-04-2019 05:00,0.568,,,,,,,,,,,
23-04-2019 06:00,0.484,,,,,,,,,,,
23-04-2019 07:00,0.568,,,,,,,,,,,
23-04-2019 08:00,0.583,,,,,,,,,,,
23-04-2019 09:00,0.594,,,,,,,,,,,
23-04-2019 10:00,0.588,,,,,,,,,,,
23-04-2019 11:00,0.587,,,,,,,,,,,
23-04-2019 12:00,0.685,,,,,,,,,,,
23-04-2019 13:00,0.793,,,,,,,,,,,
23-04-2019 14:00,0.835,,,,,,,,,,,
23-04-2019 15:00,0.861,,,,,,,,,,,
23-04-2019 16:00,0.879,,,,,,,,,,,
23-04-2019 17:00,0.867,,,,,,,,,,,
23-04-2019 18:00,0.754,,,,,,,,,,,
23-04-2019 19:00,0.59,,,,,,,,,,,
23-04-2019 20:00,0.528,,,,,,,,,,,
23-04-2019 21:00,0.527,,,,,,,,,,,
23-04-2019 22:00,0.556,,,,,,,,,,,
23-04-2019 23:00,0.62,,,,,,,,,,,
24-04-2019 00:00,0.633,,,,,,,,,,,
24-04-2019 01:00,0.61,,,,,,,,,,,
24-04-2019 02:00,0.599,,,,,,,,,,,
24-04-2019 03:00,0.507,,,,,,,,,,,
24-04-2019 04:00,0.436,,,,,,,,,,,
24-04-2019 05:00,0.378,,,,,,,,,,,
24-04-2019 06:00,0.439,,,,,,,,,,,
24-04-2019 07:00,0.644,,,,,,,,,,,
24-04-2019 08:00,0.832,,,,,,,,,,,
24-04-2019 09:00,0.939,,,,,,,,,,,
24-04-2019 10:00,0.967,,,,,,,,,,,
24-04-2019 11:00,0.973,,,,,,,,,,,
24-04-2019 12:00,0.973,,,,,,,,,,,
24-04-2019 13:00,0.972,,,,,,,,,,,
24-04-2019 14:00,0.974,,,,,,,,,,,
24-04-2019 15:00,0.976,,,,,,,,,,,
24-04-2019 16:00,0.972,,,,,,,,,,,
24-04-2019 17:00,0.947,,,,,,,,,,,
24-04-2019 18:00,0.91,,,,,,,,,,,
24-04-2019 19:00,0.921,,,,,,,,,,,
24-04-2019 20:00,0.936,,,,,,,,,,,
24-04-2019 21:00,0.952,,,,,,,,,,,
24-04-2019 22:00,0.959,,,,,,,,,,,
24-04-2019 23:00,0.958,,,,,,,,,,,
25-04-2019 00:00,0.953,,,,,,,,,,,
25-04-2019 01:00,0.938,,,,,,,,,,,
25-04-2019 02:00,0.911,,,,,,,,,,,
25-04-2019 03:00,0.866,,,,,,,,,,,
25-04-2019 04:00,0.822,,,,,,,,,,,
25-04-2019 05:00,0.765,,,,,,,,,,,
25-04-2019 06:00,0.713,,,,,,,,,,,
25-04-2019 07:00,0.718,,,,,,,,,,,
25-04-2019 08:00,0.75,,,,,,,,,,,
25-04-2019 09:00,0.824,,,,,,,,,,,
25-04-2019 10:00,0.893,,,,,,,,,,,
25-04-2019 11:00,0.932,,,,,,,,,,,
25-04-2019 12:00,0.959,,,,,,,,,,,
25-04-2019 13:00,0.968,,,,,,,,,,,
25-04-2019 14:00,0.967,,,,,,,,,,,
25-04-2019 15:00,0.957,,,,,,,,,,,
25-04-2019 16:00,0.936,,,,,,,,,,,
25-04-2019 17:00,0.889,,,,,,,,,,,
25-04-2019 18:00,0.78,,,,,,,,,,,
25-04-2019 19:00,0.71,,,,,,,,,,,
25-04-2019 20:00,0.697,,,,,,,,,,,
25-04-2019 21:00,0.68,,,,,,,,,,,
25-04-2019 22:00,0.677,,,,,,,,,,,
25-04-2019 23:00,0.657,,,,,,,,,,,
26-04-2019 00:00,0.636,,,,,,,,,,,
26-04-2019 01:00,0.623,,,,,,,,,,,
26-04-2019 02:00,0.582,,,,,,,,,,,
26-04-2019 03:00,0.532,,,,,,,,,,,
26-04-2019 04:00,0.471,,,,,,,,,,,
26-04-2019 05:00,0.379,,,,,,,,,,,
26-04-2019 06:00,0.22,,,,,,,,,,,
26-04-2019 07:00,0.179,,,,,,,,,,,
26-04-2019 08:00,0.158,,,,,,,,,,,
26-04-2019 09:00,0.119,,,,,,,,,,,
26-04-2019 10:00,0.09,,,,,,,,,,,
26-04-2019 11:00,0.074,,,,,,,,,,,
26-04-2019 12:00,0.085,,,,,,,,,,,
26-04-2019 13:00,0.112,,,,,,,,,,,
26-04-2019 14:00,0.146,,,,,,,,,,,
26-04-2019 15:00,0.177,,,,,,,,,,,
26-04-2019 16:00,0.192,,,,,,,,,,,
26-04-2019 17:00,0.18,,,,,,,,,,,
26-04-2019 18:00,0.155,,,,,,,,,,,
26-04-2019 19:00,0.134,,,,,,,,,,,
26-04-2019 20:00,0.111,,,,,,,,,,,
26-04-2019 21:00,0.095,,,,,,,,,,,
26-04-2019 22:00,0.092,,,,,,,,,,,
26-04-2019 23:00,0.1,,,,,,,,,,,
27-04-2019 00:00,0.117,,,,,,,,,,,
27-04-2019 01:00,0.135,,,,,,,,,,,
27-04-2019 02:00,0.159,,,,,,,,,,,
27-04-2019 03:00,0.175,,,,,,,,,,,
27-04-2019 04:00,0.179,,,,,,,,,,,
27-04-2019 05:00,0.187,,,,,,,,,,,
27-04-2019 06:00,0.165,,,,,,,,,,,
27-04-2019 07:00,0.062,,,,,,,,,,,
27-04-2019 08:00,0.048,,,,,,,,,,,
27-04-2019 09:00,0.038,,,,,,,,,,,
27-04-2019 10:00,0.026,,,,,,,,,,,
27-04-2019 11:00,0.017,,,,,,,,,,,
27-04-2019 12:00,0.01,,,,,,,,,,,
27-04-2019 13:00,0.012,,,,,,,,,,,
27-04-2019 14:00,0.025,,,,,,,,,,,
27-04-2019 15:00,0.045,,,,,,,,,,,
27-04-2019 16:00,0.061,,,,,,,,,,,
27-04-2019 17:00,0.075,,,,,,,,,,,
27-04-2019 18:00,0.096,,,,,,,,,,,
27-04-2019 19:00,0.101,,,,,,,,,,,
27-04-2019 20:00,0.099,,,,,,,,,,,
27-04-2019 21:00,0.115,,,,,,,,,,,
27-04-2019 22:00,0.152,,,,,,,,,,,
27-04-2019 23:00,0.192,,,,,,,,,,,
28-04-2019 00:00,0.234,,,,,,,,,,,
28-04-2019 01:00,0.27,,,,,,,,,,,
28-04-2019 02:00,0.312,,,,,,,,,,,
28-04-2019 03:00,0.387,,,,,,,,,,,
28-04-2019 04:00,0.482,,,,,,,,,,,
28-04-2019 05:00,0.541,,,,,,,,,,,
28-04-2019 06:00,0.421,,,,,,,,,,,
28-04-2019 07:00,0.249,,,,,,,,,,,
28-04-2019 08:00,0.246,,,,,,,,,,,
28-04-2019 09:00,0.192,,,,,,,,,,,
28-04-2019 10:00,0.131,,,,,,,,,,,
28-04-2019 11:00,0.084,,,,,,,,,,,
28-04-2019 12:00,0.048,,,,,,,,,,,
28-04-2019 13:00,0.024,,,,,,,,,,,
28-04-2019 14:00,0.012,,,,,,,,,,,
28-04-2019 15:00,0.013,,,,,,,,,,,
28-04-2019 16:00,0.025,,,,,,,,,,,
28-04-2019 17:00,0.052,,,,,,,,,,,
28-04-2019 18:00,0.099,,,,,,,,,,,
28-04-2019 19:00,0.125,,,,,,,,,,,
28-04-2019 20:00,0.133,,,,,,,,,,,
28-04-2019 21:00,0.146,,,,,,,,,,,
28-04-2019 22:00,0.168,,,,,,,,,,,
28-04-2019 23:00,0.192,,,,,,,,,,,
29-04-2019 00:00,0.211,,,,,,,,,,,
29-04-2019 01:00,0.228,,,,,,,,,,,
29-04-2019 02:00,0.251,,,,,,,,,,,
29-04-2019 03:00,0.289,,,,,,,,,,,
29-04-2019 04:00,0.321,,,,,,,,,,,
29-04-2019 05:00,0.337,,,,,,,,,,,
29-04-2019 06:00,0.261,,,,,,,,,,,
29-04-2019 07:00,0.154,,,,,,,,,,,
29-04-2019 08:00,0.105,,,,,,,,,,,
29-04-2019 09:00,0.081,,,,,,,,,,,
29-04-2019 10:00,0.041,,,,,,,,,,,
29-04-2019 11:00,0.008,,,,,,,,,,,
29-04-2019 12:00,0.002,,,,,,,,,,,
29-04-2019 13:00,0.005,,,,,,,,,,,
29-04-2019 14:00,0.012,,,,,,,,,,,
29-04-2019 15:00,0.017,,,,,,,,,,,
29-04-2019 16:00,0.022,,,,,,,,,,,
29-04-2019 17:00,0.022,,,,,,,,,,,
29-04-2019 18:00,0.045,,,,,,,,,,,
29-04-2019 19:00,0.104,,,,,,,,,,,
29-04-2019 20:00,0.212,,,,,,,,,,,
29-04-2019 21:00,0.32,,,,,,,,,,,
29-04-2019 22:00,0.352,,,,,,,,,,,
29-04-2019 23:00,0.32,,,,,,,,,,,
30-04-2019 00:00,0.256,,,,,,,,,,,
30-04-2019 01:00,0.196,,,,,,,,,,,
30-04-2019 02:00,0.148,,,,,,,,,,,
30-04-2019 03:00,0.104,,,,,,,,,,,
30-04-2019 04:00,0.074,,,,,,,,,,,
30-04-2019 05:00,0.055,,,,,,,,,,,
30-04-2019 06:00,0.035,,,,,,,,,,,
30-04-2019 07:00,0.012,,,,,,,,,,,
30-04-2019 08:00,0.012,,,,,,,,,,,
30-04-2019 09:00,0.043,,,,,,,,,,,
30-04-2019 10:00,0.055,,,,,,,,,,,
30-04-2019 11:00,0.055,,,,,,,,,,,
30-04-2019 12:00,0.06,,,,,,,,,,,
30-04-2019 13:00,0.068,,,,,,,,,,,
30-04-2019 14:00,0.073,,,,,,,,,,,
30-04-2019 15:00,0.072,,,,,,,,,,,
30-04-2019 16:00,0.062,,,,,,,,,,,
30-04-2019 17:00,0.045,,,,,,,,,,,
30-04-2019 18:00,0.035,,,,,,,,,,,
30-04-2019 19:00,0.034,,,,,,,,,,,
30-04-2019 20:00,0.049,,,,,,,,,,,
30-04-2019 21:00,0.167,,,,,,,,,,,
30-04-2019 22:00,0.341,,,,,,,,,,,
30-04-2019 23:00,0.426,,,,,,,,,,,
01-05-2019 00:00,0.41,,,,,,,,,,,
01-05-2019 01:00,0.374,,,,,,,,,,,
01-05-2019 02:00,0.345,,,,,,,,,,,
01-05-2019 03:00,0.317,,,,,,,,,,,
01-05-2019 04:00,0.3,,,,,,,,,,,
01-05-2019 05:00,0.28,,,,,,,,,,,
01-05-2019 06:00,0.215,,,,,,,,,,,
01-05-2019 07:00,0.126,,,,,,,,,,,
01-05-2019 08:00,0.088,,,,,,,,,,,
01-05-2019 09:00,0.07,,,,,,,,,,,
01-05-2019 10:00,0.048,,,,,,,,,,,
01-05-2019 11:00,0.036,,,,,,,,,,,
01-05-2019 12:00,0.027,,,,,,,,,,,
01-05-2019 13:00,0.018,,,,,,,,,,,
01-05-2019 14:00,0.008,,,,,,,,,,,
01-05-2019 15:00,0.002,,,,,,,,,,,
01-05-2019 16:00,0.003,,,,,,,,,,,
01-05-2019 17:00,0.02,,,,,,,,,,,
01-05-2019 18:00,0.118,,,,,,,,,,,
01-05-2019 19:00,0.295,,,,,,,,,,,
01-05-2019 20:00,0.415,,,,,,,,,,,
01-05-2019 21:00,0.432,,,,,,,,,,,
01-05-2019 22:00,0.388,,,,,,,,,,,
01-05-2019 23:00,0.341,,,,,,,,,,,
02-05-2019 00:00,0.311,,,,,,,,,,,
02-05-2019 01:00,0.311,,,,,,,,,,,
02-05-2019 02:00,0.344,,,,,,,,,,,
02-05-2019 03:00,0.388,,,,,,,,,,,
02-05-2019 04:00,0.457,,,,,,,,,,,
02-05-2019 05:00,0.498,,,,,,,,,,,
02-05-2019 06:00,0.357,,,,,,,,,,,
02-05-2019 07:00,0.286,,,,,,,,,,,
02-05-2019 08:00,0.296,,,,,,,,,,,
02-05-2019 09:00,0.282,,,,,,,,,,,
02-05-2019 10:00,0.264,,,,,,,,,,,
02-05-2019 11:00,0.251,,,,,,,,,,,
02-05-2019 12:00,0.223,,,,,,,,,,,
02-05-2019 13:00,0.186,,,,,,,,,,,
02-05-2019 14:00,0.155,,,,,,,,,,,
02-05-2019 15:00,0.136,,,,,,,,,,,
02-05-2019 16:00,0.122,,,,,,,,,,,
02-05-2019 17:00,0.136,,,,,,,,,,,
02-05-2019 18:00,0.241,,,,,,,,,,,
02-05-2019 19:00,0.423,,,,,,,,,,,
02-05-2019 20:00,0.554,,,,,,,,,,,
02-05-2019 21:00,0.601,,,,,,,,,,,
02-05-2019 22:00,0.609,,,,,,,,,,,
02-05-2019 23:00,0.605,,,,,,,,,,,
03-05-2019 00:00,0.595,,,,,,,,,,,
03-05-2019 01:00,0.544,,,,,,,,,,,
03-05-2019 02:00,0.459,,,,,,,,,,,
03-05-2019 03:00,0.391,,,,,,,,,,,
03-05-2019 04:00,0.343,,,,,,,,,,,
03-05-2019 05:00,0.305,,,,,,,,,,,
03-05-2019 06:00,0.173,,,,,,,,,,,
03-05-2019 07:00,0.109,,,,,,,,,,,
03-05-2019 08:00,0.104,,,,,,,,,,,
03-05-2019 09:00,0.105,,,,,,,,,,,
03-05-2019 10:00,0.155,,,,,,,,,,,
03-05-2019 11:00,0.227,,,,,,,,,,,
03-05-2019 12:00,0.318,,,,,,,,,,,
03-05-2019 13:00,0.417,,,,,,,,,,,
03-05-2019 14:00,0.503,,,,,,,,,,,
03-05-2019 15:00,0.566,,,,,,,,,,,
03-05-2019 16:00,0.607,,,,,,,,,,,
03-05-2019 17:00,0.61,,,,,,,,,,,
03-05-2019 18:00,0.575,,,,,,,,,,,
03-05-2019 19:00,0.63,,,,,,,,,,,
03-05-2019 20:00,0.65,,,,,,,,,,,
03-05-2019 21:00,0.631,,,,,,,,,,,
03-05-2019 22:00,0.565,,,,,,,,,,,
03-05-2019 23:00,0.468,,,,,,,,,,,
04-05-2019 00:00,0.341,,,,,,,,,,,
04-05-2019 01:00,0.219,,,,,,,,,,,
04-05-2019 02:00,0.133,,,,,,,,,,,
04-05-2019 03:00,0.083,,,,,,,,,,,
04-05-2019 04:00,0.054,,,,,,,,,,,
04-05-2019 05:00,0.045,,,,,,,,,,,
04-05-2019 06:00,0.029,,,,,,,,,,,
04-05-2019 07:00,0.029,,,,,,,,,,,
04-05-2019 08:00,0.108,,,,,,,,,,,
04-05-2019 09:00,0.17,,,,,,,,,,,
04-05-2019 10:00,0.216,,,,,,,,,,,
04-05-2019 11:00,0.248,,,,,,,,,,,
04-05-2019 12:00,0.274,,,,,,,,,,,
04-05-2019 13:00,0.295,,,,,,,,,,,
04-05-2019 14:00,0.313,,,,,,,,,,,
04-05-2019 15:00,0.311,,,,,,,,,,,
04-05-2019 16:00,0.282,,,,,,,,,,,
04-05-2019 17:00,0.214,,,,,,,,,,,
04-05-2019 18:00,0.127,,,,,,,,,,,
04-05-2019 19:00,0.099,,,,,,,,,,,
04-05-2019 20:00,0.123,,,,,,,,,,,
04-05-2019 21:00,0.157,,,,,,,,,,,
04-05-2019 22:00,0.184,,,,,,,,,,,
04-05-2019 23:00,0.191,,,,,,,,,,,
05-05-2019 00:00,0.191,,,,,,,,,,,
05-05-2019 01:00,0.223,,,,,,,,,,,
05-05-2019 02:00,0.305,,,,,,,,,,,
05-05-2019 03:00,0.309,,,,,,,,,,,
05-05-2019 04:00,0.268,,,,,,,,,,,
05-05-2019 05:00,0.22,,,,,,,,,,,
05-05-2019 06:00,0.135,,,,,,,,,,,
05-05-2019 07:00,0.056,,,,,,,,,,,
05-05-2019 08:00,0.006,,,,,,,,,,,
05-05-2019 09:00,0.076,,,,,,,,,,,
05-05-2019 10:00,0.18,,,,,,,,,,,
05-05-2019 11:00,0.29,,,,,,,,,,,
05-05-2019 12:00,0.405,,,,,,,,,,,
05-05-2019 13:00,0.477,,,,,,,,,,,
05-05-2019 14:00,0.492,,,,,,,,,,,
05-05-2019 15:00,0.45,,,,,,,,,,,
05-05-2019 16:00,0.36,,,,,,,,,,,
05-05-2019 17:00,0.203,,,,,,,,,,,
05-05-2019 18:00,0.08,,,,,,,,,,,
05-05-2019 19:00,0.056,,,,,,,,,,,
05-05-2019 20:00,0.07,,,,,,,,,,,
05-05-2019 21:00,0.105,,,,,,,,,,,
05-05-2019 22:00,0.145,,,,,,,,,,,
05-05-2019 23:00,0.164,,,,,,,,,,,
06-05-2019 00:00,0.171,,,,,,,,,,,
06-05-2019 01:00,0.185,,,,,,,,,,,
06-05-2019 02:00,0.202,,,,,,,,,,,
06-05-2019 03:00,0.202,,,,,,,,,,,
06-05-2019 04:00,0.173,,,,,,,,,,,
06-05-2019 05:00,0.134,,,,,,,,,,,
06-05-2019 06:00,0.08,,,,,,,,,,,
06-05-2019 07:00,0.046,,,,,,,,,,,
06-05-2019 08:00,0.088,,,,,,,,,,,
06-05-2019 09:00,0.219,,,,,,,,,,,
06-05-2019 10:00,0.217,,,,,,,,,,,
06-05-2019 11:00,0.22,,,,,,,,,,,
06-05-2019 12:00,0.243,,,,,,,,,,,
06-05-2019 13:00,0.281,,,,,,,,,,,
06-05-2019 14:00,0.333,,,,,,,,,,,
06-05-2019 15:00,0.362,,,,,,,,,,,
06-05-2019 16:00,0.317,,,,,,,,,,,
06-05-2019 17:00,0.243,,,,,,,,,,,
06-05-2019 18:00,0.245,,,,,,,,,,,
06-05-2019 19:00,0.256,,,,,,,,,,,
06-05-2019 20:00,0.239,,,,,,,,,,,
06-05-2019 21:00,0.208,,,,,,,,,,,
06-05-2019 22:00,0.189,,,,,,,,,,,
06-05-2019 23:00,0.191,,,,,,,,,,,
07-05-2019 00:00,0.182,,,,,,,,,,,
07-05-2019 01:00,0.158,,,,,,,,,,,
07-05-2019 02:00,0.108,,,,,,,,,,,
07-05-2019 03:00,0.072,,,,,,,,,,,
07-05-2019 04:00,0.106,,,,,,,,,,,
07-05-2019 05:00,0.187,,,,,,,,,,,
07-05-2019 06:00,0.186,,,,,,,,,,,
07-05-2019 07:00,0.123,,,,,,,,,,,
07-05-2019 08:00,0.199,,,,,,,,,,,
07-05-2019 09:00,0.243,,,,,,,,,,,
07-05-2019 10:00,0.272,,,,,,,,,,,
07-05-2019 11:00,0.31,,,,,,,,,,,
07-05-2019 12:00,0.347,,,,,,,,,,,
07-05-2019 13:00,0.396,,,,,,,,,,,
07-05-2019 14:00,0.473,,,,,,,,,,,
07-05-2019 15:00,0.571,,,,,,,,,,,
07-05-2019 16:00,0.622,,,,,,,,,,,
07-05-2019 17:00,0.593,,,,,,,,,,,
07-05-2019 18:00,0.522,,,,,,,,,,,
07-05-2019 19:00,0.503,,,,,,,,,,,
07-05-2019 20:00,0.42,,,,,,,,,,,
07-05-2019 21:00,0.352,,,,,,,,,,,
07-05-2019 22:00,0.334,,,,,,,,,,,
07-05-2019 23:00,0.325,,,,,,,,,,,
08-05-2019 00:00,0.325,,,,,,,,,,,
08-05-2019 01:00,0.405,,,,,,,,,,,
08-05-2019 02:00,0.494,,,,,,,,,,,
08-05-2019 03:00,0.481,,,,,,,,,,,
08-05-2019 04:00,0.413,,,,,,,,,,,
08-05-2019 05:00,0.335,,,,,,,,,,,
08-05-2019 06:00,0.454,,,,,,,,,,,
08-05-2019 07:00,0.718,,,,,,,,,,,
08-05-2019 08:00,0.85,,,,,,,,,,,
08-05-2019 09:00,0.892,,,,,,,,,,,
08-05-2019 10:00,0.922,,,,,,,,,,,
08-05-2019 11:00,0.943,,,,,,,,,,,
08-05-2019 12:00,0.951,,,,,,,,,,,
08-05-2019 13:00,0.954,,,,,,,,,,,
08-05-2019 14:00,0.957,,,,,,,,,,,
08-05-2019 15:00,0.959,,,,,,,,,,,
08-05-2019 16:00,0.959,,,,,,,,,,,
08-05-2019 17:00,0.948,,,,,,,,,,,
08-05-2019 18:00,0.902,,,,,,,,,,,
08-05-2019 19:00,0.816,,,,,,,,,,,
08-05-2019 20:00,0.772,,,,,,,,,,,
08-05-2019 21:00,0.768,,,,,,,,,,,
08-05-2019 22:00,0.749,,,,,,,,,,,
08-05-2019 23:00,0.718,,,,,,,,,,,
09-05-2019 00:00,0.657,,,,,,,,,,,
09-05-2019 01:00,0.613,,,,,,,,,,,
09-05-2019 02:00,0.585,,,,,,,,,,,
09-05-2019 03:00,0.547,,,,,,,,,,,
09-05-2019 04:00,0.504,,,,,,,,,,,
09-05-2019 05:00,0.451,,,,,,,,,,,
09-05-2019 06:00,0.402,,,,,,,,,,,
09-05-2019 07:00,0.423,,,,,,,,,,,
09-05-2019 08:00,0.459,,,,,,,,,,,
09-05-2019 09:00,0.509,,,,,,,,,,,
09-05-2019 10:00,0.545,,,,,,,,,,,
09-05-2019 11:00,0.577,,,,,,,,,,,
09-05-2019 12:00,0.605,,,,,,,,,,,
09-05-2019 13:00,0.633,,,,,,,,,,,
09-05-2019 14:00,0.661,,,,,,,,,,,
09-05-2019 15:00,0.685,,,,,,,,,,,
09-05-2019 16:00,0.696,,,,,,,,,,,
09-05-2019 17:00,0.69,,,,,,,,,,,
09-05-2019 18:00,0.616,,,,,,,,,,,
09-05-2019 19:00,0.601,,,,,,,,,,,
09-05-2019 20:00,0.547,,,,,,,,,,,
09-05-2019 21:00,0.491,,,,,,,,,,,
09-05-2019 22:00,0.467,,,,,,,,,,,
09-05-2019 23:00,0.459,,,,,,,,,,,
10-05-2019 00:00,0.442,,,,,,,,,,,
10-05-2019 01:00,0.416,,,,,,,,,,,
10-05-2019 02:00,0.375,,,,,,,,,,,
10-05-2019 03:00,0.315,,,,,,,,,,,
10-05-2019 04:00,0.267,,,,,,,,,,,
10-05-2019 05:00,0.225,,,,,,,,,,,
10-05-2019 06:00,0.201,,,,,,,,,,,
10-05-2019 07:00,0.223,,,,,,,,,,,
10-05-2019 08:00,0.261,,,,,,,,,,,
10-05-2019 09:00,0.32,,,,,,,,,,,
10-05-2019 10:00,0.365,,,,,,,,,,,
10-05-2019 11:00,0.391,,,,,,,,,,,
10-05-2019 12:00,0.411,,,,,,,,,,,
10-05-2019 13:00,0.425,,,,,,,,,,,
10-05-2019 14:00,0.433,,,,,,,,,,,
10-05-2019 15:00,0.44,,,,,,,,,,,
10-05-2019 16:00,0.447,,,,,,,,,,,
10-05-2019 17:00,0.45,,,,,,,,,,,
10-05-2019 18:00,0.448,,,,,,,,,,,
10-05-2019 19:00,0.532,,,,,,,,,,,
10-05-2019 20:00,0.556,,,,,,,,,,,
10-05-2019 21:00,0.544,,,,,,,,,,,
10-05-2019 22:00,0.527,,,,,,,,,,,
10-05-2019 23:00,0.491,,,,,,,,,,,
11-05-2019 00:00,0.462,,,,,,,,,,,
11-05-2019 01:00,0.447,,,,,,,,,,,
11-05-2019 02:00,0.364,,,,,,,,,,,
11-05-2019 03:00,0.237,,,,,,,,,,,
11-05-2019 04:00,0.166,,,,,,,,,,,
11-05-2019 05:00,0.13,,,,,,,,,,,
11-05-2019 06:00,0.052,,,,,,,,,,,
11-05-2019 07:00,0.02,,,,,,,,,,,
11-05-2019 08:00,0.041,,,,,,,,,,,
11-05-2019 09:00,0.077,,,,,,,,,,,
11-05-2019 10:00,0.095,,,,,,,,,,,
11-05-2019 11:00,0.103,,,,,,,,,,,
11-05-2019 12:00,0.135,,,,,,,,,,,
11-05-2019 13:00,0.172,,,,,,,,,,,
11-05-2019 14:00,0.193,,,,,,,,,,,
11-05-2019 15:00,0.218,,,,,,,,,,,
11-05-2019 16:00,0.261,,,,,,,,,,,
11-05-2019 17:00,0.285,,,,,,,,,,,
11-05-2019 18:00,0.31,,,,,,,,,,,
11-05-2019 19:00,0.413,,,,,,,,,,,
11-05-2019 20:00,0.516,,,,,,,,,,,
11-05-2019 21:00,0.621,,,,,,,,,,,
11-05-2019 22:00,0.709,,,,,,,,,,,
11-05-2019 23:00,0.721,,,,,,,,,,,
12-05-2019 00:00,0.681,,,,,,,,,,,
12-05-2019 01:00,0.633,,,,,,,,,,,
12-05-2019 02:00,0.578,,,,,,,,,,,
12-05-2019 03:00,0.51,,,,,,,,,,,
12-05-2019 04:00,0.444,,,,,,,,,,,
12-05-2019 05:00,0.388,,,,,,,,,,,
12-05-2019 06:00,0.256,,,,,,,,,,,
12-05-2019 07:00,0.22,,,,,,,,,,,
12-05-2019 08:00,0.113,,,,,,,,,,,
12-05-2019 09:00,0.034,,,,,,,,,,,
12-05-2019 10:00,0.011,,,,,,,,,,,
12-05-2019 11:00,0.02,,,,,,,,,,,
12-05-2019 12:00,0.048,,,,,,,,,,,
12-05-2019 13:00,0.074,,,,,,,,,,,
12-05-2019 14:00,0.108,,,,,,,,,,,
12-05-2019 15:00,0.149,,,,,,,,,,,
12-05-2019 16:00,0.191,,,,,,,,,,,
12-05-2019 17:00,0.236,,,,,,,,,,,
12-05-2019 18:00,0.349,,,,,,,,,,,
12-05-2019 19:00,0.56,,,,,,,,,,,
12-05-2019 20:00,0.729,,,,,,,,,,,
12-05-2019 21:00,0.785,,,,,,,,,,,
12-05-2019 22:00,0.76,,,,,,,,,,,
12-05-2019 23:00,0.688,,,,,,,,,,,
13-05-2019 00:00,0.591,,,,,,,,,,,
13-05-2019 01:00,0.479,,,,,,,,,,,
13-05-2019 02:00,0.386,,,,,,,,,,,
13-05-2019 03:00,0.368,,,,,,,,,,,
13-05-2019 04:00,0.382,,,,,,,,,,,
13-05-2019 05:00,0.362,,,,,,,,,,,
13-05-2019 06:00,0.195,,,,,,,,,,,
13-05-2019 07:00,0.153,,,,,,,,,,,
13-05-2019 08:00,0.091,,,,,,,,,,,
13-05-2019 09:00,0.073,,,,,,,,,,,
13-05-2019 10:00,0.085,,,,,,,,,,,
13-05-2019 11:00,0.105,,,,,,,,,,,
13-05-2019 12:00,0.127,,,,,,,,,,,
13-05-2019 13:00,0.144,,,,,,,,,,,
13-05-2019 14:00,0.146,,,,,,,,,,,
13-05-2019 15:00,0.144,,,,,,,,,,,
13-05-2019 16:00,0.144,,,,,,,,,,,
13-05-2019 17:00,0.177,,,,,,,,,,,
13-05-2019 18:00,0.342,,,,,,,,,,,
13-05-2019 19:00,0.663,,,,,,,,,,,
13-05-2019 20:00,0.822,,,,,,,,,,,
13-05-2019 21:00,0.811,,,,,,,,,,,
13-05-2019 22:00,0.735,,,,,,,,,,,
13-05-2019 23:00,0.653,,,,,,,,,,,
14-05-2019 00:00,0.599,,,,,,,,,,,
14-05-2019 01:00,0.566,,,,,,,,,,,
14-05-2019 02:00,0.538,,,,,,,,,,,
14-05-2019 03:00,0.516,,,,,,,,,,,
14-05-2019 04:00,0.495,,,,,,,,,,,
14-05-2019 05:00,0.453,,,,,,,,,,,
14-05-2019 06:00,0.257,,,,,,,,,,,
14-05-2019 07:00,0.2,,,,,,,,,,,
14-05-2019 08:00,0.141,,,,,,,,,,,
14-05-2019 09:00,0.047,,,,,,,,,,,
14-05-2019 10:00,0.012,,,,,,,,,,,
14-05-2019 11:00,0.002,,,,,,,,,,,
14-05-2019 12:00,0.001,,,,,,,,,,,
14-05-2019 13:00,0.002,,,,,,,,,,,
14-05-2019 14:00,0.015,,,,,,,,,,,
14-05-2019 15:00,0.03,,,,,,,,,,,
14-05-2019 16:00,0.042,,,,,,,,,,,
14-05-2019 17:00,0.048,,,,,,,,,,,
14-05-2019 18:00,0.055,,,,,,,,,,,
14-05-2019 19:00,0.054,,,,,,,,,,,
14-05-2019 20:00,0.055,,,,,,,,,,,
14-05-2019 21:00,0.089,,,,,,,,,,,
14-05-2019 22:00,0.127,,,,,,,,,,,
14-05-2019 23:00,0.145,,,,,,,,,,,
15-05-2019 00:00,0.167,,,,,,,,,,,
15-05-2019 01:00,0.205,,,,,,,,,,,
15-05-2019 02:00,0.256,,,,,,,,,,,
15-05-2019 03:00,0.298,,,,,,,,,,,
15-05-2019 04:00,0.324,,,,,,,,,,,
15-05-2019 05:00,0.302,,,,,,,,,,,
15-05-2019 06:00,0.167,,,,,,,,,,,
15-05-2019 07:00,0.098,,,,,,,,,,,
15-05-2019 08:00,0.126,,,,,,,,,,,
15-05-2019 09:00,0.225,,,,,,,,,,,
15-05-2019 10:00,0.248,,,,,,,,,,,
15-05-2019 11:00,0.254,,,,,,,,,,,
15-05-2019 12:00,0.283,,,,,,,,,,,
15-05-2019 13:00,0.323,,,,,,,,,,,
15-05-2019 14:00,0.357,,,,,,,,,,,
15-05-2019 15:00,0.365,,,,,,,,,,,
15-05-2019 16:00,0.323,,,,,,,,,,,
15-05-2019 17:00,0.218,,,,,,,,,,,
15-05-2019 18:00,0.091,,,,,,,,,,,
15-05-2019 19:00,0.024,,,,,,,,,,,
15-05-2019 20:00,0.074,,,,,,,,,,,
15-05-2019 21:00,0.212,,,,,,,,,,,
15-05-2019 22:00,0.341,,,,,,,,,,,
15-05-2019 23:00,0.479,,,,,,,,,,,
16-05-2019 00:00,0.529,,,,,,,,,,,
16-05-2019 01:00,0.547,,,,,,,,,,,
16-05-2019 02:00,0.541,,,,,,,,,,,
16-05-2019 03:00,0.488,,,,,,,,,,,
16-05-2019 04:00,0.434,,,,,,,,,,,
16-05-2019 05:00,0.395,,,,,,,,,,,
16-05-2019 06:00,0.325,,,,,,,,,,,
16-05-2019 07:00,0.233,,,,,,,,,,,
16-05-2019 08:00,0.22,,,,,,,,,,,
16-05-2019 09:00,0.325,,,,,,,,,,,
16-05-2019 10:00,0.49,,,,,,,,,,,
16-05-2019 11:00,0.643,,,,,,,,,,,
16-05-2019 12:00,0.746,,,,,,,,,,,
16-05-2019 13:00,0.815,,,,,,,,,,,
16-05-2019 14:00,0.868,,,,,,,,,,,
16-05-2019 15:00,0.896,,,,,,,,,,,
16-05-2019 16:00,0.913,,,,,,,,,,,
16-05-2019 17:00,0.914,,,,,,,,,,,
16-05-2019 18:00,0.872,,,,,,,,,,,
16-05-2019 19:00,0.832,,,,,,,,,,,
16-05-2019 20:00,0.809,,,,,,,,,,,
16-05-2019 21:00,0.835,,,,,,,,,,,
16-05-2019 22:00,0.869,,,,,,,,,,,
16-05-2019 23:00,0.868,,,,,,,,,,,
17-05-2019 00:00,0.841,,,,,,,,,,,
17-05-2019 01:00,0.832,,,,,,,,,,,
17-05-2019 02:00,0.837,,,,,,,,,,,
17-05-2019 03:00,0.822,,,,,,,,,,,
17-05-2019 04:00,0.774,,,,,,,,,,,
17-05-2019 05:00,0.714,,,,,,,,,,,
17-05-2019 06:00,0.791,,,,,,,,,,,
17-05-2019 07:00,0.819,,,,,,,,,,,
17-05-2019 08:00,0.822,,,,,,,,,,,
17-05-2019 09:00,0.838,,,,,,,,,,,
17-05-2019 10:00,0.852,,,,,,,,,,,
17-05-2019 11:00,0.838,,,,,,,,,,,
17-05-2019 12:00,0.803,,,,,,,,,,,
17-05-2019 13:00,0.773,,,,,,,,,,,
17-05-2019 14:00,0.757,,,,,,,,,,,
17-05-2019 15:00,0.765,,,,,,,,,,,
17-05-2019 16:00,0.762,,,,,,,,,,,
17-05-2019 17:00,0.732,,,,,,,,,,,
17-05-2019 18:00,0.637,,,,,,,,,,,
17-05-2019 19:00,0.594,,,,,,,,,,,
17-05-2019 20:00,0.544,,,,,,,,,,,
17-05-2019 21:00,0.467,,,,,,,,,,,
17-05-2019 22:00,0.437,,,,,,,,,,,
17-05-2019 23:00,0.39,,,,,,,,,,,
18-05-2019 00:00,0.33,,,,,,,,,,,
18-05-2019 01:00,0.277,,,,,,,,,,,
18-05-2019 02:00,0.285,,,,,,,,,,,
18-05-2019 03:00,0.264,,,,,,,,,,,
18-05-2019 04:00,0.241,,,,,,,,,,,
18-05-2019 05:00,0.241,,,,,,,,,,,
18-05-2019 06:00,0.183,,,,,,,,,,,
18-05-2019 07:00,0.153,,,,,,,,,,,
18-05-2019 08:00,0.179,,,,,,,,,,,
18-05-2019 09:00,0.278,,,,,,,,,,,
18-05-2019 10:00,0.355,,,,,,,,,,,
18-05-2019 11:00,0.395,,,,,,,,,,,
18-05-2019 12:00,0.415,,,,,,,,,,,
18-05-2019 13:00,0.429,,,,,,,,,,,
18-05-2019 14:00,0.434,,,,,,,,,,,
18-05-2019 15:00,0.444,,,,,,,,,,,
18-05-2019 16:00,0.459,,,,,,,,,,,
18-05-2019 17:00,0.462,,,,,,,,,,,
18-05-2019 18:00,0.415,,,,,,,,,,,
18-05-2019 19:00,0.422,,,,,,,,,,,
18-05-2019 20:00,0.427,,,,,,,,,,,
18-05-2019 21:00,0.386,,,,,,,,,,,
18-05-2019 22:00,0.332,,,,,,,,,,,
18-05-2019 23:00,0.257,,,,,,,,,,,
19-05-2019 00:00,0.164,,,,,,,,,,,
19-05-2019 01:00,0.083,,,,,,,,,,,
19-05-2019 02:00,0.045,,,,,,,,,,,
19-05-2019 03:00,0.029,,,,,,,,,,,
19-05-2019 04:00,0.022,,,,,,,,,,,
19-05-2019 05:00,0.023,,,,,,,,,,,
19-05-2019 06:00,0.021,,,,,,,,,,,
19-05-2019 07:00,0.019,,,,,,,,,,,
19-05-2019 08:00,0.026,,,,,,,,,,,
19-05-2019 09:00,0.06,,,,,,,,,,,
19-05-2019 10:00,0.098,,,,,,,,,,,
19-05-2019 11:00,0.131,,,,,,,,,,,
19-05-2019 12:00,0.167,,,,,,,,,,,
19-05-2019 13:00,0.197,,,,,,,,,,,
19-05-2019 14:00,0.214,,,,,,,,,,,
19-05-2019 15:00,0.231,,,,,,,,,,,
19-05-2019 16:00,0.223,,,,,,,,,,,
19-05-2019 17:00,0.187,,,,,,,,,,,
19-05-2019 18:00,0.136,,,,,,,,,,,
19-05-2019 19:00,0.08,,,,,,,,,,,
19-05-2019 20:00,0.034,,,,,,,,,,,
19-05-2019 21:00,0.019,,,,,,,,,,,
19-05-2019 22:00,0.027,,,,,,,,,,,
19-05-2019 23:00,0.048,,,,,,,,,,,
20-05-2019 00:00,0.08,,,,,,,,,,,
20-05-2019 01:00,0.098,,,,,,,,,,,
20-05-2019 02:00,0.102,,,,,,,,,,,
20-05-2019 03:00,0.102,,,,,,,,,,,
20-05-2019 04:00,0.1,,,,,,,,,,,
20-05-2019 05:00,0.088,,,,,,,,,,,
20-05-2019 06:00,0.054,,,,,,,,,,,
20-05-2019 07:00,0.045,,,,,,,,,,,
20-05-2019 08:00,0.098,,,,,,,,,,,
20-05-2019 09:00,0.101,,,,,,,,,,,
20-05-2019 10:00,0.101,,,,,,,,,,,
20-05-2019 11:00,0.117,,,,,,,,,,,
20-05-2019 12:00,0.155,,,,,,,,,,,
20-05-2019 13:00,0.212,,,,,,,,,,,
20-05-2019 14:00,0.264,,,,,,,,,,,
20-05-2019 15:00,0.28,,,,,,,,,,,
20-05-2019 16:00,0.209,,,,,,,,,,,
20-05-2019 17:00,0.111,,,,,,,,,,,
20-05-2019 18:00,0.062,,,,,,,,,,,
20-05-2019 19:00,0.039,,,,,,,,,,,
20-05-2019 20:00,0.027,,,,,,,,,,,
20-05-2019 21:00,0.022,,,,,,,,,,,
20-05-2019 22:00,0.037,,,,,,,,,,,
20-05-2019 23:00,0.078,,,,,,,,,,,
21-05-2019 00:00,0.137,,,,,,,,,,,
21-05-2019 01:00,0.192,,,,,,,,,,,
21-05-2019 02:00,0.227,,,,,,,,,,,
21-05-2019 03:00,0.223,,,,,,,,,,,
21-05-2019 04:00,0.199,,,,,,,,,,,
21-05-2019 05:00,0.162,,,,,,,,,,,
21-05-2019 06:00,0.084,,,,,,,,,,,
21-05-2019 07:00,0.049,,,,,,,,,,,
21-05-2019 08:00,0.042,,,,,,,,,,,
21-05-2019 09:00,0.03,,,,,,,,,,,
21-05-2019 10:00,0.025,,,,,,,,,,,
21-05-2019 11:00,0.027,,,,,,,,,,,
21-05-2019 12:00,0.033,,,,,,,,,,,
21-05-2019 13:00,0.041,,,,,,,,,,,
21-05-2019 14:00,0.045,,,,,,,,,,,
21-05-2019 15:00,0.041,,,,,,,,,,,
21-05-2019 16:00,0.031,,,,,,,,,,,
21-05-2019 17:00,0.021,,,,,,,,,,,
21-05-2019 18:00,0.038,,,,,,,,,,,
21-05-2019 19:00,0.126,,,,,,,,,,,
21-05-2019 20:00,0.259,,,,,,,,,,,
21-05-2019 21:00,0.349,,,,,,,,,,,
21-05-2019 22:00,0.372,,,,,,,,,,,
21-05-2019 23:00,0.341,,,,,,,,,,,
22-05-2019 00:00,0.283,,,,,,,,,,,
22-05-2019 01:00,0.217,,,,,,,,,,,
22-05-2019 02:00,0.158,,,,,,,,,,,
22-05-2019 03:00,0.117,,,,,,,,,,,
22-05-2019 04:00,0.093,,,,,,,,,,,
22-05-2019 05:00,0.085,,,,,,,,,,,
22-05-2019 06:00,0.05,,,,,,,,,,,
22-05-2019 07:00,0.022,,,,,,,,,,,
22-05-2019 08:00,0.006,,,,,,,,,,,
22-05-2019 09:00,0.011,,,,,,,,,,,
22-05-2019 10:00,0.015,,,,,,,,,,,
22-05-2019 11:00,0.021,,,,,,,,,,,
22-05-2019 12:00,0.03,,,,,,,,,,,
22-05-2019 13:00,0.039,,,,,,,,,,,
22-05-2019 14:00,0.049,,,,,,,,,,,
22-05-2019 15:00,0.054,,,,,,,,,,,
22-05-2019 16:00,0.051,,,,,,,,,,,
22-05-2019 17:00,0.039,,,,,,,,,,,
22-05-2019 18:00,0.032,,,,,,,,,,,
22-05-2019 19:00,0.032,,,,,,,,,,,
22-05-2019 20:00,0.044,,,,,,,,,,,
22-05-2019 21:00,0.086,,,,,,,,,,,
22-05-2019 22:00,0.124,,,,,,,,,,,
22-05-2019 23:00,0.141,,,,,,,,,,,
23-05-2019 00:00,0.133,,,,,,,,,,,
23-05-2019 01:00,0.128,,,,,,,,,,,
23-05-2019 02:00,0.124,,,,,,,,,,,
23-05-2019 03:00,0.101,,,,,,,,,,,
23-05-2019 04:00,0.068,,,,,,,,,,,
23-05-2019 05:00,0.056,,,,,,,,,,,
23-05-2019 06:00,0.04,,,,,,,,,,,
23-05-2019 07:00,0.026,,,,,,,,,,,
23-05-2019 08:00,0.052,,,,,,,,,,,
23-05-2019 09:00,0.07,,,,,,,,,,,
23-05-2019 10:00,0.12,,,,,,,,,,,
23-05-2019 11:00,0.195,,,,,,,,,,,
23-05-2019 12:00,0.249,,,,,,,,,,,
23-05-2019 13:00,0.262,,,,,,,,,,,
23-05-2019 14:00,0.266,,,,,,,,,,,
23-05-2019 15:00,0.293,,,,,,,,,,,
23-05-2019 16:00,0.3,,,,,,,,,,,
23-05-2019 17:00,0.285,,,,,,,,,,,
23-05-2019 18:00,0.272,,,,,,,,,,,
23-05-2019 19:00,0.315,,,,,,,,,,,
23-05-2019 20:00,0.384,,,,,,,,,,,
23-05-2019 21:00,0.458,,,,,,,,,,,
23-05-2019 22:00,0.498,,,,,,,,,,,
23-05-2019 23:00,0.479,,,,,,,,,,,
24-05-2019 00:00,0.429,,,,,,,,,,,
24-05-2019 01:00,0.338,,,,,,,,,,,
24-05-2019 02:00,0.274,,,,,,,,,,,
24-05-2019 03:00,0.278,,,,,,,,,,,
24-05-2019 04:00,0.267,,,,,,,,,,,
24-05-2019 05:00,0.243,,,,,,,,,,,
24-05-2019 06:00,0.162,,,,,,,,,,,
24-05-2019 07:00,0.124,,,,,,,,,,,
24-05-2019 08:00,0.171,,,,,,,,,,,
24-05-2019 09:00,0.21,,,,,,,,,,,
24-05-2019 10:00,0.245,,,,,,,,,,,
24-05-2019 11:00,0.296,,,,,,,,,,,
24-05-2019 12:00,0.395,,,,,,,,,,,
24-05-2019 13:00,0.51,,,,,,,,,,,
24-05-2019 14:00,0.577,,,,,,,,,,,
24-05-2019 15:00,0.558,,,,,,,,,,,
24-05-2019 16:00,0.475,,,,,,,,,,,
24-05-2019 17:00,0.385,,,,,,,,,,,
24-05-2019 18:00,0.314,,,,,,,,,,,
24-05-2019 19:00,0.328,,,,,,,,,,,
24-05-2019 20:00,0.413,,,,,,,,,,,
24-05-2019 21:00,0.481,,,,,,,,,,,
24-05-2019 22:00,0.527,,,,,,,,,,,
24-05-2019 23:00,0.491,,,,,,,,,,,
25-05-2019 00:00,0.463,,,,,,,,,,,
25-05-2019 01:00,0.413,,,,,,,,,,,
25-05-2019 02:00,0.358,,,,,,,,,,,
25-05-2019 03:00,0.328,,,,,,,,,,,
25-05-2019 04:00,0.348,,,,,,,,,,,
25-05-2019 05:00,0.334,,,,,,,,,,,
25-05-2019 06:00,0.362,,,,,,,,,,,
25-05-2019 07:00,0.54,,,,,,,,,,,
25-05-2019 08:00,0.502,,,,,,,,,,,
25-05-2019 09:00,0.421,,,,,,,,,,,
25-05-2019 10:00,0.373,,,,,,,,,,,
25-05-2019 11:00,0.327,,,,,,,,,,,
25-05-2019 12:00,0.284,,,,,,,,,,,
25-05-2019 13:00,0.255,,,,,,,,,,,
25-05-2019 14:00,0.236,,,,,,,,,,,
25-05-2019 15:00,0.236,,,,,,,,,,,
25-05-2019 16:00,0.253,,,,,,,,,,,
25-05-2019 17:00,0.282,,,,,,,,,,,
25-05-2019 18:00,0.297,,,,,,,,,,,
25-05-2019 19:00,0.379,,,,,,,,,,,
25-05-2019 20:00,0.475,,,,,,,,,,,
25-05-2019 21:00,0.529,,,,,,,,,,,
25-05-2019 22:00,0.531,,,,,,,,,,,
25-05-2019 23:00,0.479,,,,,,,,,,,
26-05-2019 00:00,0.385,,,,,,,,,,,
26-05-2019 01:00,0.322,,,,,,,,,,,
26-05-2019 02:00,0.281,,,,,,,,,,,
26-05-2019 03:00,0.243,,,,,,,,,,,
26-05-2019 04:00,0.219,,,,,,,,,,,
26-05-2019 05:00,0.199,,,,,,,,,,,
26-05-2019 06:00,0.151,,,,,,,,,,,
26-05-2019 07:00,0.109,,,,,,,,,,,
26-05-2019 08:00,0.121,,,,,,,,,,,
26-05-2019 09:00,0.174,,,,,,,,,,,
26-05-2019 10:00,0.22,,,,,,,,,,,
26-05-2019 11:00,0.252,,,,,,,,,,,
26-05-2019 12:00,0.282,,,,,,,,,,,
26-05-2019 13:00,0.317,,,,,,,,,,,
26-05-2019 14:00,0.359,,,,,,,,,,,
26-05-2019 15:00,0.395,,,,,,,,,,,
26-05-2019 16:00,0.413,,,,,,,,,,,
26-05-2019 17:00,0.407,,,,,,,,,,,
26-05-2019 18:00,0.328,,,,,,,,,,,
26-05-2019 19:00,0.327,,,,,,,,,,,
26-05-2019 20:00,0.401,,,,,,,,,,,
26-05-2019 21:00,0.491,,,,,,,,,,,
26-05-2019 22:00,0.52,,,,,,,,,,,
26-05-2019 23:00,0.458,,,,,,,,,,,
27-05-2019 00:00,0.352,,,,,,,,,,,
27-05-2019 01:00,0.222,,,,,,,,,,,
27-05-2019 02:00,0.114,,,,,,,,,,,
27-05-2019 03:00,0.046,,,,,,,,,,,
27-05-2019 04:00,0.024,,,,,,,,,,,
27-05-2019 05:00,0.036,,,,,,,,,,,
27-05-2019 06:00,0.034,,,,,,,,,,,
27-05-2019 07:00,0.069,,,,,,,,,,,
27-05-2019 08:00,0.156,,,,,,,,,,,
27-05-2019 09:00,0.258,,,,,,,,,,,
27-05-2019 10:00,0.311,,,,,,,,,,,
27-05-2019 11:00,0.323,,,,,,,,,,,
27-05-2019 12:00,0.324,,,,,,,,,,,
27-05-2019 13:00,0.322,,,,,,,,,,,
27-05-2019 14:00,0.294,,,,,,,,,,,
27-05-2019 15:00,0.249,,,,,,,,,,,
27-05-2019 16:00,0.187,,,,,,,,,,,
27-05-2019 17:00,0.124,,,,,,,,,,,
27-05-2019 18:00,0.083,,,,,,,,,,,
27-05-2019 19:00,0.119,,,,,,,,,,,
27-05-2019 20:00,0.24,,,,,,,,,,,
27-05-2019 21:00,0.426,,,,,,,,,,,
27-05-2019 22:00,0.591,,,,,,,,,,,
27-05-2019 23:00,0.648,,,,,,,,,,,
28-05-2019 00:00,0.613,,,,,,,,,,,
28-05-2019 01:00,0.56,,,,,,,,,,,
28-05-2019 02:00,0.484,,,,,,,,,,,
28-05-2019 03:00,0.41,,,,,,,,,,,
28-05-2019 04:00,0.348,,,,,,,,,,,
28-05-2019 05:00,0.256,,,,,,,,,,,
28-05-2019 06:00,0.16,,,,,,,,,,,
28-05-2019 07:00,0.131,,,,,,,,,,,
28-05-2019 08:00,0.118,,,,,,,,,,,
28-05-2019 09:00,0.193,,,,,,,,,,,
28-05-2019 10:00,0.254,,,,,,,,,,,
28-05-2019 11:00,0.321,,,,,,,,,,,
28-05-2019 12:00,0.391,,,,,,,,,,,
28-05-2019 13:00,0.452,,,,,,,,,,,
28-05-2019 14:00,0.493,,,,,,,,,,,
28-05-2019 15:00,0.511,,,,,,,,,,,
28-05-2019 16:00,0.51,,,,,,,,,,,
28-05-2019 17:00,0.51,,,,,,,,,,,
28-05-2019 18:00,0.469,,,,,,,,,,,
28-05-2019 19:00,0.556,,,,,,,,,,,
28-05-2019 20:00,0.644,,,,,,,,,,,
28-05-2019 21:00,0.685,,,,,,,,,,,
28-05-2019 22:00,0.678,,,,,,,,,,,
28-05-2019 23:00,0.644,,,,,,,,,,,
29-05-2019 00:00,0.564,,,,,,,,,,,
29-05-2019 01:00,0.485,,,,,,,,,,,
29-05-2019 02:00,0.418,,,,,,,,,,,
29-05-2019 03:00,0.36,,,,,,,,,,,
29-05-2019 04:00,0.329,,,,,,,,,,,
29-05-2019 05:00,0.288,,,,,,,,,,,
29-05-2019 06:00,0.355,,,,,,,,,,,
29-05-2019 07:00,0.32,,,,,,,,,,,
29-05-2019 08:00,0.286,,,,,,,,,,,
29-05-2019 09:00,0.29,,,,,,,,,,,
29-05-2019 10:00,0.283,,,,,,,,,,,
29-05-2019 11:00,0.289,,,,,,,,,,,
29-05-2019 12:00,0.303,,,,,,,,,,,
29-05-2019 13:00,0.325,,,,,,,,,,,
29-05-2019 14:00,0.342,,,,,,,,,,,
29-05-2019 15:00,0.372,,,,,,,,,,,
29-05-2019 16:00,0.399,,,,,,,,,,,
29-05-2019 17:00,0.416,,,,,,,,,,,
29-05-2019 18:00,0.404,,,,,,,,,,,
29-05-2019 19:00,0.516,,,,,,,,,,,
29-05-2019 20:00,0.664,,,,,,,,,,,
29-05-2019 21:00,0.72,,,,,,,,,,,
29-05-2019 22:00,0.69,,,,,,,,,,,
29-05-2019 23:00,0.613,,,,,,,,,,,
30-05-2019 00:00,0.515,,,,,,,,,,,
30-05-2019 01:00,0.416,,,,,,,,,,,
30-05-2019 02:00,0.332,,,,,,,,,,,
30-05-2019 03:00,0.272,,,,,,,,,,,
30-05-2019 04:00,0.248,,,,,,,,,,,
30-05-2019 05:00,0.227,,,,,,,,,,,
30-05-2019 06:00,0.165,,,,,,,,,,,
30-05-2019 07:00,0.153,,,,,,,,,,,
30-05-2019 08:00,0.115,,,,,,,,,,,
30-05-2019 09:00,0.114,,,,,,,,,,,
30-05-2019 10:00,0.124,,,,,,,,,,,
30-05-2019 11:00,0.136,,,,,,,,,,,
30-05-2019 12:00,0.146,,,,,,,,,,,
30-05-2019 13:00,0.152,,,,,,,,,,,
30-05-2019 14:00,0.151,,,,,,,,,,,
30-05-2019 15:00,0.147,,,,,,,,,,,
30-05-2019 16:00,0.142,,,,,,,,,,,
30-05-2019 17:00,0.134,,,,,,,,,,,
30-05-2019 18:00,0.155,,,,,,,,,,,
30-05-2019 19:00,0.265,,,,,,,,,,,
30-05-2019 20:00,0.419,,,,,,,,,,,
30-05-2019 21:00,0.513,,,,,,,,,,,
30-05-2019 22:00,0.52,,,,,,,,,,,
30-05-2019 23:00,0.466,,,,,,,,,,,
31-05-2019 00:00,0.415,,,,,,,,,,,
31-05-2019 01:00,0.396,,,,,,,,,,,
31-05-2019 02:00,0.395,,,,,,,,,,,
31-05-2019 03:00,0.386,,,,,,,,,,,
31-05-2019 04:00,0.364,,,,,,,,,,,
31-05-2019 05:00,0.331,,,,,,,,,,,
31-05-2019 06:00,0.182,,,,,,,,,,,
31-05-2019 07:00,0.155,,,,,,,,,,,
31-05-2019 08:00,0.149,,,,,,,,,,,
31-05-2019 09:00,0.133,,,,,,,,,,,
31-05-2019 10:00,0.145,,,,,,,,,,,
31-05-2019 11:00,0.153,,,,,,,,,,,
31-05-2019 12:00,0.144,,,,,,,,,,,
31-05-2019 13:00,0.132,,,,,,,,,,,
31-05-2019 14:00,0.121,,,,,,,,,,,
31-05-2019 15:00,0.122,,,,,,,,,,,
31-05-2019 16:00,0.134,,,,,,,,,,,
31-05-2019 17:00,0.152,,,,,,,,,,,
31-05-2019 18:00,0.217,,,,,,,,,,,
31-05-2019 19:00,0.422,,,,,,,,,,,
31-05-2019 20:00,0.625,,,,,,,,,,,
31-05-2019 21:00,0.674,,,,,,,,,,,
31-05-2019 22:00,0.626,,,,,,,,,,,
31-05-2019 23:00,0.549,,,,,,,,,,,
01-06-2019 00:00,0.473,,,,,,,,,,,
01-06-2019 01:00,0.425,,,,,,,,,,,
01-06-2019 02:00,0.398,,,,,,,,,,,
01-06-2019 03:00,0.401,,,,,,,,,,,
01-06-2019 04:00,0.425,,,,,,,,,,,
01-06-2019 05:00,0.419,,,,,,,,,,,
01-06-2019 06:00,0.243,,,,,,,,,,,
01-06-2019 07:00,0.22,,,,,,,,,,,
01-06-2019 08:00,0.233,,,,,,,,,,,
01-06-2019 09:00,0.21,,,,,,,,,,,
01-06-2019 10:00,0.208,,,,,,,,,,,
01-06-2019 11:00,0.207,,,,,,,,,,,
01-06-2019 12:00,0.194,,,,,,,,,,,
01-06-2019 13:00,0.175,,,,,,,,,,,
01-06-2019 14:00,0.155,,,,,,,,,,,
01-06-2019 15:00,0.136,,,,,,,,,,,
01-06-2019 16:00,0.123,,,,,,,,,,,
01-06-2019 17:00,0.12,,,,,,,,,,,
01-06-2019 18:00,0.172,,,,,,,,,,,
01-06-2019 19:00,0.339,,,,,,,,,,,
01-06-2019 20:00,0.521,,,,,,,,,,,
01-06-2019 21:00,0.624,,,,,,,,,,,
01-06-2019 22:00,0.642,,,,,,,,,,,
01-06-2019 23:00,0.595,,,,,,,,,,,
02-06-2019 00:00,0.532,,,,,,,,,,,
02-06-2019 01:00,0.476,,,,,,,,,,,
02-06-2019 02:00,0.42,,,,,,,,,,,
02-06-2019 03:00,0.337,,,,,,,,,,,
02-06-2019 04:00,0.237,,,,,,,,,,,
02-06-2019 05:00,0.16,,,,,,,,,,,
02-06-2019 06:00,0.074,,,,,,,,,,,
02-06-2019 07:00,0.027,,,,,,,,,,,
02-06-2019 08:00,0.015,,,,,,,,,,,
02-06-2019 09:00,0.009,,,,,,,,,,,
02-06-2019 10:00,0.006,,,,,,,,,,,
02-06-2019 11:00,0.005,,,,,,,,,,,
02-06-2019 12:00,0.006,,,,,,,,,,,
02-06-2019 13:00,0.007,,,,,,,,,,,
02-06-2019 14:00,0.008,,,,,,,,,,,
02-06-2019 15:00,0.01,,,,,,,,,,,
02-06-2019 16:00,0.011,,,,,,,,,,,
02-06-2019 17:00,0.014,,,,,,,,,,,
02-06-2019 18:00,0.033,,,,,,,,,,,
02-06-2019 19:00,0.111,,,,,,,,,,,
02-06-2019 20:00,0.312,,,,,,,,,,,
02-06-2019 21:00,0.523,,,,,,,,,,,
02-06-2019 22:00,0.628,,,,,,,,,,,
02-06-2019 23:00,0.674,,,,,,,,,,,
03-06-2019 00:00,0.671,,,,,,,,,,,
03-06-2019 01:00,0.645,,,,,,,,,,,
03-06-2019 02:00,0.613,,,,,,,,,,,
03-06-2019 03:00,0.58,,,,,,,,,,,
03-06-2019 04:00,0.55,,,,,,,,,,,
03-06-2019 05:00,0.487,,,,,,,,,,,
03-06-2019 06:00,0.316,,,,,,,,,,,
03-06-2019 07:00,0.264,,,,,,,,,,,
03-06-2019 08:00,0.251,,,,,,,,,,,
03-06-2019 09:00,0.205,,,,,,,,,,,
03-06-2019 10:00,0.159,,,,,,,,,,,
03-06-2019 11:00,0.133,,,,,,,,,,,
03-06-2019 12:00,0.139,,,,,,,,,,,
03-06-2019 13:00,0.162,,,,,,,,,,,
03-06-2019 14:00,0.191,,,,,,,,,,,
03-06-2019 15:00,0.21,,,,,,,,,,,
03-06-2019 16:00,0.223,,,,,,,,,,,
03-06-2019 17:00,0.231,,,,,,,,,,,
03-06-2019 18:00,0.227,,,,,,,,,,,
03-06-2019 19:00,0.28,,,,,,,,,,,
03-06-2019 20:00,0.344,,,,,,,,,,,
03-06-2019 21:00,0.402,,,,,,,,,,,
03-06-2019 22:00,0.472,,,,,,,,,,,
03-06-2019 23:00,0.527,,,,,,,,,,,
04-06-2019 00:00,0.544,,,,,,,,,,,
04-06-2019 01:00,0.515,,,,,,,,,,,
04-06-2019 02:00,0.459,,,,,,,,,,,
04-06-2019 03:00,0.392,,,,,,,,,,,
04-06-2019 04:00,0.358,,,,,,,,,,,
04-06-2019 05:00,0.325,,,,,,,,,,,
04-06-2019 06:00,0.192,,,,,,,,,,,
04-06-2019 07:00,0.196,,,,,,,,,,,
04-06-2019 08:00,0.306,,,,,,,,,,,
04-06-2019 09:00,0.403,,,,,,,,,,,
04-06-2019 10:00,0.459,,,,,,,,,,,
04-06-2019 11:00,0.508,,,,,,,,,,,
04-06-2019 12:00,0.561,,,,,,,,,,,
04-06-2019 13:00,0.607,,,,,,,,,,,
04-06-2019 14:00,0.646,,,,,,,,,,,
04-06-2019 15:00,0.661,,,,,,,,,,,
04-06-2019 16:00,0.657,,,,,,,,,,,
04-06-2019 17:00,0.646,,,,,,,,,,,
04-06-2019 18:00,0.563,,,,,,,,,,,
04-06-2019 19:00,0.54,,,,,,,,,,,
04-06-2019 20:00,0.539,,,,,,,,,,,
04-06-2019 21:00,0.491,,,,,,,,,,,
04-06-2019 22:00,0.415,,,,,,,,,,,
04-06-2019 23:00,0.363,,,,,,,,,,,
05-06-2019 00:00,0.394,,,,,,,,,,,
05-06-2019 01:00,0.503,,,,,,,,,,,
05-06-2019 02:00,0.603,,,,,,,,,,,
05-06-2019 03:00,0.695,,,,,,,,,,,
05-06-2019 04:00,0.77,,,,,,,,,,,
05-06-2019 05:00,0.827,,,,,,,,,,,
05-06-2019 06:00,0.869,,,,,,,,,,,
05-06-2019 07:00,0.885,,,,,,,,,,,
05-06-2019 08:00,0.885,,,,,,,,,,,
05-06-2019 09:00,0.879,,,,,,,,,,,
05-06-2019 10:00,0.86,,,,,,,,,,,
05-06-2019 11:00,0.827,,,,,,,,,,,
05-06-2019 12:00,0.778,,,,,,,,,,,
05-06-2019 13:00,0.708,,,,,,,,,,,
05-06-2019 14:00,0.61,,,,,,,,,,,
05-06-2019 15:00,0.545,,,,,,,,,,,
05-06-2019 16:00,0.494,,,,,,,,,,,
05-06-2019 17:00,0.375,,,,,,,,,,,
05-06-2019 18:00,0.315,,,,,,,,,,,
05-06-2019 19:00,0.412,,,,,,,,,,,
05-06-2019 20:00,0.535,,,,,,,,,,,
05-06-2019 21:00,0.558,,,,,,,,,,,
05-06-2019 22:00,0.516,,,,,,,,,,,
05-06-2019 23:00,0.45,,,,,,,,,,,
06-06-2019 00:00,0.393,,,,,,,,,,,
06-06-2019 01:00,0.334,,,,,,,,,,,
06-06-2019 02:00,0.272,,,,,,,,,,,
06-06-2019 03:00,0.198,,,,,,,,,,,
06-06-2019 04:00,0.107,,,,,,,,,,,
06-06-2019 05:00,0.039,,,,,,,,,,,
06-06-2019 06:00,0.009,,,,,,,,,,,
06-06-2019 07:00,0.04,,,,,,,,,,,
06-06-2019 08:00,0.104,,,,,,,,,,,
06-06-2019 09:00,0.164,,,,,,,,,,,
06-06-2019 10:00,0.231,,,,,,,,,,,
06-06-2019 11:00,0.313,,,,,,,,,,,
06-06-2019 12:00,0.407,,,,,,,,,,,
06-06-2019 13:00,0.504,,,,,,,,,,,
06-06-2019 14:00,0.606,,,,,,,,,,,
06-06-2019 15:00,0.682,,,,,,,,,,,
06-06-2019 16:00,0.739,,,,,,,,,,,
06-06-2019 17:00,0.774,,,,,,,,,,,
06-06-2019 18:00,0.734,,,,,,,,,,,
06-06-2019 19:00,0.682,,,,,,,,,,,
06-06-2019 20:00,0.71,,,,,,,,,,,
06-06-2019 21:00,0.719,,,,,,,,,,,
06-06-2019 22:00,0.711,,,,,,,,,,,
06-06-2019 23:00,0.706,,,,,,,,,,,
07-06-2019 00:00,0.682,,,,,,,,,,,
07-06-2019 01:00,0.633,,,,,,,,,,,
07-06-2019 02:00,0.592,,,,,,,,,,,
07-06-2019 03:00,0.595,,,,,,,,,,,
07-06-2019 04:00,0.516,,,,,,,,,,,
07-06-2019 05:00,0.532,,,,,,,,,,,
07-06-2019 06:00,0.637,,,,,,,,,,,
07-06-2019 07:00,0.642,,,,,,,,,,,
07-06-2019 08:00,0.619,,,,,,,,,,,
07-06-2019 09:00,0.552,,,,,,,,,,,
07-06-2019 10:00,0.459,,,,,,,,,,,
07-06-2019 11:00,0.365,,,,,,,,,,,
07-06-2019 12:00,0.291,,,,,,,,,,,
07-06-2019 13:00,0.237,,,,,,,,,,,
07-06-2019 14:00,0.184,,,,,,,,,,,
07-06-2019 15:00,0.14,,,,,,,,,,,
07-06-2019 16:00,0.112,,,,,,,,,,,
07-06-2019 17:00,0.095,,,,,,,,,,,
07-06-2019 18:00,0.113,,,,,,,,,,,
07-06-2019 19:00,0.205,,,,,,,,,,,
07-06-2019 20:00,0.285,,,,,,,,,,,
07-06-2019 21:00,0.358,,,,,,,,,,,
07-06-2019 22:00,0.432,,,,,,,,,,,
07-06-2019 23:00,0.503,,,,,,,,,,,
08-06-2019 00:00,0.558,,,,,,,,,,,
08-06-2019 01:00,0.607,,,,,,,,,,,
08-06-2019 02:00,0.662,,,,,,,,,,,
08-06-2019 03:00,0.711,,,,,,,,,,,
08-06-2019 04:00,0.744,,,,,,,,,,,
08-06-2019 05:00,0.695,,,,,,,,,,,
08-06-2019 06:00,0.525,,,,,,,,,,,
08-06-2019 07:00,0.687,,,,,,,,,,,
08-06-2019 08:00,0.738,,,,,,,,,,,
08-06-2019 09:00,0.695,,,,,,,,,,,
08-06-2019 10:00,0.633,,,,,,,,,,,
08-06-2019 11:00,0.575,,,,,,,,,,,
08-06-2019 12:00,0.535,,,,,,,,,,,
08-06-2019 13:00,0.513,,,,,,,,,,,
08-06-2019 14:00,0.5,,,,,,,,,,,
08-06-2019 15:00,0.493,,,,,,,,,,,
08-06-2019 16:00,0.485,,,,,,,,,,,
08-06-2019 17:00,0.47,,,,,,,,,,,
08-06-2019 18:00,0.468,,,,,,,,,,,
08-06-2019 19:00,0.503,,,,,,,,,,,
08-06-2019 20:00,0.474,,,,,,,,,,,
08-06-2019 21:00,0.407,,,,,,,,,,,
08-06-2019 22:00,0.369,,,,,,,,,,,
08-06-2019 23:00,0.403,,,,,,,,,,,
09-06-2019 00:00,0.484,,,,,,,,,,,
09-06-2019 01:00,0.526,,,,,,,,,,,
09-06-2019 02:00,0.489,,,,,,,,,,,
09-06-2019 03:00,0.408,,,,,,,,,,,
09-06-2019 04:00,0.396,,,,,,,,,,,
09-06-2019 05:00,0.371,,,,,,,,,,,
09-06-2019 06:00,0.304,,,,,,,,,,,
09-06-2019 07:00,0.363,,,,,,,,,,,
09-06-2019 08:00,0.367,,,,,,,,,,,
09-06-2019 09:00,0.337,,,,,,,,,,,
09-06-2019 10:00,0.315,,,,,,,,,,,
09-06-2019 11:00,0.323,,,,,,,,,,,
09-06-2019 12:00,0.347,,,,,,,,,,,
09-06-2019 13:00,0.371,,,,,,,,,,,
09-06-2019 14:00,0.386,,,,,,,,,,,
09-06-2019 15:00,0.395,,,,,,,,,,,
09-06-2019 16:00,0.422,,,,,,,,,,,
09-06-2019 17:00,0.451,,,,,,,,,,,
09-06-2019 18:00,0.459,,,,,,,,,,,
09-06-2019 19:00,0.564,,,,,,,,,,,
09-06-2019 20:00,0.653,,,,,,,,,,,
09-06-2019 21:00,0.715,,,,,,,,,,,
09-06-2019 22:00,0.756,,,,,,,,,,,
09-06-2019 23:00,0.76,,,,,,,,,,,
10-06-2019 00:00,0.738,,,,,,,,,,,
10-06-2019 01:00,0.691,,,,,,,,,,,
10-06-2019 02:00,0.609,,,,,,,,,,,
10-06-2019 03:00,0.501,,,,,,,,,,,
10-06-2019 04:00,0.388,,,,,,,,,,,
10-06-2019 05:00,0.258,,,,,,,,,,,
10-06-2019 06:00,0.122,,,,,,,,,,,
10-06-2019 07:00,0.201,,,,,,,,,,,
10-06-2019 08:00,0.187,,,,,,,,,,,
10-06-2019 09:00,0.156,,,,,,,,,,,
10-06-2019 10:00,0.162,,,,,,,,,,,
10-06-2019 11:00,0.185,,,,,,,,,,,
10-06-2019 12:00,0.211,,,,,,,,,,,
10-06-2019 13:00,0.229,,,,,,,,,,,
10-06-2019 14:00,0.228,,,,,,,,,,,
10-06-2019 15:00,0.22,,,,,,,,,,,
10-06-2019 16:00,0.21,,,,,,,,,,,
10-06-2019 17:00,0.202,,,,,,,,,,,
10-06-2019 18:00,0.173,,,,,,,,,,,
10-06-2019 19:00,0.173,,,,,,,,,,,
10-06-2019 20:00,0.277,,,,,,,,,,,
10-06-2019 21:00,0.494,,,,,,,,,,,
10-06-2019 22:00,0.654,,,,,,,,,,,
10-06-2019 23:00,0.668,,,,,,,,,,,
11-06-2019 00:00,0.621,,,,,,,,,,,
11-06-2019 01:00,0.604,,,,,,,,,,,
11-06-2019 02:00,0.587,,,,,,,,,,,
11-06-2019 03:00,0.516,,,,,,,,,,,
11-06-2019 04:00,0.394,,,,,,,,,,,
11-06-2019 05:00,0.247,,,,,,,,,,,
11-06-2019 06:00,0.113,,,,,,,,,,,
11-06-2019 07:00,0.154,,,,,,,,,,,
11-06-2019 08:00,0.237,,,,,,,,,,,
11-06-2019 09:00,0.297,,,,,,,,,,,
11-06-2019 10:00,0.367,,,,,,,,,,,
11-06-2019 11:00,0.454,,,,,,,,,,,
11-06-2019 12:00,0.513,,,,,,,,,,,
11-06-2019 13:00,0.528,,,,,,,,,,,
11-06-2019 14:00,0.533,,,,,,,,,,,
11-06-2019 15:00,0.547,,,,,,,,,,,
11-06-2019 16:00,0.566,,,,,,,,,,,
11-06-2019 17:00,0.574,,,,,,,,,,,
11-06-2019 18:00,0.56,,,,,,,,,,,
11-06-2019 19:00,0.567,,,,,,,,,,,
11-06-2019 20:00,0.607,,,,,,,,,,,
11-06-2019 21:00,0.556,,,,,,,,,,,
11-06-2019 22:00,0.479,,,,,,,,,,,
11-06-2019 23:00,0.419,,,,,,,,,,,
12-06-2019 00:00,0.395,,,,,,,,,,,
12-06-2019 01:00,0.4,,,,,,,,,,,
12-06-2019 02:00,0.404,,,,,,,,,,,
12-06-2019 03:00,0.407,,,,,,,,,,,
12-06-2019 04:00,0.425,,,,,,,,,,,
12-06-2019 05:00,0.387,,,,,,,,,,,
12-06-2019 06:00,0.284,,,,,,,,,,,
12-06-2019 07:00,0.205,,,,,,,,,,,
12-06-2019 08:00,0.125,,,,,,,,,,,
12-06-2019 09:00,0.089,,,,,,,,,,,
12-06-2019 10:00,0.083,,,,,,,,,,,
12-06-2019 11:00,0.095,,,,,,,,,,,
12-06-2019 12:00,0.109,,,,,,,,,,,
12-06-2019 13:00,0.114,,,,,,,,,,,
12-06-2019 14:00,0.111,,,,,,,,,,,
12-06-2019 15:00,0.102,,,,,,,,,,,
12-06-2019 16:00,0.088,,,,,,,,,,,
12-06-2019 17:00,0.068,,,,,,,,,,,
12-06-2019 18:00,0.031,,,,,,,,,,,
12-06-2019 19:00,0.026,,,,,,,,,,,
12-06-2019 20:00,0.172,,,,,,,,,,,
12-06-2019 21:00,0.352,,,,,,,,,,,
12-06-2019 22:00,0.503,,,,,,,,,,,
12-06-2019 23:00,0.603,,,,,,,,,,,
13-06-2019 00:00,0.644,,,,,,,,,,,
13-06-2019 01:00,0.638,,,,,,,,,,,
13-06-2019 02:00,0.608,,,,,,,,,,,
13-06-2019 03:00,0.551,,,,,,,,,,,
13-06-2019 04:00,0.498,,,,,,,,,,,
13-06-2019 05:00,0.429,,,,,,,,,,,
13-06-2019 06:00,0.311,,,,,,,,,,,
13-06-2019 07:00,0.204,,,,,,,,,,,
13-06-2019 08:00,0.146,,,,,,,,,,,
13-06-2019 09:00,0.138,,,,,,,,,,,
13-06-2019 10:00,0.146,,,,,,,,,,,
13-06-2019 11:00,0.155,,,,,,,,,,,
13-06-2019 12:00,0.167,,,,,,,,,,,
13-06-2019 13:00,0.184,,,,,,,,,,,
13-06-2019 14:00,0.205,,,,,,,,,,,
13-06-2019 15:00,0.218,,,,,,,,,,,
13-06-2019 16:00,0.216,,,,,,,,,,,
13-06-2019 17:00,0.21,,,,,,,,,,,
13-06-2019 18:00,0.211,,,,,,,,,,,
13-06-2019 19:00,0.241,,,,,,,,,,,
13-06-2019 20:00,0.261,,,,,,,,,,,
13-06-2019 21:00,0.279,,,,,,,,,,,
13-06-2019 22:00,0.264,,,,,,,,,,,
13-06-2019 23:00,0.192,,,,,,,,,,,
14-06-2019 00:00,0.157,,,,,,,,,,,
14-06-2019 01:00,0.204,,,,,,,,,,,
14-06-2019 02:00,0.348,,,,,,,,,,,
14-06-2019 03:00,0.513,,,,,,,,,,,
14-06-2019 04:00,0.566,,,,,,,,,,,
14-06-2019 05:00,0.5,,,,,,,,,,,
14-06-2019 06:00,0.319,,,,,,,,,,,
14-06-2019 07:00,0.41,,,,,,,,,,,
14-06-2019 08:00,0.464,,,,,,,,,,,
14-06-2019 09:00,0.465,,,,,,,,,,,
14-06-2019 10:00,0.476,,,,,,,,,,,
14-06-2019 11:00,0.506,,,,,,,,,,,
14-06-2019 12:00,0.574,,,,,,,,,,,
14-06-2019 13:00,0.676,,,,,,,,,,,
14-06-2019 14:00,0.763,,,,,,,,,,,
14-06-2019 15:00,0.795,,,,,,,,,,,
14-06-2019 16:00,0.8,,,,,,,,,,,
14-06-2019 17:00,0.801,,,,,,,,,,,
14-06-2019 18:00,0.759,,,,,,,,,,,
14-06-2019 19:00,0.714,,,,,,,,,,,
14-06-2019 20:00,0.701,,,,,,,,,,,
14-06-2019 21:00,0.651,,,,,,,,,,,
14-06-2019 22:00,0.627,,,,,,,,,,,
14-06-2019 23:00,0.604,,,,,,,,,,,
15-06-2019 00:00,0.566,,,,,,,,,,,
15-06-2019 01:00,0.531,,,,,,,,,,,
15-06-2019 02:00,0.494,,,,,,,,,,,
15-06-2019 03:00,0.41,,,,,,,,,,,
15-06-2019 04:00,0.302,,,,,,,,,,,
15-06-2019 05:00,0.181,,,,,,,,,,,
15-06-2019 06:00,0.132,,,,,,,,,,,
15-06-2019 07:00,0.123,,,,,,,,,,,
15-06-2019 08:00,0.102,,,,,,,,,,,
15-06-2019 09:00,0.1,,,,,,,,,,,
15-06-2019 10:00,0.102,,,,,,,,,,,
15-06-2019 11:00,0.109,,,,,,,,,,,
15-06-2019 12:00,0.12,,,,,,,,,,,
15-06-2019 13:00,0.13,,,,,,,,,,,
15-06-2019 14:00,0.132,,,,,,,,,,,
15-06-2019 15:00,0.13,,,,,,,,,,,
15-06-2019 16:00,0.122,,,,,,,,,,,
15-06-2019 17:00,0.108,,,,,,,,,,,
15-06-2019 18:00,0.1,,,,,,,,,,,
15-06-2019 19:00,0.126,,,,,,,,,,,
15-06-2019 20:00,0.141,,,,,,,,,,,
15-06-2019 21:00,0.161,,,,,,,,,,,
15-06-2019 22:00,0.185,,,,,,,,,,,
15-06-2019 23:00,0.22,,,,,,,,,,,
16-06-2019 00:00,0.261,,,,,,,,,,,
16-06-2019 01:00,0.328,,,,,,,,,,,
16-06-2019 02:00,0.414,,,,,,,,,,,
16-06-2019 03:00,0.484,,,,,,,,,,,
16-06-2019 04:00,0.521,,,,,,,,,,,
16-06-2019 05:00,0.504,,,,,,,,,,,
16-06-2019 06:00,0.395,,,,,,,,,,,
16-06-2019 07:00,0.415,,,,,,,,,,,
16-06-2019 08:00,0.346,,,,,,,,,,,
16-06-2019 09:00,0.206,,,,,,,,,,,
16-06-2019 10:00,0.152,,,,,,,,,,,
16-06-2019 11:00,0.139,,,,,,,,,,,
16-06-2019 12:00,0.137,,,,,,,,,,,
16-06-2019 13:00,0.137,,,,,,,,,,,
16-06-2019 14:00,0.131,,,,,,,,,,,
16-06-2019 15:00,0.12,,,,,,,,,,,
16-06-2019 16:00,0.111,,,,,,,,,,,
16-06-2019 17:00,0.119,,,,,,,,,,,
16-06-2019 18:00,0.168,,,,,,,,,,,
16-06-2019 19:00,0.233,,,,,,,,,,,
16-06-2019 20:00,0.305,,,,,,,,,,,
16-06-2019 21:00,0.375,,,,,,,,,,,
16-06-2019 22:00,0.42,,,,,,,,,,,
16-06-2019 23:00,0.419,,,,,,,,,,,
17-06-2019 00:00,0.402,,,,,,,,,,,
17-06-2019 01:00,0.387,,,,,,,,,,,
17-06-2019 02:00,0.375,,,,,,,,,,,
17-06-2019 03:00,0.366,,,,,,,,,,,
17-06-2019 04:00,0.346,,,,,,,,,,,
17-06-2019 05:00,0.286,,,,,,,,,,,
17-06-2019 06:00,0.125,,,,,,,,,,,
17-06-2019 07:00,0.047,,,,,,,,,,,
17-06-2019 08:00,0.022,,,,,,,,,,,
17-06-2019 09:00,0.021,,,,,,,,,,,
17-06-2019 10:00,0.047,,,,,,,,,,,
17-06-2019 11:00,0.07,,,,,,,,,,,
17-06-2019 12:00,0.082,,,,,,,,,,,
17-06-2019 13:00,0.076,,,,,,,,,,,
17-06-2019 14:00,0.06,,,,,,,,,,,
17-06-2019 15:00,0.049,,,,,,,,,,,
17-06-2019 16:00,0.045,,,,,,,,,,,
17-06-2019 17:00,0.046,,,,,,,,,,,
17-06-2019 18:00,0.054,,,,,,,,,,,
17-06-2019 19:00,0.112,,,,,,,,,,,
17-06-2019 20:00,0.281,,,,,,,,,,,
17-06-2019 21:00,0.492,,,,,,,,,,,
17-06-2019 22:00,0.607,,,,,,,,,,,
17-06-2019 23:00,0.663,,,,,,,,,,,
18-06-2019 00:00,0.64,,,,,,,,,,,
18-06-2019 01:00,0.55,,,,,,,,,,,
18-06-2019 02:00,0.452,,,,,,,,,,,
18-06-2019 03:00,0.361,,,,,,,,,,,
18-06-2019 04:00,0.294,,,,,,,,,,,
18-06-2019 05:00,0.248,,,,,,,,,,,
18-06-2019 06:00,0.128,,,,,,,,,,,
18-06-2019 07:00,0.118,,,,,,,,,,,
18-06-2019 08:00,0.159,,,,,,,,,,,
18-06-2019 09:00,0.196,,,,,,,,,,,
18-06-2019 10:00,0.228,,,,,,,,,,,
18-06-2019 11:00,0.273,,,,,,,,,,,
18-06-2019 12:00,0.348,,,,,,,,,,,
18-06-2019 13:00,0.455,,,,,,,,,,,
18-06-2019 14:00,0.575,,,,,,,,,,,
18-06-2019 15:00,0.666,,,,,,,,,,,
18-06-2019 16:00,0.701,,,,,,,,,,,
18-06-2019 17:00,0.693,,,,,,,,,,,
18-06-2019 18:00,0.613,,,,,,,,,,,
18-06-2019 19:00,0.599,,,,,,,,,,,
18-06-2019 20:00,0.607,,,,,,,,,,,
18-06-2019 21:00,0.59,,,,,,,,,,,
18-06-2019 22:00,0.573,,,,,,,,,,,
18-06-2019 23:00,0.544,,,,,,,,,,,
19-06-2019 00:00,0.519,,,,,,,,,,,
19-06-2019 01:00,0.498,,,,,,,,,,,
19-06-2019 02:00,0.486,,,,,,,,,,,
19-06-2019 03:00,0.492,,,,,,,,,,,
19-06-2019 04:00,0.459,,,,,,,,,,,
19-06-2019 05:00,0.328,,,,,,,,,,,
19-06-2019 06:00,0.251,,,,,,,,,,,
19-06-2019 07:00,0.227,,,,,,,,,,,
19-06-2019 08:00,0.234,,,,,,,,,,,
19-06-2019 09:00,0.215,,,,,,,,,,,
19-06-2019 10:00,0.206,,,,,,,,,,,
19-06-2019 11:00,0.234,,,,,,,,,,,
19-06-2019 12:00,0.272,,,,,,,,,,,
19-06-2019 13:00,0.297,,,,,,,,,,,
19-06-2019 14:00,0.319,,,,,,,,,,,
19-06-2019 15:00,0.337,,,,,,,,,,,
19-06-2019 16:00,0.353,,,,,,,,,,,
19-06-2019 17:00,0.355,,,,,,,,,,,
19-06-2019 18:00,0.34,,,,,,,,,,,
19-06-2019 19:00,0.413,,,,,,,,,,,
19-06-2019 20:00,0.468,,,,,,,,,,,
19-06-2019 21:00,0.467,,,,,,,,,,,
19-06-2019 22:00,0.424,,,,,,,,,,,
19-06-2019 23:00,0.344,,,,,,,,,,,
20-06-2019 00:00,0.256,,,,,,,,,,,
20-06-2019 01:00,0.172,,,,,,,,,,,
20-06-2019 02:00,0.103,,,,,,,,,,,
20-06-2019 03:00,0.053,,,,,,,,,,,
20-06-2019 04:00,0.018,,,,,,,,,,,
20-06-2019 05:00,0.005,,,,,,,,,,,
20-06-2019 06:00,0.002,,,,,,,,,,,
20-06-2019 07:00,0.005,,,,,,,,,,,
20-06-2019 08:00,0.017,,,,,,,,,,,
20-06-2019 09:00,0.027,,,,,,,,,,,
20-06-2019 10:00,0.035,,,,,,,,,,,
20-06-2019 11:00,0.041,,,,,,,,,,,
20-06-2019 12:00,0.04,,,,,,,,,,,
20-06-2019 13:00,0.038,,,,,,,,,,,
20-06-2019 14:00,0.038,,,,,,,,,,,
20-06-2019 15:00,0.059,,,,,,,,,,,
20-06-2019 16:00,0.13,,,,,,,,,,,
20-06-2019 17:00,0.235,,,,,,,,,,,
20-06-2019 18:00,0.323,,,,,,,,,,,
20-06-2019 19:00,0.458,,,,,,,,,,,
20-06-2019 20:00,0.538,,,,,,,,,,,
20-06-2019 21:00,0.531,,,,,,,,,,,
20-06-2019 22:00,0.478,,,,,,,,,,,
20-06-2019 23:00,0.402,,,,,,,,,,,
21-06-2019 00:00,0.329,,,,,,,,,,,
21-06-2019 01:00,0.289,,,,,,,,,,,
21-06-2019 02:00,0.261,,,,,,,,,,,
21-06-2019 03:00,0.192,,,,,,,,,,,
21-06-2019 04:00,0.119,,,,,,,,,,,
21-06-2019 05:00,0.077,,,,,,,,,,,
21-06-2019 06:00,0.033,,,,,,,,,,,
21-06-2019 07:00,0.04,,,,,,,,,,,
21-06-2019 08:00,0.061,,,,,,,,,,,
21-06-2019 09:00,0.073,,,,,,,,,,,
21-06-2019 10:00,0.08,,,,,,,,,,,
21-06-2019 11:00,0.091,,,,,,,,,,,
21-06-2019 12:00,0.1,,,,,,,,,,,
21-06-2019 13:00,0.096,,,,,,,,,,,
21-06-2019 14:00,0.083,,,,,,,,,,,
21-06-2019 15:00,0.068,,,,,,,,,,,
21-06-2019 16:00,0.056,,,,,,,,,,,
21-06-2019 17:00,0.048,,,,,,,,,,,
21-06-2019 18:00,0.057,,,,,,,,,,,
21-06-2019 19:00,0.101,,,,,,,,,,,
21-06-2019 20:00,0.139,,,,,,,,,,,
21-06-2019 21:00,0.211,,,,,,,,,,,
21-06-2019 22:00,0.41,,,,,,,,,,,
21-06-2019 23:00,0.552,,,,,,,,,,,
22-06-2019 00:00,0.55,,,,,,,,,,,
22-06-2019 01:00,0.55,,,,,,,,,,,
22-06-2019 02:00,0.566,,,,,,,,,,,
22-06-2019 03:00,0.547,,,,,,,,,,,
22-06-2019 04:00,0.506,,,,,,,,,,,
22-06-2019 05:00,0.42,,,,,,,,,,,
22-06-2019 06:00,0.35,,,,,,,,,,,
22-06-2019 07:00,0.355,,,,,,,,,,,
22-06-2019 08:00,0.245,,,,,,,,,,,
22-06-2019 09:00,0.155,,,,,,,,,,,
22-06-2019 10:00,0.114,,,,,,,,,,,
22-06-2019 11:00,0.103,,,,,,,,,,,
22-06-2019 12:00,0.107,,,,,,,,,,,
22-06-2019 13:00,0.115,,,,,,,,,,,
22-06-2019 14:00,0.117,,,,,,,,,,,
22-06-2019 15:00,0.11,,,,,,,,,,,
22-06-2019 16:00,0.099,,,,,,,,,,,
22-06-2019 17:00,0.087,,,,,,,,,,,
22-06-2019 18:00,0.08,,,,,,,,,,,
22-06-2019 19:00,0.134,,,,,,,,,,,
22-06-2019 20:00,0.243,,,,,,,,,,,
22-06-2019 21:00,0.308,,,,,,,,,,,
22-06-2019 22:00,0.313,,,,,,,,,,,
22-06-2019 23:00,0.323,,,,,,,,,,,
23-06-2019 00:00,0.34,,,,,,,,,,,
23-06-2019 01:00,0.341,,,,,,,,,,,
23-06-2019 02:00,0.343,,,,,,,,,,,
23-06-2019 03:00,0.348,,,,,,,,,,,
23-06-2019 04:00,0.347,,,,,,,,,,,
23-06-2019 05:00,0.286,,,,,,,,,,,
23-06-2019 06:00,0.133,,,,,,,,,,,
23-06-2019 07:00,0.082,,,,,,,,,,,
23-06-2019 08:00,0.094,,,,,,,,,,,
23-06-2019 09:00,0.105,,,,,,,,,,,
23-06-2019 10:00,0.104,,,,,,,,,,,
23-06-2019 11:00,0.101,,,,,,,,,,,
23-06-2019 12:00,0.098,,,,,,,,,,,
23-06-2019 13:00,0.096,,,,,,,,,,,
23-06-2019 14:00,0.101,,,,,,,,,,,
23-06-2019 15:00,0.106,,,,,,,,,,,
23-06-2019 16:00,0.121,,,,,,,,,,,
23-06-2019 17:00,0.155,,,,,,,,,,,
23-06-2019 18:00,0.219,,,,,,,,,,,
23-06-2019 19:00,0.38,,,,,,,,,,,
23-06-2019 20:00,0.55,,,,,,,,,,,
23-06-2019 21:00,0.599,,,,,,,,,,,
23-06-2019 22:00,0.568,,,,,,,,,,,
23-06-2019 23:00,0.56,,,,,,,,,,,
24-06-2019 00:00,0.55,,,,,,,,,,,
24-06-2019 01:00,0.526,,,,,,,,,,,
24-06-2019 02:00,0.501,,,,,,,,,,,
24-06-2019 03:00,0.452,,,,,,,,,,,
24-06-2019 04:00,0.388,,,,,,,,,,,
24-06-2019 05:00,0.276,,,,,,,,,,,
24-06-2019 06:00,0.145,,,,,,,,,,,
24-06-2019 07:00,0.095,,,,,,,,,,,
24-06-2019 08:00,0.049,,,,,,,,,,,
24-06-2019 09:00,0.025,,,,,,,,,,,
24-06-2019 10:00,0.018,,,,,,,,,,,
24-06-2019 11:00,0.025,,,,,,,,,,,
24-06-2019 12:00,0.036,,,,,,,,,,,
24-06-2019 13:00,0.048,,,,,,,,,,,
24-06-2019 14:00,0.069,,,,,,,,,,,
24-06-2019 15:00,0.092,,,,,,,,,,,
24-06-2019 16:00,0.107,,,,,,,,,,,
24-06-2019 17:00,0.12,,,,,,,,,,,
24-06-2019 18:00,0.134,,,,,,,,,,,
24-06-2019 19:00,0.177,,,,,,,,,,,
24-06-2019 20:00,0.19,,,,,,,,,,,
24-06-2019 21:00,0.178,,,,,,,,,,,
24-06-2019 22:00,0.155,,,,,,,,,,,
24-06-2019 23:00,0.133,,,,,,,,,,,
25-06-2019 00:00,0.12,,,,,,,,,,,
25-06-2019 01:00,0.116,,,,,,,,,,,
25-06-2019 02:00,0.109,,,,,,,,,,,
25-06-2019 03:00,0.095,,,,,,,,,,,
25-06-2019 04:00,0.095,,,,,,,,,,,
25-06-2019 05:00,0.097,,,,,,,,,,,
25-06-2019 06:00,0.054,,,,,,,,,,,
25-06-2019 07:00,0.027,,,,,,,,,,,
25-06-2019 08:00,0.036,,,,,,,,,,,
25-06-2019 09:00,0.05,,,,,,,,,,,
25-06-2019 10:00,0.063,,,,,,,,,,,
25-06-2019 11:00,0.082,,,,,,,,,,,
25-06-2019 12:00,0.101,,,,,,,,,,,
25-06-2019 13:00,0.113,,,,,,,,,,,
25-06-2019 14:00,0.125,,,,,,,,,,,
25-06-2019 15:00,0.138,,,,,,,,,,,
25-06-2019 16:00,0.155,,,,,,,,,,,
25-06-2019 17:00,0.188,,,,,,,,,,,
25-06-2019 18:00,0.248,,,,,,,,,,,
25-06-2019 19:00,0.305,,,,,,,,,,,
25-06-2019 20:00,0.268,,,,,,,,,,,
25-06-2019 21:00,0.3,,,,,,,,,,,
25-06-2019 22:00,0.38,,,,,,,,,,,
25-06-2019 23:00,0.42,,,,,,,,,,,
26-06-2019 00:00,0.436,,,,,,,,,,,
26-06-2019 01:00,0.428,,,,,,,,,,,
26-06-2019 02:00,0.401,,,,,,,,,,,
26-06-2019 03:00,0.354,,,,,,,,,,,
26-06-2019 04:00,0.297,,,,,,,,,,,
26-06-2019 05:00,0.225,,,,,,,,,,,
26-06-2019 06:00,0.121,,,,,,,,,,,
26-06-2019 07:00,0.063,,,,,,,,,,,
26-06-2019 08:00,0.035,,,,,,,,,,,
26-06-2019 09:00,0.031,,,,,,,,,,,
26-06-2019 10:00,0.053,,,,,,,,,,,
26-06-2019 11:00,0.088,,,,,,,,,,,
26-06-2019 12:00,0.122,,,,,,,,,,,
26-06-2019 13:00,0.148,,,,,,,,,,,
26-06-2019 14:00,0.18,,,,,,,,,,,
26-06-2019 15:00,0.225,,,,,,,,,,,
26-06-2019 16:00,0.302,,,,,,,,,,,
26-06-2019 17:00,0.402,,,,,,,,,,,
26-06-2019 18:00,0.508,,,,,,,,,,,
26-06-2019 19:00,0.664,,,,,,,,,,,
26-06-2019 20:00,0.738,,,,,,,,,,,
26-06-2019 21:00,0.72,,,,,,,,,,,
26-06-2019 22:00,0.686,,,,,,,,,,,
26-06-2019 23:00,0.645,,,,,,,,,,,
27-06-2019 00:00,0.566,,,,,,,,,,,
27-06-2019 01:00,0.507,,,,,,,,,,,
27-06-2019 02:00,0.502,,,,,,,,,,,
27-06-2019 03:00,0.509,,,,,,,,,,,
27-06-2019 04:00,0.528,,,,,,,,,,,
27-06-2019 05:00,0.516,,,,,,,,,,,
27-06-2019 06:00,0.633,,,,,,,,,,,
27-06-2019 07:00,0.777,,,,,,,,,,,
27-06-2019 08:00,0.835,,,,,,,,,,,
27-06-2019 09:00,0.863,,,,,,,,,,,
27-06-2019 10:00,0.856,,,,,,,,,,,
27-06-2019 11:00,0.829,,,,,,,,,,,
27-06-2019 12:00,0.806,,,,,,,,,,,
27-06-2019 13:00,0.791,,,,,,,,,,,
27-06-2019 14:00,0.785,,,,,,,,,,,
27-06-2019 15:00,0.799,,,,,,,,,,,
27-06-2019 16:00,0.823,,,,,,,,,,,
27-06-2019 17:00,0.806,,,,,,,,,,,
27-06-2019 18:00,0.74,,,,,,,,,,,
27-06-2019 19:00,0.763,,,,,,,,,,,
27-06-2019 20:00,0.767,,,,,,,,,,,
27-06-2019 21:00,0.718,,,,,,,,,,,
27-06-2019 22:00,0.663,,,,,,,,,,,
27-06-2019 23:00,0.605,,,,,,,,,,,
28-06-2019 00:00,0.547,,,,,,,,,,,
28-06-2019 01:00,0.495,,,,,,,,,,,
28-06-2019 02:00,0.462,,,,,,,,,,,
28-06-2019 03:00,0.435,,,,,,,,,,,
28-06-2019 04:00,0.436,,,,,,,,,,,
28-06-2019 05:00,0.429,,,,,,,,,,,
28-06-2019 06:00,0.261,,,,,,,,,,,
28-06-2019 07:00,0.296,,,,,,,,,,,
28-06-2019 08:00,0.393,,,,,,,,,,,
28-06-2019 09:00,0.478,,,,,,,,,,,
28-06-2019 10:00,0.55,,,,,,,,,,,
28-06-2019 11:00,0.602,,,,,,,,,,,
28-06-2019 12:00,0.63,,,,,,,,,,,
28-06-2019 13:00,0.632,,,,,,,,,,,
28-06-2019 14:00,0.621,,,,,,,,,,,
28-06-2019 15:00,0.608,,,,,,,,,,,
28-06-2019 16:00,0.591,,,,,,,,,,,
28-06-2019 17:00,0.587,,,,,,,,,,,
28-06-2019 18:00,0.62,,,,,,,,,,,
28-06-2019 19:00,0.76,,,,,,,,,,,
28-06-2019 20:00,0.805,,,,,,,,,,,
28-06-2019 21:00,0.773,,,,,,,,,,,
28-06-2019 22:00,0.71,,,,,,,,,,,
28-06-2019 23:00,0.618,,,,,,,,,,,
29-06-2019 00:00,0.514,,,,,,,,,,,
29-06-2019 01:00,0.404,,,,,,,,,,,
29-06-2019 02:00,0.307,,,,,,,,,,,
29-06-2019 03:00,0.223,,,,,,,,,,,
29-06-2019 04:00,0.152,,,,,,,,,,,
29-06-2019 05:00,0.099,,,,,,,,,,,
29-06-2019 06:00,0.042,,,,,,,,,,,
29-06-2019 07:00,0.043,,,,,,,,,,,
29-06-2019 08:00,0.101,,,,,,,,,,,
29-06-2019 09:00,0.155,,,,,,,,,,,
29-06-2019 10:00,0.188,,,,,,,,,,,
29-06-2019 11:00,0.176,,,,,,,,,,,
29-06-2019 12:00,0.136,,,,,,,,,,,
29-06-2019 13:00,0.102,,,,,,,,,,,
29-06-2019 14:00,0.089,,,,,,,,,,,
29-06-2019 15:00,0.102,,,,,,,,,,,
29-06-2019 16:00,0.146,,,,,,,,,,,
29-06-2019 17:00,0.253,,,,,,,,,,,
29-06-2019 18:00,0.507,,,,,,,,,,,
29-06-2019 19:00,0.783,,,,,,,,,,,
29-06-2019 20:00,0.854,,,,,,,,,,,
29-06-2019 21:00,0.829,,,,,,,,,,,
29-06-2019 22:00,0.781,,,,,,,,,,,
29-06-2019 23:00,0.745,,,,,,,,,,,
30-06-2019 00:00,0.712,,,,,,,,,,,
30-06-2019 01:00,0.67,,,,,,,,,,,
30-06-2019 02:00,0.61,,,,,,,,,,,
30-06-2019 03:00,0.485,,,,,,,,,,,
30-06-2019 04:00,0.332,,,,,,,,,,,
30-06-2019 05:00,0.19,,,,,,,,,,,
30-06-2019 06:00,0.06,,,,,,,,,,,
30-06-2019 07:00,0.022,,,,,,,,,,,
30-06-2019 08:00,0.016,,,,,,,,,,,
30-06-2019 09:00,0.029,,,,,,,,,,,
30-06-2019 10:00,0.064,,,,,,,,,,,
30-06-2019 11:00,0.101,,,,,,,,,,,
30-06-2019 12:00,0.123,,,,,,,,,,,
30-06-2019 13:00,0.136,,,,,,,,,,,
30-06-2019 14:00,0.148,,,,,,,,,,,
30-06-2019 15:00,0.149,,,,,,,,,,,
30-06-2019 16:00,0.158,,,,,,,,,,,
30-06-2019 17:00,0.204,,,,,,,,,,,
30-06-2019 18:00,0.298,,,,,,,,,,,
30-06-2019 19:00,0.462,,,,,,,,,,,
30-06-2019 20:00,0.525,,,,,,,,,,,
30-06-2019 21:00,0.503,,,,,,,,,,,
30-06-2019 22:00,0.517,,,,,,,,,,,
30-06-2019 23:00,0.545,,,,,,,,,,,
01-07-2019 00:00,0.576,,,,,,,,,,,
01-07-2019 01:00,0.606,,,,,,,,,,,
01-07-2019 02:00,0.593,,,,,,,,,,,
01-07-2019 03:00,0.539,,,,,,,,,,,
01-07-2019 04:00,0.454,,,,,,,,,,,
01-07-2019 05:00,0.313,,,,,,,,,,,
01-07-2019 06:00,0.162,,,,,,,,,,,
01-07-2019 07:00,0.096,,,,,,,,,,,
01-07-2019 08:00,0.042,,,,,,,,,,,
01-07-2019 09:00,0.012,,,,,,,,,,,
01-07-2019 10:00,0.003,,,,,,,,,,,
01-07-2019 11:00,0.003,,,,,,,,,,,
01-07-2019 12:00,0.006,,,,,,,,,,,
01-07-2019 13:00,0.007,,,,,,,,,,,
01-07-2019 14:00,0.008,,,,,,,,,,,
01-07-2019 15:00,0.007,,,,,,,,,,,
01-07-2019 16:00,0.011,,,,,,,,,,,
01-07-2019 17:00,0.016,,,,,,,,,,,
01-07-2019 18:00,0.044,,,,,,,,,,,
01-07-2019 19:00,0.167,,,,,,,,,,,
01-07-2019 20:00,0.312,,,,,,,,,,,
01-07-2019 21:00,0.308,,,,,,,,,,,
01-07-2019 22:00,0.261,,,,,,,,,,,
01-07-2019 23:00,0.278,,,,,,,,,,,
02-07-2019 00:00,0.281,,,,,,,,,,,
02-07-2019 01:00,0.259,,,,,,,,,,,
02-07-2019 02:00,0.242,,,,,,,,,,,
02-07-2019 03:00,0.223,,,,,,,,,,,
02-07-2019 04:00,0.218,,,,,,,,,,,
02-07-2019 05:00,0.22,,,,,,,,,,,
02-07-2019 06:00,0.228,,,,,,,,,,,
02-07-2019 07:00,0.162,,,,,,,,,,,
02-07-2019 08:00,0.1,,,,,,,,,,,
02-07-2019 09:00,0.067,,,,,,,,,,,
02-07-2019 10:00,0.049,,,,,,,,,,,
02-07-2019 11:00,0.043,,,,,,,,,,,
02-07-2019 12:00,0.041,,,,,,,,,,,
02-07-2019 13:00,0.047,,,,,,,,,,,
02-07-2019 14:00,0.053,,,,,,,,,,,
02-07-2019 15:00,0.051,,,,,,,,,,,
02-07-2019 16:00,0.064,,,,,,,,,,,
02-07-2019 17:00,0.106,,,,,,,,,,,
02-07-2019 18:00,0.224,,,,,,,,,,,
02-07-2019 19:00,0.476,,,,,,,,,,,
02-07-2019 20:00,0.652,,,,,,,,,,,
02-07-2019 21:00,0.655,,,,,,,,,,,
02-07-2019 22:00,0.592,,,,,,,,,,,
02-07-2019 23:00,0.54,,,,,,,,,,,
03-07-2019 00:00,0.516,,,,,,,,,,,
03-07-2019 01:00,0.518,,,,,,,,,,,
03-07-2019 02:00,0.516,,,,,,,,,,,
03-07-2019 03:00,0.455,,,,,,,,,,,
03-07-2019 04:00,0.414,,,,,,,,,,,
03-07-2019 05:00,0.341,,,,,,,,,,,
03-07-2019 06:00,0.323,,,,,,,,,,,
03-07-2019 07:00,0.297,,,,,,,,,,,
03-07-2019 08:00,0.277,,,,,,,,,,,
03-07-2019 09:00,0.291,,,,,,,,,,,
03-07-2019 10:00,0.307,,,,,,,,,,,
03-07-2019 11:00,0.311,,,,,,,,,,,
03-07-2019 12:00,0.303,,,,,,,,,,,
03-07-2019 13:00,0.288,,,,,,,,,,,
03-07-2019 14:00,0.267,,,,,,,,,,,
03-07-2019 15:00,0.253,,,,,,,,,,,
03-07-2019 16:00,0.267,,,,,,,,,,,
03-07-2019 17:00,0.347,,,,,,,,,,,
03-07-2019 18:00,0.498,,,,,,,,,,,
03-07-2019 19:00,0.639,,,,,,,,,,,
03-07-2019 20:00,0.692,,,,,,,,,,,
03-07-2019 21:00,0.674,,,,,,,,,,,
03-07-2019 22:00,0.615,,,,,,,,,,,
03-07-2019 23:00,0.571,,,,,,,,,,,
04-07-2019 00:00,0.532,,,,,,,,,,,
04-07-2019 01:00,0.476,,,,,,,,,,,
04-07-2019 02:00,0.403,,,,,,,,,,,
04-07-2019 03:00,0.305,,,,,,,,,,,
04-07-2019 04:00,0.212,,,,,,,,,,,
04-07-2019 05:00,0.138,,,,,,,,,,,
04-07-2019 06:00,0.088,,,,,,,,,,,
04-07-2019 07:00,0.123,,,,,,,,,,,
04-07-2019 08:00,0.193,,,,,,,,,,,
04-07-2019 09:00,0.251,,,,,,,,,,,
04-07-2019 10:00,0.279,,,,,,,,,,,
04-07-2019 11:00,0.289,,,,,,,,,,,
04-07-2019 12:00,0.286,,,,,,,,,,,
04-07-2019 13:00,0.276,,,,,,,,,,,
04-07-2019 14:00,0.253,,,,,,,,,,,
04-07-2019 15:00,0.241,,,,,,,,,,,
04-07-2019 16:00,0.255,,,,,,,,,,,
04-07-2019 17:00,0.31,,,,,,,,,,,
04-07-2019 18:00,0.391,,,,,,,,,,,
04-07-2019 19:00,0.478,,,,,,,,,,,
04-07-2019 20:00,0.523,,,,,,,,,,,
04-07-2019 21:00,0.525,,,,,,,,,,,
04-07-2019 22:00,0.491,,,,,,,,,,,
04-07-2019 23:00,0.459,,,,,,,,,,,
05-07-2019 00:00,0.422,,,,,,,,,,,
05-07-2019 01:00,0.373,,,,,,,,,,,
05-07-2019 02:00,0.325,,,,,,,,,,,
05-07-2019 03:00,0.271,,,,,,,,,,,
05-07-2019 04:00,0.225,,,,,,,,,,,
05-07-2019 05:00,0.145,,,,,,,,,,,
05-07-2019 06:00,0.054,,,,,,,,,,,
05-07-2019 07:00,0.032,,,,,,,,,,,
05-07-2019 08:00,0.032,,,,,,,,,,,
05-07-2019 09:00,0.063,,,,,,,,,,,
05-07-2019 10:00,0.118,,,,,,,,,,,
05-07-2019 11:00,0.184,,,,,,,,,,,
05-07-2019 12:00,0.269,,,,,,,,,,,
05-07-2019 13:00,0.37,,,,,,,,,,,
05-07-2019 14:00,0.476,,,,,,,,,,,
05-07-2019 15:00,0.552,,,,,,,,,,,
05-07-2019 16:00,0.586,,,,,,,,,,,
05-07-2019 17:00,0.58,,,,,,,,,,,
05-07-2019 18:00,0.522,,,,,,,,,,,
05-07-2019 19:00,0.539,,,,,,,,,,,
05-07-2019 20:00,0.543,,,,,,,,,,,
05-07-2019 21:00,0.495,,,,,,,,,,,
05-07-2019 22:00,0.446,,,,,,,,,,,
05-07-2019 23:00,0.437,,,,,,,,,,,
06-07-2019 00:00,0.457,,,,,,,,,,,
06-07-2019 01:00,0.476,,,,,,,,,,,
06-07-2019 02:00,0.474,,,,,,,,,,,
06-07-2019 03:00,0.425,,,,,,,,,,,
06-07-2019 04:00,0.32,,,,,,,,,,,
06-07-2019 05:00,0.192,,,,,,,,,,,
06-07-2019 06:00,0.057,,,,,,,,,,,
06-07-2019 07:00,0.045,,,,,,,,,,,
06-07-2019 08:00,0.117,,,,,,,,,,,
06-07-2019 09:00,0.152,,,,,,,,,,,
06-07-2019 10:00,0.311,,,,,,,,,,,
06-07-2019 11:00,0.495,,,,,,,,,,,
06-07-2019 12:00,0.594,,,,,,,,,,,
06-07-2019 13:00,0.657,,,,,,,,,,,
06-07-2019 14:00,0.689,,,,,,,,,,,
06-07-2019 15:00,0.71,,,,,,,,,,,
06-07-2019 16:00,0.709,,,,,,,,,,,
06-07-2019 17:00,0.723,,,,,,,,,,,
06-07-2019 18:00,0.734,,,,,,,,,,,
06-07-2019 19:00,0.765,,,,,,,,,,,
06-07-2019 20:00,0.653,,,,,,,,,,,
06-07-2019 21:00,0.578,,,,,,,,,,,
06-07-2019 22:00,0.556,,,,,,,,,,,
06-07-2019 23:00,0.506,,,,,,,,,,,
07-07-2019 00:00,0.522,,,,,,,,,,,
07-07-2019 01:00,0.548,,,,,,,,,,,
07-07-2019 02:00,0.52,,,,,,,,,,,
07-07-2019 03:00,0.46,,,,,,,,,,,
07-07-2019 04:00,0.317,,,,,,,,,,,
07-07-2019 05:00,0.146,,,,,,,,,,,
07-07-2019 06:00,0.023,,,,,,,,,,,
07-07-2019 07:00,0.007,,,,,,,,,,,
07-07-2019 08:00,0.035,,,,,,,,,,,
07-07-2019 09:00,0.08,,,,,,,,,,,
07-07-2019 10:00,0.131,,,,,,,,,,,
07-07-2019 11:00,0.173,,,,,,,,,,,
07-07-2019 12:00,0.203,,,,,,,,,,,
07-07-2019 13:00,0.226,,,,,,,,,,,
07-07-2019 14:00,0.245,,,,,,,,,,,
07-07-2019 15:00,0.247,,,,,,,,,,,
07-07-2019 16:00,0.285,,,,,,,,,,,
07-07-2019 17:00,0.349,,,,,,,,,,,
07-07-2019 18:00,0.432,,,,,,,,,,,
07-07-2019 19:00,0.552,,,,,,,,,,,
07-07-2019 20:00,0.586,,,,,,,,,,,
07-07-2019 21:00,0.537,,,,,,,,,,,
07-07-2019 22:00,0.414,,,,,,,,,,,
07-07-2019 23:00,0.274,,,,,,,,,,,
08-07-2019 00:00,0.233,,,,,,,,,,,
08-07-2019 01:00,0.242,,,,,,,,,,,
08-07-2019 02:00,0.225,,,,,,,,,,,
08-07-2019 03:00,0.193,,,,,,,,,,,
08-07-2019 04:00,0.178,,,,,,,,,,,
08-07-2019 05:00,0.149,,,,,,,,,,,
08-07-2019 06:00,0.082,,,,,,,,,,,
08-07-2019 07:00,0.058,,,,,,,,,,,
08-07-2019 08:00,0.055,,,,,,,,,,,
08-07-2019 09:00,0.068,,,,,,,,,,,
08-07-2019 10:00,0.106,,,,,,,,,,,
08-07-2019 11:00,0.175,,,,,,,,,,,
08-07-2019 12:00,0.225,,,,,,,,,,,
08-07-2019 13:00,0.249,,,,,,,,,,,
08-07-2019 14:00,0.274,,,,,,,,,,,
08-07-2019 15:00,0.286,,,,,,,,,,,
08-07-2019 16:00,0.3,,,,,,,,,,,
08-07-2019 17:00,0.313,,,,,,,,,,,
08-07-2019 18:00,0.331,,,,,,,,,,,
08-07-2019 19:00,0.451,,,,,,,,,,,
08-07-2019 20:00,0.578,,,,,,,,,,,
08-07-2019 21:00,0.582,,,,,,,,,,,
08-07-2019 22:00,0.513,,,,,,,,,,,
08-07-2019 23:00,0.46,,,,,,,,,,,
09-07-2019 00:00,0.358,,,,,,,,,,,
09-07-2019 01:00,0.249,,,,,,,,,,,
09-07-2019 02:00,0.209,,,,,,,,,,,
09-07-2019 03:00,0.233,,,,,,,,,,,
09-07-2019 04:00,0.305,,,,,,,,,,,
09-07-2019 05:00,0.286,,,,,,,,,,,
09-07-2019 06:00,0.196,,,,,,,,,,,
09-07-2019 07:00,0.192,,,,,,,,,,,
09-07-2019 08:00,0.166,,,,,,,,,,,
09-07-2019 09:00,0.141,,,,,,,,,,,
09-07-2019 10:00,0.11,,,,,,,,,,,
09-07-2019 11:00,0.091,,,,,,,,,,,
09-07-2019 12:00,0.089,,,,,,,,,,,
09-07-2019 13:00,0.095,,,,,,,,,,,
09-07-2019 14:00,0.096,,,,,,,,,,,
09-07-2019 15:00,0.101,,,,,,,,,,,
09-07-2019 16:00,0.111,,,,,,,,,,,
09-07-2019 17:00,0.122,,,,,,,,,,,
09-07-2019 18:00,0.146,,,,,,,,,,,
09-07-2019 19:00,0.219,,,,,,,,,,,
09-07-2019 20:00,0.309,,,,,,,,,,,
09-07-2019 21:00,0.367,,,,,,,,,,,
09-07-2019 22:00,0.395,,,,,,,,,,,
09-07-2019 23:00,0.427,,,,,,,,,,,
10-07-2019 00:00,0.464,,,,,,,,,,,
10-07-2019 01:00,0.473,,,,,,,,,,,
10-07-2019 02:00,0.445,,,,,,,,,,,
10-07-2019 03:00,0.412,,,,,,,,,,,
10-07-2019 04:00,0.363,,,,,,,,,,,
10-07-2019 05:00,0.272,,,,,,,,,,,
10-07-2019 06:00,0.219,,,,,,,,,,,
10-07-2019 07:00,0.165,,,,,,,,,,,
10-07-2019 08:00,0.092,,,,,,,,,,,
10-07-2019 09:00,0.051,,,,,,,,,,,
10-07-2019 10:00,0.025,,,,,,,,,,,
10-07-2019 11:00,0.006,,,,,,,,,,,
10-07-2019 12:00,0.002,,,,,,,,,,,
10-07-2019 13:00,0,,,,,,,,,,,
10-07-2019 14:00,0,,,,,,,,,,,
10-07-2019 15:00,0.001,,,,,,,,,,,
10-07-2019 16:00,0.009,,,,,,,,,,,
10-07-2019 17:00,0.033,,,,,,,,,,,
10-07-2019 18:00,0.095,,,,,,,,,,,
10-07-2019 19:00,0.193,,,,,,,,,,,
10-07-2019 20:00,0.222,,,,,,,,,,,
10-07-2019 21:00,0.23,,,,,,,,,,,
10-07-2019 22:00,0.28,,,,,,,,,,,
10-07-2019 23:00,0.354,,,,,,,,,,,
11-07-2019 00:00,0.386,,,,,,,,,,,
11-07-2019 01:00,0.368,,,,,,,,,,,
11-07-2019 02:00,0.341,,,,,,,,,,,
11-07-2019 03:00,0.316,,,,,,,,,,,
11-07-2019 04:00,0.302,,,,,,,,,,,
11-07-2019 05:00,0.273,,,,,,,,,,,
11-07-2019 06:00,0.133,,,,,,,,,,,
11-07-2019 07:00,0.069,,,,,,,,,,,
11-07-2019 08:00,0.055,,,,,,,,,,,
11-07-2019 09:00,0.035,,,,,,,,,,,
11-07-2019 10:00,0.015,,,,,,,,,,,
11-07-2019 11:00,0.003,,,,,,,,,,,
11-07-2019 12:00,0,,,,,,,,,,,
11-07-2019 13:00,0.001,,,,,,,,,,,
11-07-2019 14:00,0.002,,,,,,,,,,,
11-07-2019 15:00,0.005,,,,,,,,,,,
11-07-2019 16:00,0.013,,,,,,,,,,,
11-07-2019 17:00,0.03,,,,,,,,,,,
11-07-2019 18:00,0.082,,,,,,,,,,,
11-07-2019 19:00,0.171,,,,,,,,,,,
11-07-2019 20:00,0.281,,,,,,,,,,,
11-07-2019 21:00,0.41,,,,,,,,,,,
11-07-2019 22:00,0.459,,,,,,,,,,,
11-07-2019 23:00,0.43,,,,,,,,,,,
12-07-2019 00:00,0.362,,,,,,,,,,,
12-07-2019 01:00,0.325,,,,,,,,,,,
12-07-2019 02:00,0.352,,,,,,,,,,,
12-07-2019 03:00,0.388,,,,,,,,,,,
12-07-2019 04:00,0.342,,,,,,,,,,,
12-07-2019 05:00,0.242,,,,,,,,,,,
12-07-2019 06:00,0.096,,,,,,,,,,,
12-07-2019 07:00,0.036,,,,,,,,,,,
12-07-2019 08:00,0.011,,,,,,,,,,,
12-07-2019 09:00,0.005,,,,,,,,,,,
12-07-2019 10:00,0.008,,,,,,,,,,,
12-07-2019 11:00,0.011,,,,,,,,,,,
12-07-2019 12:00,0.01,,,,,,,,,,,
12-07-2019 13:00,0.002,,,,,,,,,,,
12-07-2019 14:00,0.004,,,,,,,,,,,
12-07-2019 15:00,0.01,,,,,,,,,,,
12-07-2019 16:00,0.014,,,,,,,,,,,
12-07-2019 17:00,0.034,,,,,,,,,,,
12-07-2019 18:00,0.07,,,,,,,,,,,
12-07-2019 19:00,0.097,,,,,,,,,,,
12-07-2019 20:00,0.144,,,,,,,,,,,
12-07-2019 21:00,0.142,,,,,,,,,,,
12-07-2019 22:00,0.221,,,,,,,,,,,
12-07-2019 23:00,0.432,,,,,,,,,,,
13-07-2019 00:00,0.605,,,,,,,,,,,
13-07-2019 01:00,0.73,,,,,,,,,,,
13-07-2019 02:00,0.73,,,,,,,,,,,
13-07-2019 03:00,0.491,,,,,,,,,,,
13-07-2019 04:00,0.204,,,,,,,,,,,
13-07-2019 05:00,0.246,,,,,,,,,,,
13-07-2019 06:00,0.251,,,,,,,,,,,
13-07-2019 07:00,0.265,,,,,,,,,,,
13-07-2019 08:00,0.135,,,,,,,,,,,
13-07-2019 09:00,0.184,,,,,,,,,,,
13-07-2019 10:00,0.32,,,,,,,,,,,
13-07-2019 11:00,0.416,,,,,,,,,,,
13-07-2019 12:00,0.464,,,,,,,,,,,
13-07-2019 13:00,0.537,,,,,,,,,,,
13-07-2019 14:00,0.658,,,,,,,,,,,
13-07-2019 15:00,0.766,,,,,,,,,,,
13-07-2019 16:00,0.808,,,,,,,,,,,
13-07-2019 17:00,0.799,,,,,,,,,,,
13-07-2019 18:00,0.746,,,,,,,,,,,
13-07-2019 19:00,0.669,,,,,,,,,,,
13-07-2019 20:00,0.618,,,,,,,,,,,
13-07-2019 21:00,0.566,,,,,,,,,,,
13-07-2019 22:00,0.494,,,,,,,,,,,
13-07-2019 23:00,0.425,,,,,,,,,,,
14-07-2019 00:00,0.417,,,,,,,,,,,
14-07-2019 01:00,0.445,,,,,,,,,,,
14-07-2019 02:00,0.436,,,,,,,,,,,
14-07-2019 03:00,0.426,,,,,,,,,,,
14-07-2019 04:00,0.432,,,,,,,,,,,
14-07-2019 05:00,0.386,,,,,,,,,,,
14-07-2019 06:00,0.386,,,,,,,,,,,
14-07-2019 07:00,0.484,,,,,,,,,,,
14-07-2019 08:00,0.442,,,,,,,,,,,
14-07-2019 09:00,0.4,,,,,,,,,,,
14-07-2019 10:00,0.374,,,,,,,,,,,
14-07-2019 11:00,0.368,,,,,,,,,,,
14-07-2019 12:00,0.374,,,,,,,,,,,
14-07-2019 13:00,0.37,,,,,,,,,,,
14-07-2019 14:00,0.355,,,,,,,,,,,
14-07-2019 15:00,0.344,,,,,,,,,,,
14-07-2019 16:00,0.337,,,,,,,,,,,
14-07-2019 17:00,0.325,,,,,,,,,,,
14-07-2019 18:00,0.27,,,,,,,,,,,
14-07-2019 19:00,0.201,,,,,,,,,,,
14-07-2019 20:00,0.146,,,,,,,,,,,
14-07-2019 21:00,0.129,,,,,,,,,,,
14-07-2019 22:00,0.164,,,,,,,,,,,
14-07-2019 23:00,0.217,,,,,,,,,,,
15-07-2019 00:00,0.234,,,,,,,,,,,
15-07-2019 01:00,0.213,,,,,,,,,,,
15-07-2019 02:00,0.179,,,,,,,,,,,
15-07-2019 03:00,0.126,,,,,,,,,,,
15-07-2019 04:00,0.075,,,,,,,,,,,
15-07-2019 05:00,0.032,,,,,,,,,,,
15-07-2019 06:00,0.008,,,,,,,,,,,
15-07-2019 07:00,0.037,,,,,,,,,,,
15-07-2019 08:00,0.183,,,,,,,,,,,
15-07-2019 09:00,0.285,,,,,,,,,,,
15-07-2019 10:00,0.355,,,,,,,,,,,
15-07-2019 11:00,0.398,,,,,,,,,,,
15-07-2019 12:00,0.423,,,,,,,,,,,
15-07-2019 13:00,0.427,,,,,,,,,,,
15-07-2019 14:00,0.4,,,,,,,,,,,
15-07-2019 15:00,0.356,,,,,,,,,,,
15-07-2019 16:00,0.291,,,,,,,,,,,
15-07-2019 17:00,0.217,,,,,,,,,,,
15-07-2019 18:00,0.118,,,,,,,,,,,
15-07-2019 19:00,0.046,,,,,,,,,,,
15-07-2019 20:00,0.037,,,,,,,,,,,
15-07-2019 21:00,0.108,,,,,,,,,,,
15-07-2019 22:00,0.216,,,,,,,,,,,
15-07-2019 23:00,0.282,,,,,,,,,,,
16-07-2019 00:00,0.336,,,,,,,,,,,
16-07-2019 01:00,0.358,,,,,,,,,,,
16-07-2019 02:00,0.333,,,,,,,,,,,
16-07-2019 03:00,0.291,,,,,,,,,,,
16-07-2019 04:00,0.281,,,,,,,,,,,
16-07-2019 05:00,0.272,,,,,,,,,,,
16-07-2019 06:00,0.224,,,,,,,,,,,
16-07-2019 07:00,0.155,,,,,,,,,,,
16-07-2019 08:00,0.097,,,,,,,,,,,
16-07-2019 09:00,0.049,,,,,,,,,,,
16-07-2019 10:00,0.038,,,,,,,,,,,
16-07-2019 11:00,0.043,,,,,,,,,,,
16-07-2019 12:00,0.054,,,,,,,,,,,
16-07-2019 13:00,0.068,,,,,,,,,,,
16-07-2019 14:00,0.084,,,,,,,,,,,
16-07-2019 15:00,0.1,,,,,,,,,,,
16-07-2019 16:00,0.123,,,,,,,,,,,
16-07-2019 17:00,0.172,,,,,,,,,,,
16-07-2019 18:00,0.277,,,,,,,,,,,
16-07-2019 19:00,0.48,,,,,,,,,,,
16-07-2019 20:00,0.559,,,,,,,,,,,
16-07-2019 21:00,0.557,,,,,,,,,,,
16-07-2019 22:00,0.516,,,,,,,,,,,
16-07-2019 23:00,0.462,,,,,,,,,,,
17-07-2019 00:00,0.428,,,,,,,,,,,
17-07-2019 01:00,0.413,,,,,,,,,,,
17-07-2019 02:00,0.402,,,,,,,,,,,
17-07-2019 03:00,0.367,,,,,,,,,,,
17-07-2019 04:00,0.308,,,,,,,,,,,
17-07-2019 05:00,0.217,,,,,,,,,,,
17-07-2019 06:00,0.102,,,,,,,,,,,
17-07-2019 07:00,0.094,,,,,,,,,,,
17-07-2019 08:00,0.093,,,,,,,,,,,
17-07-2019 09:00,0.094,,,,,,,,,,,
17-07-2019 10:00,0.11,,,,,,,,,,,
17-07-2019 11:00,0.124,,,,,,,,,,,
17-07-2019 12:00,0.131,,,,,,,,,,,
17-07-2019 13:00,0.132,,,,,,,,,,,
17-07-2019 14:00,0.134,,,,,,,,,,,
17-07-2019 15:00,0.141,,,,,,,,,,,
17-07-2019 16:00,0.153,,,,,,,,,,,
17-07-2019 17:00,0.16,,,,,,,,,,,
17-07-2019 18:00,0.167,,,,,,,,,,,
17-07-2019 19:00,0.175,,,,,,,,,,,
17-07-2019 20:00,0.152,,,,,,,,,,,
17-07-2019 21:00,0.137,,,,,,,,,,,
17-07-2019 22:00,0.139,,,,,,,,,,,
17-07-2019 23:00,0.156,,,,,,,,,,,
18-07-2019 00:00,0.184,,,,,,,,,,,
18-07-2019 01:00,0.193,,,,,,,,,,,
18-07-2019 02:00,0.174,,,,,,,,,,,
18-07-2019 03:00,0.138,,,,,,,,,,,
18-07-2019 04:00,0.101,,,,,,,,,,,
18-07-2019 05:00,0.068,,,,,,,,,,,
18-07-2019 06:00,0.036,,,,,,,,,,,
18-07-2019 07:00,0.029,,,,,,,,,,,
18-07-2019 08:00,0.023,,,,,,,,,,,
18-07-2019 09:00,0.016,,,,,,,,,,,
18-07-2019 10:00,0.013,,,,,,,,,,,
18-07-2019 11:00,0.017,,,,,,,,,,,
18-07-2019 12:00,0.025,,,,,,,,,,,
18-07-2019 13:00,0.034,,,,,,,,,,,
18-07-2019 14:00,0.039,,,,,,,,,,,
18-07-2019 15:00,0.045,,,,,,,,,,,
18-07-2019 16:00,0.051,,,,,,,,,,,
18-07-2019 17:00,0.054,,,,,,,,,,,
18-07-2019 18:00,0.06,,,,,,,,,,,
18-07-2019 19:00,0.088,,,,,,,,,,,
18-07-2019 20:00,0.123,,,,,,,,,,,
18-07-2019 21:00,0.215,,,,,,,,,,,
18-07-2019 22:00,0.318,,,,,,,,,,,
18-07-2019 23:00,0.386,,,,,,,,,,,
19-07-2019 00:00,0.441,,,,,,,,,,,
19-07-2019 01:00,0.488,,,,,,,,,,,
19-07-2019 02:00,0.498,,,,,,,,,,,
19-07-2019 03:00,0.486,,,,,,,,,,,
19-07-2019 04:00,0.465,,,,,,,,,,,
19-07-2019 05:00,0.412,,,,,,,,,,,
19-07-2019 06:00,0.296,,,,,,,,,,,
19-07-2019 07:00,0.27,,,,,,,,,,,
19-07-2019 08:00,0.231,,,,,,,,,,,
19-07-2019 09:00,0.191,,,,,,,,,,,
19-07-2019 10:00,0.156,,,,,,,,,,,
19-07-2019 11:00,0.128,,,,,,,,,,,
19-07-2019 12:00,0.107,,,,,,,,,,,
19-07-2019 13:00,0.09,,,,,,,,,,,
19-07-2019 14:00,0.074,,,,,,,,,,,
19-07-2019 15:00,0.065,,,,,,,,,,,
19-07-2019 16:00,0.064,,,,,,,,,,,
19-07-2019 17:00,0.091,,,,,,,,,,,
19-07-2019 18:00,0.249,,,,,,,,,,,
19-07-2019 19:00,0.586,,,,,,,,,,,
19-07-2019 20:00,0.75,,,,,,,,,,,
19-07-2019 21:00,0.74,,,,,,,,,,,
19-07-2019 22:00,0.713,,,,,,,,,,,
19-07-2019 23:00,0.683,,,,,,,,,,,
20-07-2019 00:00,0.648,,,,,,,,,,,
20-07-2019 01:00,0.606,,,,,,,,,,,
20-07-2019 02:00,0.556,,,,,,,,,,,
20-07-2019 03:00,0.531,,,,,,,,,,,
20-07-2019 04:00,0.513,,,,,,,,,,,
20-07-2019 05:00,0.459,,,,,,,,,,,
20-07-2019 06:00,0.305,,,,,,,,,,,
20-07-2019 07:00,0.25,,,,,,,,,,,
20-07-2019 08:00,0.196,,,,,,,,,,,
20-07-2019 09:00,0.167,,,,,,,,,,,
20-07-2019 10:00,0.134,,,,,,,,,,,
20-07-2019 11:00,0.094,,,,,,,,,,,
20-07-2019 12:00,0.064,,,,,,,,,,,
20-07-2019 13:00,0.049,,,,,,,,,,,
20-07-2019 14:00,0.043,,,,,,,,,,,
20-07-2019 15:00,0.046,,,,,,,,,,,
20-07-2019 16:00,0.06,,,,,,,,,,,
20-07-2019 17:00,0.092,,,,,,,,,,,
20-07-2019 18:00,0.163,,,,,,,,,,,
20-07-2019 19:00,0.432,,,,,,,,,,,
20-07-2019 20:00,0.666,,,,,,,,,,,
20-07-2019 21:00,0.655,,,,,,,,,,,
20-07-2019 22:00,0.586,,,,,,,,,,,
20-07-2019 23:00,0.54,,,,,,,,,,,
21-07-2019 00:00,0.513,,,,,,,,,,,
21-07-2019 01:00,0.494,,,,,,,,,,,
21-07-2019 02:00,0.479,,,,,,,,,,,
21-07-2019 03:00,0.468,,,,,,,,,,,
21-07-2019 04:00,0.455,,,,,,,,,,,
21-07-2019 05:00,0.402,,,,,,,,,,,
21-07-2019 06:00,0.278,,,,,,,,,,,
21-07-2019 07:00,0.303,,,,,,,,,,,
21-07-2019 08:00,0.251,,,,,,,,,,,
21-07-2019 09:00,0.211,,,,,,,,,,,
21-07-2019 10:00,0.194,,,,,,,,,,,
21-07-2019 11:00,0.186,,,,,,,,,,,
21-07-2019 12:00,0.191,,,,,,,,,,,
21-07-2019 13:00,0.215,,,,,,,,,,,
21-07-2019 14:00,0.254,,,,,,,,,,,
21-07-2019 15:00,0.329,,,,,,,,,,,
21-07-2019 16:00,0.435,,,,,,,,,,,
21-07-2019 17:00,0.59,,,,,,,,,,,
21-07-2019 18:00,0.727,,,,,,,,,,,
21-07-2019 19:00,0.766,,,,,,,,,,,
21-07-2019 20:00,0.772,,,,,,,,,,,
21-07-2019 21:00,0.732,,,,,,,,,,,
21-07-2019 22:00,0.7,,,,,,,,,,,
21-07-2019 23:00,0.659,,,,,,,,,,,
22-07-2019 00:00,0.613,,,,,,,,,,,
22-07-2019 01:00,0.597,,,,,,,,,,,
22-07-2019 02:00,0.55,,,,,,,,,,,
22-07-2019 03:00,0.498,,,,,,,,,,,
22-07-2019 04:00,0.466,,,,,,,,,,,
22-07-2019 05:00,0.407,,,,,,,,,,,
22-07-2019 06:00,0.401,,,,,,,,,,,
22-07-2019 07:00,0.532,,,,,,,,,,,
22-07-2019 08:00,0.532,,,,,,,,,,,
22-07-2019 09:00,0.529,,,,,,,,,,,
22-07-2019 10:00,0.529,,,,,,,,,,,
22-07-2019 11:00,0.538,,,,,,,,,,,
22-07-2019 12:00,0.565,,,,,,,,,,,
22-07-2019 13:00,0.616,,,,,,,,,,,
22-07-2019 14:00,0.689,,,,,,,,,,,
22-07-2019 15:00,0.766,,,,,,,,,,,
22-07-2019 16:00,0.829,,,,,,,,,,,
22-07-2019 17:00,0.86,,,,,,,,,,,
22-07-2019 18:00,0.824,,,,,,,,,,,
22-07-2019 19:00,0.745,,,,,,,,,,,
22-07-2019 20:00,0.714,,,,,,,,,,,
22-07-2019 21:00,0.677,,,,,,,,,,,
22-07-2019 22:00,0.635,,,,,,,,,,,
22-07-2019 23:00,0.583,,,,,,,,,,,
23-07-2019 00:00,0.525,,,,,,,,,,,
23-07-2019 01:00,0.466,,,,,,,,,,,
23-07-2019 02:00,0.426,,,,,,,,,,,
23-07-2019 03:00,0.4,,,,,,,,,,,
23-07-2019 04:00,0.379,,,,,,,,,,,
23-07-2019 05:00,0.344,,,,,,,,,,,
23-07-2019 06:00,0.221,,,,,,,,,,,
23-07-2019 07:00,0.223,,,,,,,,,,,
23-07-2019 08:00,0.259,,,,,,,,,,,
23-07-2019 09:00,0.301,,,,,,,,,,,
23-07-2019 10:00,0.376,,,,,,,,,,,
23-07-2019 11:00,0.465,,,,,,,,,,,
23-07-2019 12:00,0.55,,,,,,,,,,,
23-07-2019 13:00,0.622,,,,,,,,,,,
23-07-2019 14:00,0.69,,,,,,,,,,,
23-07-2019 15:00,0.74,,,,,,,,,,,
23-07-2019 16:00,0.747,,,,,,,,,,,
23-07-2019 17:00,0.661,,,,,,,,,,,
23-07-2019 18:00,0.444,,,,,,,,,,,
23-07-2019 19:00,0.258,,,,,,,,,,,
23-07-2019 20:00,0.302,,,,,,,,,,,
23-07-2019 21:00,0.434,,,,,,,,,,,
23-07-2019 22:00,0.467,,,,,,,,,,,
23-07-2019 23:00,0.42,,,,,,,,,,,
24-07-2019 00:00,0.4,,,,,,,,,,,
24-07-2019 01:00,0.4,,,,,,,,,,,
24-07-2019 02:00,0.391,,,,,,,,,,,
24-07-2019 03:00,0.4,,,,,,,,,,,
24-07-2019 04:00,0.408,,,,,,,,,,,
24-07-2019 05:00,0.407,,,,,,,,,,,
24-07-2019 06:00,0.28,,,,,,,,,,,
24-07-2019 07:00,0.27,,,,,,,,,,,
24-07-2019 08:00,0.391,,,,,,,,,,,
24-07-2019 09:00,0.422,,,,,,,,,,,
24-07-2019 10:00,0.403,,,,,,,,,,,
24-07-2019 11:00,0.362,,,,,,,,,,,
24-07-2019 12:00,0.313,,,,,,,,,,,
24-07-2019 13:00,0.279,,,,,,,,,,,
24-07-2019 14:00,0.259,,,,,,,,,,,
24-07-2019 15:00,0.255,,,,,,,,,,,
24-07-2019 16:00,0.27,,,,,,,,,,,
24-07-2019 17:00,0.311,,,,,,,,,,,
24-07-2019 18:00,0.364,,,,,,,,,,,
24-07-2019 19:00,0.488,,,,,,,,,,,
24-07-2019 20:00,0.584,,,,,,,,,,,
24-07-2019 21:00,0.607,,,,,,,,,,,
24-07-2019 22:00,0.59,,,,,,,,,,,
24-07-2019 23:00,0.557,,,,,,,,,,,
25-07-2019 00:00,0.538,,,,,,,,,,,
25-07-2019 01:00,0.513,,,,,,,,,,,
25-07-2019 02:00,0.488,,,,,,,,,,,
25-07-2019 03:00,0.44,,,,,,,,,,,
25-07-2019 04:00,0.388,,,,,,,,,,,
25-07-2019 05:00,0.322,,,,,,,,,,,
25-07-2019 06:00,0.164,,,,,,,,,,,
25-07-2019 07:00,0.117,,,,,,,,,,,
25-07-2019 08:00,0.086,,,,,,,,,,,
25-07-2019 09:00,0.064,,,,,,,,,,,
25-07-2019 10:00,0.057,,,,,,,,,,,
25-07-2019 11:00,0.061,,,,,,,,,,,
25-07-2019 12:00,0.07,,,,,,,,,,,
25-07-2019 13:00,0.078,,,,,,,,,,,
25-07-2019 14:00,0.079,,,,,,,,,,,
25-07-2019 15:00,0.084,,,,,,,,,,,
25-07-2019 16:00,0.095,,,,,,,,,,,
25-07-2019 17:00,0.125,,,,,,,,,,,
25-07-2019 18:00,0.202,,,,,,,,,,,
25-07-2019 19:00,0.347,,,,,,,,,,,
25-07-2019 20:00,0.419,,,,,,,,,,,
25-07-2019 21:00,0.425,,,,,,,,,,,
25-07-2019 22:00,0.419,,,,,,,,,,,
25-07-2019 23:00,0.404,,,,,,,,,,,
26-07-2019 00:00,0.376,,,,,,,,,,,
26-07-2019 01:00,0.369,,,,,,,,,,,
26-07-2019 02:00,0.387,,,,,,,,,,,
26-07-2019 03:00,0.42,,,,,,,,,,,
26-07-2019 04:00,0.455,,,,,,,,,,,
26-07-2019 05:00,0.447,,,,,,,,,,,
26-07-2019 06:00,0.411,,,,,,,,,,,
26-07-2019 07:00,0.409,,,,,,,,,,,
26-07-2019 08:00,0.4,,,,,,,,,,,
26-07-2019 09:00,0.42,,,,,,,,,,,
26-07-2019 10:00,0.447,,,,,,,,,,,
26-07-2019 11:00,0.495,,,,,,,,,,,
26-07-2019 12:00,0.55,,,,,,,,,,,
26-07-2019 13:00,0.613,,,,,,,,,,,
26-07-2019 14:00,0.675,,,,,,,,,,,
26-07-2019 15:00,0.7,,,,,,,,,,,
26-07-2019 16:00,0.708,,,,,,,,,,,
26-07-2019 17:00,0.678,,,,,,,,,,,
26-07-2019 18:00,0.586,,,,,,,,,,,
26-07-2019 19:00,0.526,,,,,,,,,,,
26-07-2019 20:00,0.552,,,,,,,,,,,
26-07-2019 21:00,0.6,,,,,,,,,,,
26-07-2019 22:00,0.645,,,,,,,,,,,
26-07-2019 23:00,0.666,,,,,,,,,,,
27-07-2019 00:00,0.644,,,,,,,,,,,
27-07-2019 01:00,0.595,,,,,,,,,,,
27-07-2019 02:00,0.528,,,,,,,,,,,
27-07-2019 03:00,0.482,,,,,,,,,,,
27-07-2019 04:00,0.444,,,,,,,,,,,
27-07-2019 05:00,0.388,,,,,,,,,,,
27-07-2019 06:00,0.352,,,,,,,,,,,
27-07-2019 07:00,0.523,,,,,,,,,,,
27-07-2019 08:00,0.657,,,,,,,,,,,
27-07-2019 09:00,0.731,,,,,,,,,,,
27-07-2019 10:00,0.786,,,,,,,,,,,
27-07-2019 11:00,0.828,,,,,,,,,,,
27-07-2019 12:00,0.848,,,,,,,,,,,
27-07-2019 13:00,0.861,,,,,,,,,,,
27-07-2019 14:00,0.874,,,,,,,,,,,
27-07-2019 15:00,0.89,,,,,,,,,,,
27-07-2019 16:00,0.902,,,,,,,,,,,
27-07-2019 17:00,0.894,,,,,,,,,,,
27-07-2019 18:00,0.844,,,,,,,,,,,
27-07-2019 19:00,0.693,,,,,,,,,,,
27-07-2019 20:00,0.523,,,,,,,,,,,
27-07-2019 21:00,0.457,,,,,,,,,,,
27-07-2019 22:00,0.416,,,,,,,,,,,
27-07-2019 23:00,0.339,,,,,,,,,,,
28-07-2019 00:00,0.274,,,,,,,,,,,
28-07-2019 01:00,0.223,,,,,,,,,,,
28-07-2019 02:00,0.187,,,,,,,,,,,
28-07-2019 03:00,0.179,,,,,,,,,,,
28-07-2019 04:00,0.184,,,,,,,,,,,
28-07-2019 05:00,0.16,,,,,,,,,,,
28-07-2019 06:00,0.089,,,,,,,,,,,
28-07-2019 07:00,0.035,,,,,,,,,,,
28-07-2019 08:00,0.03,,,,,,,,,,,
28-07-2019 09:00,0.025,,,,,,,,,,,
28-07-2019 10:00,0.024,,,,,,,,,,,
28-07-2019 11:00,0.025,,,,,,,,,,,
28-07-2019 12:00,0.031,,,,,,,,,,,
28-07-2019 13:00,0.046,,,,,,,,,,,
28-07-2019 14:00,0.067,,,,,,,,,,,
28-07-2019 15:00,0.084,,,,,,,,,,,
28-07-2019 16:00,0.09,,,,,,,,,,,
28-07-2019 17:00,0.097,,,,,,,,,,,
28-07-2019 18:00,0.123,,,,,,,,,,,
28-07-2019 19:00,0.181,,,,,,,,,,,
28-07-2019 20:00,0.18,,,,,,,,,,,
28-07-2019 21:00,0.131,,,,,,,,,,,
28-07-2019 22:00,0.1,,,,,,,,,,,
28-07-2019 23:00,0.112,,,,,,,,,,,
29-07-2019 00:00,0.133,,,,,,,,,,,
29-07-2019 01:00,0.133,,,,,,,,,,,
29-07-2019 02:00,0.112,,,,,,,,,,,
29-07-2019 03:00,0.109,,,,,,,,,,,
29-07-2019 04:00,0.113,,,,,,,,,,,
29-07-2019 05:00,0.114,,,,,,,,,,,
29-07-2019 06:00,0.073,,,,,,,,,,,
29-07-2019 07:00,0.073,,,,,,,,,,,
29-07-2019 08:00,0.098,,,,,,,,,,,
29-07-2019 09:00,0.135,,,,,,,,,,,
29-07-2019 10:00,0.177,,,,,,,,,,,
29-07-2019 11:00,0.219,,,,,,,,,,,
29-07-2019 12:00,0.263,,,,,,,,,,,
29-07-2019 13:00,0.301,,,,,,,,,,,
29-07-2019 14:00,0.341,,,,,,,,,,,
29-07-2019 15:00,0.385,,,,,,,,,,,
29-07-2019 16:00,0.434,,,,,,,,,,,
29-07-2019 17:00,0.491,,,,,,,,,,,
29-07-2019 18:00,0.539,,,,,,,,,,,
29-07-2019 19:00,0.658,,,,,,,,,,,
29-07-2019 20:00,0.692,,,,,,,,,,,
29-07-2019 21:00,0.65,,,,,,,,,,,
29-07-2019 22:00,0.59,,,,,,,,,,,
29-07-2019 23:00,0.537,,,,,,,,,,,
30-07-2019 00:00,0.478,,,,,,,,,,,
30-07-2019 01:00,0.42,,,,,,,,,,,
30-07-2019 02:00,0.355,,,,,,,,,,,
30-07-2019 03:00,0.291,,,,,,,,,,,
30-07-2019 04:00,0.241,,,,,,,,,,,
30-07-2019 05:00,0.19,,,,,,,,,,,
30-07-2019 06:00,0.085,,,,,,,,,,,
30-07-2019 07:00,0.042,,,,,,,,,,,
30-07-2019 08:00,0.016,,,,,,,,,,,
30-07-2019 09:00,0.027,,,,,,,,,,,
30-07-2019 10:00,0.039,,,,,,,,,,,
30-07-2019 11:00,0.048,,,,,,,,,,,
30-07-2019 12:00,0.055,,,,,,,,,,,
30-07-2019 13:00,0.059,,,,,,,,,,,
30-07-2019 14:00,0.062,,,,,,,,,,,
30-07-2019 15:00,0.069,,,,,,,,,,,
30-07-2019 16:00,0.077,,,,,,,,,,,
30-07-2019 17:00,0.084,,,,,,,,,,,
30-07-2019 18:00,0.14,,,,,,,,,,,
30-07-2019 19:00,0.243,,,,,,,,,,,
30-07-2019 20:00,0.376,,,,,,,,,,,
30-07-2019 21:00,0.574,,,,,,,,,,,
30-07-2019 22:00,0.677,,,,,,,,,,,
30-07-2019 23:00,0.683,,,,,,,,,,,
31-07-2019 00:00,0.666,,,,,,,,,,,
31-07-2019 01:00,0.662,,,,,,,,,,,
31-07-2019 02:00,0.667,,,,,,,,,,,
31-07-2019 03:00,0.672,,,,,,,,,,,
31-07-2019 04:00,0.672,,,,,,,,,,,
31-07-2019 05:00,0.648,,,,,,,,,,,
31-07-2019 06:00,0.752,,,,,,,,,,,
31-07-2019 07:00,0.782,,,,,,,,,,,
31-07-2019 08:00,0.74,,,,,,,,,,,
31-07-2019 09:00,0.648,,,,,,,,,,,
31-07-2019 10:00,0.532,,,,,,,,,,,
31-07-2019 11:00,0.454,,,,,,,,,,,
31-07-2019 12:00,0.422,,,,,,,,,,,
31-07-2019 13:00,0.419,,,,,,,,,,,
31-07-2019 14:00,0.43,,,,,,,,,,,
31-07-2019 15:00,0.461,,,,,,,,,,,
31-07-2019 16:00,0.514,,,,,,,,,,,
31-07-2019 17:00,0.586,,,,,,,,,,,
31-07-2019 18:00,0.675,,,,,,,,,,,
31-07-2019 19:00,0.721,,,,,,,,,,,
31-07-2019 20:00,0.741,,,,,,,,,,,
31-07-2019 21:00,0.72,,,,,,,,,,,
31-07-2019 22:00,0.656,,,,,,,,,,,
31-07-2019 23:00,0.565,,,,,,,,,,,
01-08-2019 00:00,0.476,,,,,,,,,,,
01-08-2019 01:00,0.417,,,,,,,,,,,
01-08-2019 02:00,0.379,,,,,,,,,,,
01-08-2019 03:00,0.344,,,,,,,,,,,
01-08-2019 04:00,0.305,,,,,,,,,,,
01-08-2019 05:00,0.264,,,,,,,,,,,
01-08-2019 06:00,0.201,,,,,,,,,,,
01-08-2019 07:00,0.175,,,,,,,,,,,
01-08-2019 08:00,0.169,,,,,,,,,,,
01-08-2019 09:00,0.182,,,,,,,,,,,
01-08-2019 10:00,0.198,,,,,,,,,,,
01-08-2019 11:00,0.219,,,,,,,,,,,
01-08-2019 12:00,0.244,,,,,,,,,,,
01-08-2019 13:00,0.264,,,,,,,,,,,
01-08-2019 14:00,0.28,,,,,,,,,,,
01-08-2019 15:00,0.294,,,,,,,,,,,
01-08-2019 16:00,0.311,,,,,,,,,,,
01-08-2019 17:00,0.328,,,,,,,,,,,
01-08-2019 18:00,0.356,,,,,,,,,,,
01-08-2019 19:00,0.447,,,,,,,,,,,
01-08-2019 20:00,0.484,,,,,,,,,,,
01-08-2019 21:00,0.447,,,,,,,,,,,
01-08-2019 22:00,0.349,,,,,,,,,,,
01-08-2019 23:00,0.246,,,,,,,,,,,
02-08-2019 00:00,0.16,,,,,,,,,,,
02-08-2019 01:00,0.093,,,,,,,,,,,
02-08-2019 02:00,0.05,,,,,,,,,,,
02-08-2019 03:00,0.028,,,,,,,,,,,
02-08-2019 04:00,0.024,,,,,,,,,,,
02-08-2019 05:00,0.034,,,,,,,,,,,
02-08-2019 06:00,0.038,,,,,,,,,,,
02-08-2019 07:00,0.032,,,,,,,,,,,
02-08-2019 08:00,0.05,,,,,,,,,,,
02-08-2019 09:00,0.076,,,,,,,,,,,
02-08-2019 10:00,0.093,,,,,,,,,,,
02-08-2019 11:00,0.11,,,,,,,,,,,
02-08-2019 12:00,0.12,,,,,,,,,,,
02-08-2019 13:00,0.122,,,,,,,,,,,
02-08-2019 14:00,0.116,,,,,,,,,,,
02-08-2019 15:00,0.107,,,,,,,,,,,
02-08-2019 16:00,0.099,,,,,,,,,,,
02-08-2019 17:00,0.089,,,,,,,,,,,
02-08-2019 18:00,0.096,,,,,,,,,,,
02-08-2019 19:00,0.094,,,,,,,,,,,
02-08-2019 20:00,0.059,,,,,,,,,,,
02-08-2019 21:00,0.037,,,,,,,,,,,
02-08-2019 22:00,0.076,,,,,,,,,,,
02-08-2019 23:00,0.084,,,,,,,,,,,
03-08-2019 00:00,0.086,,,,,,,,,,,
03-08-2019 01:00,0.121,,,,,,,,,,,
03-08-2019 02:00,0.192,,,,,,,,,,,
03-08-2019 03:00,0.247,,,,,,,,,,,
03-08-2019 04:00,0.254,,,,,,,,,,,
03-08-2019 05:00,0.236,,,,,,,,,,,
03-08-2019 06:00,0.148,,,,,,,,,,,
03-08-2019 07:00,0.072,,,,,,,,,,,
03-08-2019 08:00,0.043,,,,,,,,,,,
03-08-2019 09:00,0.049,,,,,,,,,,,
03-08-2019 10:00,0.067,,,,,,,,,,,
03-08-2019 11:00,0.09,,,,,,,,,,,
03-08-2019 12:00,0.115,,,,,,,,,,,
03-08-2019 13:00,0.143,,,,,,,,,,,
03-08-2019 14:00,0.173,,,,,,,,,,,
03-08-2019 15:00,0.196,,,,,,,,,,,
03-08-2019 16:00,0.212,,,,,,,,,,,
03-08-2019 17:00,0.221,,,,,,,,,,,
03-08-2019 18:00,0.246,,,,,,,,,,,
03-08-2019 19:00,0.288,,,,,,,,,,,
03-08-2019 20:00,0.272,,,,,,,,,,,
03-08-2019 21:00,0.224,,,,,,,,,,,
03-08-2019 22:00,0.169,,,,,,,,,,,
03-08-2019 23:00,0.118,,,,,,,,,,,
04-08-2019 00:00,0.085,,,,,,,,,,,
04-08-2019 01:00,0.088,,,,,,,,,,,
04-08-2019 02:00,0.128,,,,,,,,,,,
04-08-2019 03:00,0.193,,,,,,,,,,,
04-08-2019 04:00,0.252,,,,,,,,,,,
04-08-2019 05:00,0.267,,,,,,,,,,,
04-08-2019 06:00,0.163,,,,,,,,,,,
04-08-2019 07:00,0.089,,,,,,,,,,,
04-08-2019 08:00,0.091,,,,,,,,,,,
04-08-2019 09:00,0.085,,,,,,,,,,,
04-08-2019 10:00,0.1,,,,,,,,,,,
04-08-2019 11:00,0.12,,,,,,,,,,,
04-08-2019 12:00,0.134,,,,,,,,,,,
04-08-2019 13:00,0.15,,,,,,,,,,,
04-08-2019 14:00,0.169,,,,,,,,,,,
04-08-2019 15:00,0.189,,,,,,,,,,,
04-08-2019 16:00,0.208,,,,,,,,,,,
04-08-2019 17:00,0.223,,,,,,,,,,,
04-08-2019 18:00,0.268,,,,,,,,,,,
04-08-2019 19:00,0.343,,,,,,,,,,,
04-08-2019 20:00,0.345,,,,,,,,,,,
04-08-2019 21:00,0.285,,,,,,,,,,,
04-08-2019 22:00,0.204,,,,,,,,,,,
04-08-2019 23:00,0.14,,,,,,,,,,,
05-08-2019 00:00,0.104,,,,,,,,,,,
05-08-2019 01:00,0.092,,,,,,,,,,,
05-08-2019 02:00,0.092,,,,,,,,,,,
05-08-2019 03:00,0.096,,,,,,,,,,,
05-08-2019 04:00,0.096,,,,,,,,,,,
05-08-2019 05:00,0.087,,,,,,,,,,,
05-08-2019 06:00,0.053,,,,,,,,,,,
05-08-2019 07:00,0.025,,,,,,,,,,,
05-08-2019 08:00,0.058,,,,,,,,,,,
05-08-2019 09:00,0.076,,,,,,,,,,,
05-08-2019 10:00,0.075,,,,,,,,,,,
05-08-2019 11:00,0.085,,,,,,,,,,,
05-08-2019 12:00,0.114,,,,,,,,,,,
05-08-2019 13:00,0.154,,,,,,,,,,,
05-08-2019 14:00,0.207,,,,,,,,,,,
05-08-2019 15:00,0.259,,,,,,,,,,,
05-08-2019 16:00,0.292,,,,,,,,,,,
05-08-2019 17:00,0.306,,,,,,,,,,,
05-08-2019 18:00,0.33,,,,,,,,,,,
05-08-2019 19:00,0.397,,,,,,,,,,,
05-08-2019 20:00,0.402,,,,,,,,,,,
05-08-2019 21:00,0.353,,,,,,,,,,,
05-08-2019 22:00,0.28,,,,,,,,,,,
05-08-2019 23:00,0.207,,,,,,,,,,,
06-08-2019 00:00,0.153,,,,,,,,,,,
06-08-2019 01:00,0.13,,,,,,,,,,,
06-08-2019 02:00,0.144,,,,,,,,,,,
06-08-2019 03:00,0.185,,,,,,,,,,,
06-08-2019 04:00,0.265,,,,,,,,,,,
06-08-2019 05:00,0.352,,,,,,,,,,,
06-08-2019 06:00,0.272,,,,,,,,,,,
06-08-2019 07:00,0.13,,,,,,,,,,,
06-08-2019 08:00,0.184,,,,,,,,,,,
06-08-2019 09:00,0.182,,,,,,,,,,,
06-08-2019 10:00,0.191,,,,,,,,,,,
06-08-2019 11:00,0.266,,,,,,,,,,,
06-08-2019 12:00,0.372,,,,,,,,,,,
06-08-2019 13:00,0.437,,,,,,,,,,,
06-08-2019 14:00,0.466,,,,,,,,,,,
06-08-2019 15:00,0.488,,,,,,,,,,,
06-08-2019 16:00,0.499,,,,,,,,,,,
06-08-2019 17:00,0.476,,,,,,,,,,,
06-08-2019 18:00,0.447,,,,,,,,,,,
06-08-2019 19:00,0.495,,,,,,,,,,,
06-08-2019 20:00,0.526,,,,,,,,,,,
06-08-2019 21:00,0.558,,,,,,,,,,,
06-08-2019 22:00,0.571,,,,,,,,,,,
06-08-2019 23:00,0.552,,,,,,,,,,,
07-08-2019 00:00,0.544,,,,,,,,,,,
07-08-2019 01:00,0.542,,,,,,,,,,,
07-08-2019 02:00,0.521,,,,,,,,,,,
07-08-2019 03:00,0.47,,,,,,,,,,,
07-08-2019 04:00,0.457,,,,,,,,,,,
07-08-2019 05:00,0.481,,,,,,,,,,,
07-08-2019 06:00,0.367,,,,,,,,,,,
07-08-2019 07:00,0.312,,,,,,,,,,,
07-08-2019 08:00,0.432,,,,,,,,,,,
07-08-2019 09:00,0.42,,,,,,,,,,,
07-08-2019 10:00,0.358,,,,,,,,,,,
07-08-2019 11:00,0.32,,,,,,,,,,,
07-08-2019 12:00,0.341,,,,,,,,,,,
07-08-2019 13:00,0.381,,,,,,,,,,,
07-08-2019 14:00,0.41,,,,,,,,,,,
07-08-2019 15:00,0.405,,,,,,,,,,,
07-08-2019 16:00,0.395,,,,,,,,,,,
07-08-2019 17:00,0.36,,,,,,,,,,,
07-08-2019 18:00,0.28,,,,,,,,,,,
07-08-2019 19:00,0.209,,,,,,,,,,,
07-08-2019 20:00,0.152,,,,,,,,,,,
07-08-2019 21:00,0.151,,,,,,,,,,,
07-08-2019 22:00,0.176,,,,,,,,,,,
07-08-2019 23:00,0.185,,,,,,,,,,,
08-08-2019 00:00,0.191,,,,,,,,,,,
08-08-2019 01:00,0.194,,,,,,,,,,,
08-08-2019 02:00,0.192,,,,,,,,,,,
08-08-2019 03:00,0.171,,,,,,,,,,,
08-08-2019 04:00,0.135,,,,,,,,,,,
08-08-2019 05:00,0.093,,,,,,,,,,,
08-08-2019 06:00,0.054,,,,,,,,,,,
08-08-2019 07:00,0.064,,,,,,,,,,,
08-08-2019 08:00,0.076,,,,,,,,,,,
08-08-2019 09:00,0.089,,,,,,,,,,,
08-08-2019 10:00,0.101,,,,,,,,,,,
08-08-2019 11:00,0.126,,,,,,,,,,,
08-08-2019 12:00,0.167,,,,,,,,,,,
08-08-2019 13:00,0.228,,,,,,,,,,,
08-08-2019 14:00,0.298,,,,,,,,,,,
08-08-2019 15:00,0.354,,,,,,,,,,,
08-08-2019 16:00,0.395,,,,,,,,,,,
08-08-2019 17:00,0.435,,,,,,,,,,,
08-08-2019 18:00,0.45,,,,,,,,,,,
08-08-2019 19:00,0.489,,,,,,,,,,,
08-08-2019 20:00,0.446,,,,,,,,,,,
08-08-2019 21:00,0.353,,,,,,,,,,,
08-08-2019 22:00,0.272,,,,,,,,,,,
08-08-2019 23:00,0.264,,,,,,,,,,,
09-08-2019 00:00,0.344,,,,,,,,,,,
09-08-2019 01:00,0.478,,,,,,,,,,,
09-08-2019 02:00,0.578,,,,,,,,,,,
09-08-2019 03:00,0.618,,,,,,,,,,,
09-08-2019 04:00,0.571,,,,,,,,,,,
09-08-2019 05:00,0.468,,,,,,,,,,,
09-08-2019 06:00,0.278,,,,,,,,,,,
09-08-2019 07:00,0.289,,,,,,,,,,,
09-08-2019 08:00,0.405,,,,,,,,,,,
09-08-2019 09:00,0.465,,,,,,,,,,,
09-08-2019 10:00,0.51,,,,,,,,,,,
09-08-2019 11:00,0.556,,,,,,,,,,,
09-08-2019 12:00,0.605,,,,,,,,,,,
09-08-2019 13:00,0.645,,,,,,,,,,,
09-08-2019 14:00,0.66,,,,,,,,,,,
09-08-2019 15:00,0.654,,,,,,,,,,,
09-08-2019 16:00,0.644,,,,,,,,,,,
09-08-2019 17:00,0.622,,,,,,,,,,,
09-08-2019 18:00,0.546,,,,,,,,,,,
09-08-2019 19:00,0.495,,,,,,,,,,,
09-08-2019 20:00,0.464,,,,,,,,,,,
09-08-2019 21:00,0.441,,,,,,,,,,,
09-08-2019 22:00,0.41,,,,,,,,,,,
09-08-2019 23:00,0.358,,,,,,,,,,,
10-08-2019 00:00,0.302,,,,,,,,,,,
10-08-2019 01:00,0.252,,,,,,,,,,,
10-08-2019 02:00,0.217,,,,,,,,,,,
10-08-2019 03:00,0.181,,,,,,,,,,,
10-08-2019 04:00,0.148,,,,,,,,,,,
10-08-2019 05:00,0.113,,,,,,,,,,,
10-08-2019 06:00,0.063,,,,,,,,,,,
10-08-2019 07:00,0.101,,,,,,,,,,,
10-08-2019 08:00,0.156,,,,,,,,,,,
10-08-2019 09:00,0.197,,,,,,,,,,,
10-08-2019 10:00,0.214,,,,,,,,,,,
10-08-2019 11:00,0.22,,,,,,,,,,,
10-08-2019 12:00,0.22,,,,,,,,,,,
10-08-2019 13:00,0.241,,,,,,,,,,,
10-08-2019 14:00,0.281,,,,,,,,,,,
10-08-2019 15:00,0.328,,,,,,,,,,,
10-08-2019 16:00,0.371,,,,,,,,,,,
10-08-2019 17:00,0.394,,,,,,,,,,,
10-08-2019 18:00,0.39,,,,,,,,,,,
10-08-2019 19:00,0.425,,,,,,,,,,,
10-08-2019 20:00,0.395,,,,,,,,,,,
10-08-2019 21:00,0.315,,,,,,,,,,,
10-08-2019 22:00,0.185,,,,,,,,,,,
10-08-2019 23:00,0.079,,,,,,,,,,,
11-08-2019 00:00,0.061,,,,,,,,,,,
11-08-2019 01:00,0.128,,,,,,,,,,,
11-08-2019 02:00,0.249,,,,,,,,,,,
11-08-2019 03:00,0.274,,,,,,,,,,,
11-08-2019 04:00,0.189,,,,,,,,,,,
11-08-2019 05:00,0.104,,,,,,,,,,,
11-08-2019 06:00,0.051,,,,,,,,,,,
11-08-2019 07:00,0.068,,,,,,,,,,,
11-08-2019 08:00,0.192,,,,,,,,,,,
11-08-2019 09:00,0.332,,,,,,,,,,,
11-08-2019 10:00,0.442,,,,,,,,,,,
11-08-2019 11:00,0.525,,,,,,,,,,,
11-08-2019 12:00,0.597,,,,,,,,,,,
11-08-2019 13:00,0.637,,,,,,,,,,,
11-08-2019 14:00,0.635,,,,,,,,,,,
11-08-2019 15:00,0.633,,,,,,,,,,,
11-08-2019 16:00,0.646,,,,,,,,,,,
11-08-2019 17:00,0.64,,,,,,,,,,,
11-08-2019 18:00,0.556,,,,,,,,,,,
11-08-2019 19:00,0.553,,,,,,,,,,,
11-08-2019 20:00,0.58,,,,,,,,,,,
11-08-2019 21:00,0.581,,,,,,,,,,,
11-08-2019 22:00,0.574,,,,,,,,,,,
11-08-2019 23:00,0.538,,,,,,,,,,,
12-08-2019 00:00,0.466,,,,,,,,,,,
12-08-2019 01:00,0.398,,,,,,,,,,,
12-08-2019 02:00,0.362,,,,,,,,,,,
12-08-2019 03:00,0.378,,,,,,,,,,,
12-08-2019 04:00,0.396,,,,,,,,,,,
12-08-2019 05:00,0.368,,,,,,,,,,,
12-08-2019 06:00,0.221,,,,,,,,,,,
12-08-2019 07:00,0.266,,,,,,,,,,,
12-08-2019 08:00,0.277,,,,,,,,,,,
12-08-2019 09:00,0.212,,,,,,,,,,,
12-08-2019 10:00,0.14,,,,,,,,,,,
12-08-2019 11:00,0.099,,,,,,,,,,,
12-08-2019 12:00,0.093,,,,,,,,,,,
12-08-2019 13:00,0.102,,,,,,,,,,,
12-08-2019 14:00,0.102,,,,,,,,,,,
12-08-2019 15:00,0.104,,,,,,,,,,,
12-08-2019 16:00,0.11,,,,,,,,,,,
12-08-2019 17:00,0.131,,,,,,,,,,,
12-08-2019 18:00,0.255,,,,,,,,,,,
12-08-2019 19:00,0.448,,,,,,,,,,,
12-08-2019 20:00,0.516,,,,,,,,,,,
12-08-2019 21:00,0.479,,,,,,,,,,,
12-08-2019 22:00,0.43,,,,,,,,,,,
12-08-2019 23:00,0.464,,,,,,,,,,,
13-08-2019 00:00,0.484,,,,,,,,,,,
13-08-2019 01:00,0.492,,,,,,,,,,,
13-08-2019 02:00,0.488,,,,,,,,,,,
13-08-2019 03:00,0.449,,,,,,,,,,,
13-08-2019 04:00,0.452,,,,,,,,,,,
13-08-2019 05:00,0.457,,,,,,,,,,,
13-08-2019 06:00,0.468,,,,,,,,,,,
13-08-2019 07:00,0.414,,,,,,,,,,,
13-08-2019 08:00,0.207,,,,,,,,,,,
13-08-2019 09:00,0.087,,,,,,,,,,,
13-08-2019 10:00,0.04,,,,,,,,,,,
13-08-2019 11:00,0.019,,,,,,,,,,,
13-08-2019 12:00,0.015,,,,,,,,,,,
13-08-2019 13:00,0.026,,,,,,,,,,,
13-08-2019 14:00,0.057,,,,,,,,,,,
13-08-2019 15:00,0.1,,,,,,,,,,,
13-08-2019 16:00,0.131,,,,,,,,,,,
13-08-2019 17:00,0.144,,,,,,,,,,,
13-08-2019 18:00,0.196,,,,,,,,,,,
13-08-2019 19:00,0.29,,,,,,,,,,,
13-08-2019 20:00,0.332,,,,,,,,,,,
13-08-2019 21:00,0.36,,,,,,,,,,,
13-08-2019 22:00,0.395,,,,,,,,,,,
13-08-2019 23:00,0.433,,,,,,,,,,,
14-08-2019 00:00,0.425,,,,,,,,,,,
14-08-2019 01:00,0.38,,,,,,,,,,,
14-08-2019 02:00,0.328,,,,,,,,,,,
14-08-2019 03:00,0.279,,,,,,,,,,,
14-08-2019 04:00,0.261,,,,,,,,,,,
14-08-2019 05:00,0.233,,,,,,,,,,,
14-08-2019 06:00,0.139,,,,,,,,,,,
14-08-2019 07:00,0.047,,,,,,,,,,,
14-08-2019 08:00,0.007,,,,,,,,,,,
14-08-2019 09:00,0.018,,,,,,,,,,,
14-08-2019 10:00,0.027,,,,,,,,,,,
14-08-2019 11:00,0.048,,,,,,,,,,,
14-08-2019 12:00,0.078,,,,,,,,,,,
14-08-2019 13:00,0.109,,,,,,,,,,,
14-08-2019 14:00,0.122,,,,,,,,,,,
14-08-2019 15:00,0.114,,,,,,,,,,,
14-08-2019 16:00,0.092,,,,,,,,,,,
14-08-2019 17:00,0.073,,,,,,,,,,,
14-08-2019 18:00,0.076,,,,,,,,,,,
14-08-2019 19:00,0.069,,,,,,,,,,,
14-08-2019 20:00,0.05,,,,,,,,,,,
14-08-2019 21:00,0.039,,,,,,,,,,,
14-08-2019 22:00,0.042,,,,,,,,,,,
14-08-2019 23:00,0.058,,,,,,,,,,,
15-08-2019 00:00,0.077,,,,,,,,,,,
15-08-2019 01:00,0.101,,,,,,,,,,,
15-08-2019 02:00,0.123,,,,,,,,,,,
15-08-2019 03:00,0.133,,,,,,,,,,,
15-08-2019 04:00,0.126,,,,,,,,,,,
15-08-2019 05:00,0.114,,,,,,,,,,,
15-08-2019 06:00,0.087,,,,,,,,,,,
15-08-2019 07:00,0.041,,,,,,,,,,,
15-08-2019 08:00,0.017,,,,,,,,,,,
15-08-2019 09:00,0.017,,,,,,,,,,,
15-08-2019 10:00,0.021,,,,,,,,,,,
15-08-2019 11:00,0.029,,,,,,,,,,,
15-08-2019 12:00,0.039,,,,,,,,,,,
15-08-2019 13:00,0.053,,,,,,,,,,,
15-08-2019 14:00,0.065,,,,,,,,,,,
15-08-2019 15:00,0.074,,,,,,,,,,,
15-08-2019 16:00,0.074,,,,,,,,,,,
15-08-2019 17:00,0.068,,,,,,,,,,,
15-08-2019 18:00,0.058,,,,,,,,,,,
15-08-2019 19:00,0.027,,,,,,,,,,,
15-08-2019 20:00,0.036,,,,,,,,,,,
15-08-2019 21:00,0.085,,,,,,,,,,,
15-08-2019 22:00,0.192,,,,,,,,,,,
15-08-2019 23:00,0.283,,,,,,,,,,,
16-08-2019 00:00,0.346,,,,,,,,,,,
16-08-2019 01:00,0.364,,,,,,,,,,,
16-08-2019 02:00,0.362,,,,,,,,,,,
16-08-2019 03:00,0.355,,,,,,,,,,,
16-08-2019 04:00,0.359,,,,,,,,,,,
16-08-2019 05:00,0.388,,,,,,,,,,,
16-08-2019 06:00,0.294,,,,,,,,,,,
16-08-2019 07:00,0.179,,,,,,,,,,,
16-08-2019 08:00,0.12,,,,,,,,,,,
16-08-2019 09:00,0.114,,,,,,,,,,,
16-08-2019 10:00,0.13,,,,,,,,,,,
16-08-2019 11:00,0.161,,,,,,,,,,,
16-08-2019 12:00,0.195,,,,,,,,,,,
16-08-2019 13:00,0.225,,,,,,,,,,,
16-08-2019 14:00,0.249,,,,,,,,,,,
16-08-2019 15:00,0.264,,,,,,,,,,,
16-08-2019 16:00,0.264,,,,,,,,,,,
16-08-2019 17:00,0.251,,,,,,,,,,,
16-08-2019 18:00,0.231,,,,,,,,,,,
16-08-2019 19:00,0.21,,,,,,,,,,,
16-08-2019 20:00,0.159,,,,,,,,,,,
16-08-2019 21:00,0.121,,,,,,,,,,,
16-08-2019 22:00,0.132,,,,,,,,,,,
16-08-2019 23:00,0.133,,,,,,,,,,,
17-08-2019 00:00,0.134,,,,,,,,,,,
17-08-2019 01:00,0.152,,,,,,,,,,,
17-08-2019 02:00,0.176,,,,,,,,,,,
17-08-2019 03:00,0.206,,,,,,,,,,,
17-08-2019 04:00,0.231,,,,,,,,,,,
17-08-2019 05:00,0.248,,,,,,,,,,,
17-08-2019 06:00,0.218,,,,,,,,,,,
17-08-2019 07:00,0.163,,,,,,,,,,,
17-08-2019 08:00,0.203,,,,,,,,,,,
17-08-2019 09:00,0.302,,,,,,,,,,,
17-08-2019 10:00,0.362,,,,,,,,,,,
17-08-2019 11:00,0.367,,,,,,,,,,,
17-08-2019 12:00,0.344,,,,,,,,,,,
17-08-2019 13:00,0.311,,,,,,,,,,,
17-08-2019 14:00,0.279,,,,,,,,,,,
17-08-2019 15:00,0.259,,,,,,,,,,,
17-08-2019 16:00,0.245,,,,,,,,,,,
17-08-2019 17:00,0.237,,,,,,,,,,,
17-08-2019 18:00,0.248,,,,,,,,,,,
17-08-2019 19:00,0.255,,,,,,,,,,,
17-08-2019 20:00,0.218,,,,,,,,,,,
17-08-2019 21:00,0.181,,,,,,,,,,,
17-08-2019 22:00,0.176,,,,,,,,,,,
17-08-2019 23:00,0.193,,,,,,,,,,,
18-08-2019 00:00,0.228,,,,,,,,,,,
18-08-2019 01:00,0.264,,,,,,,,,,,
18-08-2019 02:00,0.305,,,,,,,,,,,
18-08-2019 03:00,0.337,,,,,,,,,,,
18-08-2019 04:00,0.346,,,,,,,,,,,
18-08-2019 05:00,0.346,,,,,,,,,,,
18-08-2019 06:00,0.272,,,,,,,,,,,
18-08-2019 07:00,0.159,,,,,,,,,,,
18-08-2019 08:00,0.253,,,,,,,,,,,
18-08-2019 09:00,0.316,,,,,,,,,,,
18-08-2019 10:00,0.344,,,,,,,,,,,
18-08-2019 11:00,0.378,,,,,,,,,,,
18-08-2019 12:00,0.405,,,,,,,,,,,
18-08-2019 13:00,0.424,,,,,,,,,,,
18-08-2019 14:00,0.44,,,,,,,,,,,
18-08-2019 15:00,0.447,,,,,,,,,,,
18-08-2019 16:00,0.467,,,,,,,,,,,
18-08-2019 17:00,0.517,,,,,,,,,,,
18-08-2019 18:00,0.588,,,,,,,,,,,
18-08-2019 19:00,0.692,,,,,,,,,,,
18-08-2019 20:00,0.667,,,,,,,,,,,
18-08-2019 21:00,0.601,,,,,,,,,,,
18-08-2019 22:00,0.529,,,,,,,,,,,
18-08-2019 23:00,0.442,,,,,,,,,,,
19-08-2019 00:00,0.361,,,,,,,,,,,
19-08-2019 01:00,0.28,,,,,,,,,,,
19-08-2019 02:00,0.188,,,,,,,,,,,
19-08-2019 03:00,0.142,,,,,,,,,,,
19-08-2019 04:00,0.124,,,,,,,,,,,
19-08-2019 05:00,0.096,,,,,,,,,,,
19-08-2019 06:00,0.045,,,,,,,,,,,
19-08-2019 07:00,0.03,,,,,,,,,,,
19-08-2019 08:00,0.079,,,,,,,,,,,
19-08-2019 09:00,0.138,,,,,,,,,,,
19-08-2019 10:00,0.17,,,,,,,,,,,
19-08-2019 11:00,0.18,,,,,,,,,,,
19-08-2019 12:00,0.19,,,,,,,,,,,
19-08-2019 13:00,0.206,,,,,,,,,,,
19-08-2019 14:00,0.221,,,,,,,,,,,
19-08-2019 15:00,0.242,,,,,,,,,,,
19-08-2019 16:00,0.269,,,,,,,,,,,
19-08-2019 17:00,0.299,,,,,,,,,,,
19-08-2019 18:00,0.368,,,,,,,,,,,
19-08-2019 19:00,0.413,,,,,,,,,,,
19-08-2019 20:00,0.305,,,,,,,,,,,
19-08-2019 21:00,0.264,,,,,,,,,,,
19-08-2019 22:00,0.272,,,,,,,,,,,
19-08-2019 23:00,0.242,,,,,,,,,,,
20-08-2019 00:00,0.206,,,,,,,,,,,
20-08-2019 01:00,0.187,,,,,,,,,,,
20-08-2019 02:00,0.157,,,,,,,,,,,
20-08-2019 03:00,0.126,,,,,,,,,,,
20-08-2019 04:00,0.111,,,,,,,,,,,
20-08-2019 05:00,0.111,,,,,,,,,,,
20-08-2019 06:00,0.1,,,,,,,,,,,
20-08-2019 07:00,0.078,,,,,,,,,,,
20-08-2019 08:00,0.041,,,,,,,,,,,
20-08-2019 09:00,0.019,,,,,,,,,,,
20-08-2019 10:00,0.011,,,,,,,,,,,
20-08-2019 11:00,0.006,,,,,,,,,,,
20-08-2019 12:00,0.004,,,,,,,,,,,
20-08-2019 13:00,0.003,,,,,,,,,,,
20-08-2019 14:00,0.003,,,,,,,,,,,
20-08-2019 15:00,0.003,,,,,,,,,,,
20-08-2019 16:00,0.024,,,,,,,,,,,
20-08-2019 17:00,0.159,,,,,,,,,,,
20-08-2019 18:00,0.578,,,,,,,,,,,
20-08-2019 19:00,0.882,,,,,,,,,,,
20-08-2019 20:00,0.927,,,,,,,,,,,
20-08-2019 21:00,0.907,,,,,,,,,,,
20-08-2019 22:00,0.857,,,,,,,,,,,
20-08-2019 23:00,0.805,,,,,,,,,,,
21-08-2019 00:00,0.748,,,,,,,,,,,
21-08-2019 01:00,0.666,,,,,,,,,,,
21-08-2019 02:00,0.576,,,,,,,,,,,
21-08-2019 03:00,0.523,,,,,,,,,,,
21-08-2019 04:00,0.477,,,,,,,,,,,
21-08-2019 05:00,0.466,,,,,,,,,,,
21-08-2019 06:00,0.533,,,,,,,,,,,
21-08-2019 07:00,0.644,,,,,,,,,,,
21-08-2019 08:00,0.573,,,,,,,,,,,
21-08-2019 09:00,0.45,,,,,,,,,,,
21-08-2019 10:00,0.343,,,,,,,,,,,
21-08-2019 11:00,0.242,,,,,,,,,,,
21-08-2019 12:00,0.142,,,,,,,,,,,
21-08-2019 13:00,0.073,,,,,,,,,,,
21-08-2019 14:00,0.055,,,,,,,,,,,
21-08-2019 15:00,0.058,,,,,,,,,,,
21-08-2019 16:00,0.065,,,,,,,,,,,
21-08-2019 17:00,0.092,,,,,,,,,,,
21-08-2019 18:00,0.167,,,,,,,,,,,
21-08-2019 19:00,0.299,,,,,,,,,,,
21-08-2019 20:00,0.386,,,,,,,,,,,
21-08-2019 21:00,0.41,,,,,,,,,,,
21-08-2019 22:00,0.428,,,,,,,,,,,
21-08-2019 23:00,0.418,,,,,,,,,,,
22-08-2019 00:00,0.342,,,,,,,,,,,
22-08-2019 01:00,0.234,,,,,,,,,,,
22-08-2019 02:00,0.143,,,,,,,,,,,
22-08-2019 03:00,0.106,,,,,,,,,,,
22-08-2019 04:00,0.124,,,,,,,,,,,
22-08-2019 05:00,0.174,,,,,,,,,,,
22-08-2019 06:00,0.153,,,,,,,,,,,
22-08-2019 07:00,0.131,,,,,,,,,,,
22-08-2019 08:00,0.126,,,,,,,,,,,
22-08-2019 09:00,0.133,,,,,,,,,,,
22-08-2019 10:00,0.135,,,,,,,,,,,
22-08-2019 11:00,0.126,,,,,,,,,,,
22-08-2019 12:00,0.114,,,,,,,,,,,
22-08-2019 13:00,0.104,,,,,,,,,,,
22-08-2019 14:00,0.099,,,,,,,,,,,
22-08-2019 15:00,0.091,,,,,,,,,,,
22-08-2019 16:00,0.09,,,,,,,,,,,
22-08-2019 17:00,0.102,,,,,,,,,,,
22-08-2019 18:00,0.151,,,,,,,,,,,
22-08-2019 19:00,0.278,,,,,,,,,,,
22-08-2019 20:00,0.432,,,,,,,,,,,
22-08-2019 21:00,0.534,,,,,,,,,,,
22-08-2019 22:00,0.56,,,,,,,,,,,
22-08-2019 23:00,0.538,,,,,,,,,,,
23-08-2019 00:00,0.517,,,,,,,,,,,
23-08-2019 01:00,0.494,,,,,,,,,,,
23-08-2019 02:00,0.47,,,,,,,,,,,
23-08-2019 03:00,0.458,,,,,,,,,,,
23-08-2019 04:00,0.444,,,,,,,,,,,
23-08-2019 05:00,0.432,,,,,,,,,,,
23-08-2019 06:00,0.298,,,,,,,,,,,
23-08-2019 07:00,0.289,,,,,,,,,,,
23-08-2019 08:00,0.349,,,,,,,,,,,
23-08-2019 09:00,0.319,,,,,,,,,,,
23-08-2019 10:00,0.273,,,,,,,,,,,
23-08-2019 11:00,0.243,,,,,,,,,,,
23-08-2019 12:00,0.216,,,,,,,,,,,
23-08-2019 13:00,0.186,,,,,,,,,,,
23-08-2019 14:00,0.163,,,,,,,,,,,
23-08-2019 15:00,0.155,,,,,,,,,,,
23-08-2019 16:00,0.168,,,,,,,,,,,
23-08-2019 17:00,0.207,,,,,,,,,,,
23-08-2019 18:00,0.325,,,,,,,,,,,
23-08-2019 19:00,0.491,,,,,,,,,,,
23-08-2019 20:00,0.59,,,,,,,,,,,
23-08-2019 21:00,0.604,,,,,,,,,,,
23-08-2019 22:00,0.569,,,,,,,,,,,
23-08-2019 23:00,0.51,,,,,,,,,,,
24-08-2019 00:00,0.45,,,,,,,,,,,
24-08-2019 01:00,0.407,,,,,,,,,,,
24-08-2019 02:00,0.375,,,,,,,,,,,
24-08-2019 03:00,0.352,,,,,,,,,,,
24-08-2019 04:00,0.325,,,,,,,,,,,
24-08-2019 05:00,0.294,,,,,,,,,,,
24-08-2019 06:00,0.198,,,,,,,,,,,
24-08-2019 07:00,0.123,,,,,,,,,,,
24-08-2019 08:00,0.13,,,,,,,,,,,
24-08-2019 09:00,0.12,,,,,,,,,,,
24-08-2019 10:00,0.105,,,,,,,,,,,
24-08-2019 11:00,0.086,,,,,,,,,,,
24-08-2019 12:00,0.071,,,,,,,,,,,
24-08-2019 13:00,0.059,,,,,,,,,,,
24-08-2019 14:00,0.052,,,,,,,,,,,
24-08-2019 15:00,0.05,,,,,,,,,,,
24-08-2019 16:00,0.054,,,,,,,,,,,
24-08-2019 17:00,0.058,,,,,,,,,,,
24-08-2019 18:00,0.098,,,,,,,,,,,
24-08-2019 19:00,0.203,,,,,,,,,,,
24-08-2019 20:00,0.42,,,,,,,,,,,
24-08-2019 21:00,0.627,,,,,,,,,,,
24-08-2019 22:00,0.685,,,,,,,,,,,
24-08-2019 23:00,0.629,,,,,,,,,,,
25-08-2019 00:00,0.552,,,,,,,,,,,
25-08-2019 01:00,0.506,,,,,,,,,,,
25-08-2019 02:00,0.476,,,,,,,,,,,
25-08-2019 03:00,0.433,,,,,,,,,,,
25-08-2019 04:00,0.394,,,,,,,,,,,
25-08-2019 05:00,0.358,,,,,,,,,,,
25-08-2019 06:00,0.235,,,,,,,,,,,
25-08-2019 07:00,0.149,,,,,,,,,,,
25-08-2019 08:00,0.159,,,,,,,,,,,
25-08-2019 09:00,0.183,,,,,,,,,,,
25-08-2019 10:00,0.201,,,,,,,,,,,
25-08-2019 11:00,0.227,,,,,,,,,,,
25-08-2019 12:00,0.268,,,,,,,,,,,
25-08-2019 13:00,0.322,,,,,,,,,,,
25-08-2019 14:00,0.391,,,,,,,,,,,
25-08-2019 15:00,0.488,,,,,,,,,,,
25-08-2019 16:00,0.602,,,,,,,,,,,
25-08-2019 17:00,0.725,,,,,,,,,,,
25-08-2019 18:00,0.794,,,,,,,,,,,
25-08-2019 19:00,0.814,,,,,,,,,,,
25-08-2019 20:00,0.785,,,,,,,,,,,
25-08-2019 21:00,0.687,,,,,,,,,,,
25-08-2019 22:00,0.563,,,,,,,,,,,
25-08-2019 23:00,0.473,,,,,,,,,,,
26-08-2019 00:00,0.413,,,,,,,,,,,
26-08-2019 01:00,0.368,,,,,,,,,,,
26-08-2019 02:00,0.362,,,,,,,,,,,
26-08-2019 03:00,0.389,,,,,,,,,,,
26-08-2019 04:00,0.413,,,,,,,,,,,
26-08-2019 05:00,0.38,,,,,,,,,,,
26-08-2019 06:00,0.365,,,,,,,,,,,
26-08-2019 07:00,0.431,,,,,,,,,,,
26-08-2019 08:00,0.434,,,,,,,,,,,
26-08-2019 09:00,0.459,,,,,,,,,,,
26-08-2019 10:00,0.488,,,,,,,,,,,
26-08-2019 11:00,0.501,,,,,,,,,,,
26-08-2019 12:00,0.499,,,,,,,,,,,
26-08-2019 13:00,0.516,,,,,,,,,,,
26-08-2019 14:00,0.536,,,,,,,,,,,
26-08-2019 15:00,0.553,,,,,,,,,,,
26-08-2019 16:00,0.586,,,,,,,,,,,
26-08-2019 17:00,0.586,,,,,,,,,,,
26-08-2019 18:00,0.568,,,,,,,,,,,
26-08-2019 19:00,0.538,,,,,,,,,,,
26-08-2019 20:00,0.528,,,,,,,,,,,
26-08-2019 21:00,0.533,,,,,,,,,,,
26-08-2019 22:00,0.506,,,,,,,,,,,
26-08-2019 23:00,0.373,,,,,,,,,,,
27-08-2019 00:00,0.234,,,,,,,,,,,
27-08-2019 01:00,0.169,,,,,,,,,,,
27-08-2019 02:00,0.111,,,,,,,,,,,
27-08-2019 03:00,0.062,,,,,,,,,,,
27-08-2019 04:00,0.041,,,,,,,,,,,
27-08-2019 05:00,0.034,,,,,,,,,,,
27-08-2019 06:00,0.021,,,,,,,,,,,
27-08-2019 07:00,0.021,,,,,,,,,,,
27-08-2019 08:00,0.037,,,,,,,,,,,
27-08-2019 09:00,0.063,,,,,,,,,,,
27-08-2019 10:00,0.086,,,,,,,,,,,
27-08-2019 11:00,0.103,,,,,,,,,,,
27-08-2019 12:00,0.117,,,,,,,,,,,
27-08-2019 13:00,0.148,,,,,,,,,,,
27-08-2019 14:00,0.199,,,,,,,,,,,
27-08-2019 15:00,0.238,,,,,,,,,,,
27-08-2019 16:00,0.245,,,,,,,,,,,
27-08-2019 17:00,0.215,,,,,,,,,,,
27-08-2019 18:00,0.164,,,,,,,,,,,
27-08-2019 19:00,0.11,,,,,,,,,,,
27-08-2019 20:00,0.055,,,,,,,,,,,
27-08-2019 21:00,0.019,,,,,,,,,,,
27-08-2019 22:00,0.013,,,,,,,,,,,
27-08-2019 23:00,0.029,,,,,,,,,,,
28-08-2019 00:00,0.051,,,,,,,,,,,
28-08-2019 01:00,0.067,,,,,,,,,,,
28-08-2019 02:00,0.071,,,,,,,,,,,
28-08-2019 03:00,0.057,,,,,,,,,,,
28-08-2019 04:00,0.036,,,,,,,,,,,
28-08-2019 05:00,0.022,,,,,,,,,,,
28-08-2019 06:00,0.016,,,,,,,,,,,
28-08-2019 07:00,0.004,,,,,,,,,,,
28-08-2019 08:00,0.013,,,,,,,,,,,
28-08-2019 09:00,0.016,,,,,,,,,,,
28-08-2019 10:00,0.012,,,,,,,,,,,
28-08-2019 11:00,0.01,,,,,,,,,,,
28-08-2019 12:00,0.008,,,,,,,,,,,
28-08-2019 13:00,0.007,,,,,,,,,,,
28-08-2019 14:00,0.01,,,,,,,,,,,
28-08-2019 15:00,0.016,,,,,,,,,,,
28-08-2019 16:00,0.024,,,,,,,,,,,
28-08-2019 17:00,0.035,,,,,,,,,,,
28-08-2019 18:00,0.067,,,,,,,,,,,
28-08-2019 19:00,0.082,,,,,,,,,,,
28-08-2019 20:00,0.082,,,,,,,,,,,
28-08-2019 21:00,0.105,,,,,,,,,,,
28-08-2019 22:00,0.178,,,,,,,,,,,
28-08-2019 23:00,0.259,,,,,,,,,,,
29-08-2019 00:00,0.3,,,,,,,,,,,
29-08-2019 01:00,0.306,,,,,,,,,,,
29-08-2019 02:00,0.284,,,,,,,,,,,
29-08-2019 03:00,0.254,,,,,,,,,,,
29-08-2019 04:00,0.237,,,,,,,,,,,
29-08-2019 05:00,0.231,,,,,,,,,,,
29-08-2019 06:00,0.199,,,,,,,,,,,
29-08-2019 07:00,0.122,,,,,,,,,,,
29-08-2019 08:00,0.074,,,,,,,,,,,
29-08-2019 09:00,0.064,,,,,,,,,,,
29-08-2019 10:00,0.033,,,,,,,,,,,
29-08-2019 11:00,0.01,,,,,,,,,,,
29-08-2019 12:00,0.003,,,,,,,,,,,
29-08-2019 13:00,0.002,,,,,,,,,,,
29-08-2019 14:00,0.004,,,,,,,,,,,
29-08-2019 15:00,0.01,,,,,,,,,,,
29-08-2019 16:00,0.019,,,,,,,,,,,
29-08-2019 17:00,0.041,,,,,,,,,,,
29-08-2019 18:00,0.119,,,,,,,,,,,
29-08-2019 19:00,0.231,,,,,,,,,,,
29-08-2019 20:00,0.345,,,,,,,,,,,
29-08-2019 21:00,0.415,,,,,,,,,,,
29-08-2019 22:00,0.42,,,,,,,,,,,
29-08-2019 23:00,0.392,,,,,,,,,,,
30-08-2019 00:00,0.355,,,,,,,,,,,
30-08-2019 01:00,0.314,,,,,,,,,,,
30-08-2019 02:00,0.285,,,,,,,,,,,
30-08-2019 03:00,0.257,,,,,,,,,,,
30-08-2019 04:00,0.225,,,,,,,,,,,
30-08-2019 05:00,0.187,,,,,,,,,,,
30-08-2019 06:00,0.136,,,,,,,,,,,
30-08-2019 07:00,0.058,,,,,,,,,,,
30-08-2019 08:00,0.023,,,,,,,,,,,
30-08-2019 09:00,0.01,,,,,,,,,,,
30-08-2019 10:00,0.008,,,,,,,,,,,
30-08-2019 11:00,0.006,,,,,,,,,,,
30-08-2019 12:00,0.007,,,,,,,,,,,
30-08-2019 13:00,0.014,,,,,,,,,,,
30-08-2019 14:00,0.026,,,,,,,,,,,
30-08-2019 15:00,0.047,,,,,,,,,,,
30-08-2019 16:00,0.078,,,,,,,,,,,
30-08-2019 17:00,0.134,,,,,,,,,,,
30-08-2019 18:00,0.27,,,,,,,,,,,
30-08-2019 19:00,0.416,,,,,,,,,,,
30-08-2019 20:00,0.473,,,,,,,,,,,
30-08-2019 21:00,0.438,,,,,,,,,,,
30-08-2019 22:00,0.349,,,,,,,,,,,
30-08-2019 23:00,0.254,,,,,,,,,,,
31-08-2019 00:00,0.172,,,,,,,,,,,
31-08-2019 01:00,0.111,,,,,,,,,,,
31-08-2019 02:00,0.072,,,,,,,,,,,
31-08-2019 03:00,0.058,,,,,,,,,,,
31-08-2019 04:00,0.063,,,,,,,,,,,
31-08-2019 05:00,0.078,,,,,,,,,,,
31-08-2019 06:00,0.078,,,,,,,,,,,
31-08-2019 07:00,0.032,,,,,,,,,,,
31-08-2019 08:00,0.01,,,,,,,,,,,
31-08-2019 09:00,0.005,,,,,,,,,,,
31-08-2019 10:00,0.002,,,,,,,,,,,
31-08-2019 11:00,0.001,,,,,,,,,,,
31-08-2019 12:00,0.001,,,,,,,,,,,
31-08-2019 13:00,0.001,,,,,,,,,,,
31-08-2019 14:00,0.005,,,,,,,,,,,
31-08-2019 15:00,0.009,,,,,,,,,,,
31-08-2019 16:00,0.011,,,,,,,,,,,
31-08-2019 17:00,0.012,,,,,,,,,,,
31-08-2019 18:00,0.022,,,,,,,,,,,
31-08-2019 19:00,0.045,,,,,,,,,,,
31-08-2019 20:00,0.091,,,,,,,,,,,
31-08-2019 21:00,0.161,,,,,,,,,,,
31-08-2019 22:00,0.223,,,,,,,,,,,
31-08-2019 23:00,0.252,,,,,,,,,,,
01-09-2019 00:00,0.253,,,,,,,,,,,
01-09-2019 01:00,0.244,,,,,,,,,,,
01-09-2019 02:00,0.232,,,,,,,,,,,
01-09-2019 03:00,0.231,,,,,,,,,,,
01-09-2019 04:00,0.228,,,,,,,,,,,
01-09-2019 05:00,0.213,,,,,,,,,,,
01-09-2019 06:00,0.186,,,,,,,,,,,
01-09-2019 07:00,0.117,,,,,,,,,,,
01-09-2019 08:00,0.08,,,,,,,,,,,
01-09-2019 09:00,0.037,,,,,,,,,,,
01-09-2019 10:00,0.035,,,,,,,,,,,
01-09-2019 11:00,0.042,,,,,,,,,,,
01-09-2019 12:00,0.052,,,,,,,,,,,
01-09-2019 13:00,0.065,,,,,,,,,,,
01-09-2019 14:00,0.079,,,,,,,,,,,
01-09-2019 15:00,0.083,,,,,,,,,,,
01-09-2019 16:00,0.078,,,,,,,,,,,
01-09-2019 17:00,0.087,,,,,,,,,,,
01-09-2019 18:00,0.125,,,,,,,,,,,
01-09-2019 19:00,0.185,,,,,,,,,,,
01-09-2019 20:00,0.266,,,,,,,,,,,
01-09-2019 21:00,0.367,,,,,,,,,,,
01-09-2019 22:00,0.458,,,,,,,,,,,
01-09-2019 23:00,0.502,,,,,,,,,,,
02-09-2019 00:00,0.534,,,,,,,,,,,
02-09-2019 01:00,0.556,,,,,,,,,,,
02-09-2019 02:00,0.544,,,,,,,,,,,
02-09-2019 03:00,0.541,,,,,,,,,,,
02-09-2019 04:00,0.55,,,,,,,,,,,
02-09-2019 05:00,0.538,,,,,,,,,,,
02-09-2019 06:00,0.62,,,,,,,,,,,
02-09-2019 07:00,0.693,,,,,,,,,,,
02-09-2019 08:00,0.58,,,,,,,,,,,
02-09-2019 09:00,0.404,,,,,,,,,,,
02-09-2019 10:00,0.252,,,,,,,,,,,
02-09-2019 11:00,0.145,,,,,,,,,,,
02-09-2019 12:00,0.075,,,,,,,,,,,
02-09-2019 13:00,0.036,,,,,,,,,,,
02-09-2019 14:00,0.018,,,,,,,,,,,
02-09-2019 15:00,0.006,,,,,,,,,,,
02-09-2019 16:00,0.021,,,,,,,,,,,
02-09-2019 17:00,0.069,,,,,,,,,,,
02-09-2019 18:00,0.218,,,,,,,,,,,
02-09-2019 19:00,0.378,,,,,,,,,,,
02-09-2019 20:00,0.415,,,,,,,,,,,
02-09-2019 21:00,0.406,,,,,,,,,,,
02-09-2019 22:00,0.381,,,,,,,,,,,
02-09-2019 23:00,0.364,,,,,,,,,,,
03-09-2019 00:00,0.376,,,,,,,,,,,
03-09-2019 01:00,0.381,,,,,,,,,,,
03-09-2019 02:00,0.362,,,,,,,,,,,
03-09-2019 03:00,0.325,,,,,,,,,,,
03-09-2019 04:00,0.289,,,,,,,,,,,
03-09-2019 05:00,0.259,,,,,,,,,,,
03-09-2019 06:00,0.21,,,,,,,,,,,
03-09-2019 07:00,0.152,,,,,,,,,,,
03-09-2019 08:00,0.09,,,,,,,,,,,
03-09-2019 09:00,0.034,,,,,,,,,,,
03-09-2019 10:00,0.028,,,,,,,,,,,
03-09-2019 11:00,0.05,,,,,,,,,,,
03-09-2019 12:00,0.068,,,,,,,,,,,
03-09-2019 13:00,0.082,,,,,,,,,,,
03-09-2019 14:00,0.09,,,,,,,,,,,
03-09-2019 15:00,0.1,,,,,,,,,,,
03-09-2019 16:00,0.099,,,,,,,,,,,
03-09-2019 17:00,0.095,,,,,,,,,,,
03-09-2019 18:00,0.111,,,,,,,,,,,
03-09-2019 19:00,0.112,,,,,,,,,,,
03-09-2019 20:00,0.132,,,,,,,,,,,
03-09-2019 21:00,0.179,,,,,,,,,,,
03-09-2019 22:00,0.239,,,,,,,,,,,
03-09-2019 23:00,0.272,,,,,,,,,,,
04-09-2019 00:00,0.272,,,,,,,,,,,
04-09-2019 01:00,0.264,,,,,,,,,,,
04-09-2019 02:00,0.254,,,,,,,,,,,
04-09-2019 03:00,0.243,,,,,,,,,,,
04-09-2019 04:00,0.218,,,,,,,,,,,
04-09-2019 05:00,0.186,,,,,,,,,,,
04-09-2019 06:00,0.132,,,,,,,,,,,
04-09-2019 07:00,0.064,,,,,,,,,,,
04-09-2019 08:00,0.025,,,,,,,,,,,
04-09-2019 09:00,0.017,,,,,,,,,,,
04-09-2019 10:00,0.031,,,,,,,,,,,
04-09-2019 11:00,0.039,,,,,,,,,,,
04-09-2019 12:00,0.052,,,,,,,,,,,
04-09-2019 13:00,0.067,,,,,,,,,,,
04-09-2019 14:00,0.085,,,,,,,,,,,
04-09-2019 15:00,0.112,,,,,,,,,,,
04-09-2019 16:00,0.138,,,,,,,,,,,
04-09-2019 17:00,0.178,,,,,,,,,,,
04-09-2019 18:00,0.271,,,,,,,,,,,
04-09-2019 19:00,0.309,,,,,,,,,,,
04-09-2019 20:00,0.294,,,,,,,,,,,
04-09-2019 21:00,0.334,,,,,,,,,,,
04-09-2019 22:00,0.481,,,,,,,,,,,
04-09-2019 23:00,0.624,,,,,,,,,,,
05-09-2019 00:00,0.703,,,,,,,,,,,
05-09-2019 01:00,0.673,,,,,,,,,,,
05-09-2019 02:00,0.605,,,,,,,,,,,
05-09-2019 03:00,0.566,,,,,,,,,,,
05-09-2019 04:00,0.55,,,,,,,,,,,
05-09-2019 05:00,0.544,,,,,,,,,,,
05-09-2019 06:00,0.556,,,,,,,,,,,
05-09-2019 07:00,0.638,,,,,,,,,,,
05-09-2019 08:00,0.59,,,,,,,,,,,
05-09-2019 09:00,0.457,,,,,,,,,,,
05-09-2019 10:00,0.325,,,,,,,,,,,
05-09-2019 11:00,0.226,,,,,,,,,,,
05-09-2019 12:00,0.163,,,,,,,,,,,
05-09-2019 13:00,0.14,,,,,,,,,,,
05-09-2019 14:00,0.169,,,,,,,,,,,
05-09-2019 15:00,0.246,,,,,,,,,,,
05-09-2019 16:00,0.345,,,,,,,,,,,
05-09-2019 17:00,0.437,,,,,,,,,,,
05-09-2019 18:00,0.58,,,,,,,,,,,
05-09-2019 19:00,0.686,,,,,,,,,,,
05-09-2019 20:00,0.696,,,,,,,,,,,
05-09-2019 21:00,0.691,,,,,,,,,,,
05-09-2019 22:00,0.644,,,,,,,,,,,
05-09-2019 23:00,0.606,,,,,,,,,,,
06-09-2019 00:00,0.559,,,,,,,,,,,
06-09-2019 01:00,0.491,,,,,,,,,,,
06-09-2019 02:00,0.444,,,,,,,,,,,
06-09-2019 03:00,0.398,,,,,,,,,,,
06-09-2019 04:00,0.348,,,,,,,,,,,
06-09-2019 05:00,0.312,,,,,,,,,,,
06-09-2019 06:00,0.251,,,,,,,,,,,
06-09-2019 07:00,0.201,,,,,,,,,,,
06-09-2019 08:00,0.125,,,,,,,,,,,
06-09-2019 09:00,0.052,,,,,,,,,,,
06-09-2019 10:00,0.016,,,,,,,,,,,
06-09-2019 11:00,0.004,,,,,,,,,,,
06-09-2019 12:00,0.004,,,,,,,,,,,
06-09-2019 13:00,0.012,,,,,,,,,,,
06-09-2019 14:00,0.02,,,,,,,,,,,
06-09-2019 15:00,0.032,,,,,,,,,,,
06-09-2019 16:00,0.084,,,,,,,,,,,
06-09-2019 17:00,0.149,,,,,,,,,,,
06-09-2019 18:00,0.339,,,,,,,,,,,
06-09-2019 19:00,0.476,,,,,,,,,,,
06-09-2019 20:00,0.527,,,,,,,,,,,
06-09-2019 21:00,0.628,,,,,,,,,,,
06-09-2019 22:00,0.661,,,,,,,,,,,
06-09-2019 23:00,0.633,,,,,,,,,,,
07-09-2019 00:00,0.607,,,,,,,,,,,
07-09-2019 01:00,0.591,,,,,,,,,,,
07-09-2019 02:00,0.558,,,,,,,,,,,
07-09-2019 03:00,0.528,,,,,,,,,,,
07-09-2019 04:00,0.502,,,,,,,,,,,
07-09-2019 05:00,0.489,,,,,,,,,,,
07-09-2019 06:00,0.444,,,,,,,,,,,
07-09-2019 07:00,0.466,,,,,,,,,,,
07-09-2019 08:00,0.348,,,,,,,,,,,
07-09-2019 09:00,0.207,,,,,,,,,,,
07-09-2019 10:00,0.118,,,,,,,,,,,
07-09-2019 11:00,0.067,,,,,,,,,,,
07-09-2019 12:00,0.041,,,,,,,,,,,
07-09-2019 13:00,0.025,,,,,,,,,,,
07-09-2019 14:00,0.016,,,,,,,,,,,
07-09-2019 15:00,0.018,,,,,,,,,,,
07-09-2019 16:00,0.044,,,,,,,,,,,
07-09-2019 17:00,0.154,,,,,,,,,,,
07-09-2019 18:00,0.494,,,,,,,,,,,
07-09-2019 19:00,0.746,,,,,,,,,,,
07-09-2019 20:00,0.797,,,,,,,,,,,
07-09-2019 21:00,0.765,,,,,,,,,,,
07-09-2019 22:00,0.715,,,,,,,,,,,
07-09-2019 23:00,0.648,,,,,,,,,,,
08-09-2019 00:00,0.559,,,,,,,,,,,
08-09-2019 01:00,0.49,,,,,,,,,,,
08-09-2019 02:00,0.457,,,,,,,,,,,
08-09-2019 03:00,0.397,,,,,,,,,,,
08-09-2019 04:00,0.337,,,,,,,,,,,
08-09-2019 05:00,0.291,,,,,,,,,,,
08-09-2019 06:00,0.218,,,,,,,,,,,
08-09-2019 07:00,0.132,,,,,,,,,,,
08-09-2019 08:00,0.062,,,,,,,,,,,
08-09-2019 09:00,0.039,,,,,,,,,,,
08-09-2019 10:00,0.033,,,,,,,,,,,
08-09-2019 11:00,0.026,,,,,,,,,,,
08-09-2019 12:00,0.022,,,,,,,,,,,
08-09-2019 13:00,0.022,,,,,,,,,,,
08-09-2019 14:00,0.023,,,,,,,,,,,
08-09-2019 15:00,0.021,,,,,,,,,,,
08-09-2019 16:00,0.023,,,,,,,,,,,
08-09-2019 17:00,0.034,,,,,,,,,,,
08-09-2019 18:00,0.077,,,,,,,,,,,
08-09-2019 19:00,0.142,,,,,,,,,,,
08-09-2019 20:00,0.216,,,,,,,,,,,
08-09-2019 21:00,0.279,,,,,,,,,,,
08-09-2019 22:00,0.325,,,,,,,,,,,
08-09-2019 23:00,0.356,,,,,,,,,,,
09-09-2019 00:00,0.376,,,,,,,,,,,
09-09-2019 01:00,0.388,,,,,,,,,,,
09-09-2019 02:00,0.382,,,,,,,,,,,
09-09-2019 03:00,0.39,,,,,,,,,,,
09-09-2019 04:00,0.397,,,,,,,,,,,
09-09-2019 05:00,0.391,,,,,,,,,,,
09-09-2019 06:00,0.34,,,,,,,,,,,
09-09-2019 07:00,0.261,,,,,,,,,,,
09-09-2019 08:00,0.288,,,,,,,,,,,
09-09-2019 09:00,0.352,,,,,,,,,,,
09-09-2019 10:00,0.385,,,,,,,,,,,
09-09-2019 11:00,0.461,,,,,,,,,,,
09-09-2019 12:00,0.564,,,,,,,,,,,
09-09-2019 13:00,0.669,,,,,,,,,,,
09-09-2019 14:00,0.75,,,,,,,,,,,
09-09-2019 15:00,0.795,,,,,,,,,,,
09-09-2019 16:00,0.809,,,,,,,,,,,
09-09-2019 17:00,0.758,,,,,,,,,,,
09-09-2019 18:00,0.731,,,,,,,,,,,
09-09-2019 19:00,0.742,,,,,,,,,,,
09-09-2019 20:00,0.741,,,,,,,,,,,
09-09-2019 21:00,0.744,,,,,,,,,,,
09-09-2019 22:00,0.737,,,,,,,,,,,
09-09-2019 23:00,0.744,,,,,,,,,,,
10-09-2019 00:00,0.739,,,,,,,,,,,
10-09-2019 01:00,0.73,,,,,,,,,,,
10-09-2019 02:00,0.703,,,,,,,,,,,
10-09-2019 03:00,0.681,,,,,,,,,,,
10-09-2019 04:00,0.635,,,,,,,,,,,
10-09-2019 05:00,0.624,,,,,,,,,,,
10-09-2019 06:00,0.636,,,,,,,,,,,
10-09-2019 07:00,0.857,,,,,,,,,,,
10-09-2019 08:00,0.885,,,,,,,,,,,
10-09-2019 09:00,0.871,,,,,,,,,,,
10-09-2019 10:00,0.839,,,,,,,,,,,
10-09-2019 11:00,0.82,,,,,,,,,,,
10-09-2019 12:00,0.822,,,,,,,,,,,
10-09-2019 13:00,0.822,,,,,,,,,,,
10-09-2019 14:00,0.844,,,,,,,,,,,
10-09-2019 15:00,0.884,,,,,,,,,,,
10-09-2019 16:00,0.905,,,,,,,,,,,
10-09-2019 17:00,0.887,,,,,,,,,,,
10-09-2019 18:00,0.82,,,,,,,,,,,
10-09-2019 19:00,0.781,,,,,,,,,,,
10-09-2019 20:00,0.755,,,,,,,,,,,
10-09-2019 21:00,0.739,,,,,,,,,,,
10-09-2019 22:00,0.71,,,,,,,,,,,
10-09-2019 23:00,0.675,,,,,,,,,,,
11-09-2019 00:00,0.629,,,,,,,,,,,
11-09-2019 01:00,0.568,,,,,,,,,,,
11-09-2019 02:00,0.55,,,,,,,,,,,
11-09-2019 03:00,0.547,,,,,,,,,,,
11-09-2019 04:00,0.54,,,,,,,,,,,
11-09-2019 05:00,0.62,,,,,,,,,,,
11-09-2019 06:00,0.72,,,,,,,,,,,
11-09-2019 07:00,0.905,,,,,,,,,,,
11-09-2019 08:00,0.967,,,,,,,,,,,
11-09-2019 09:00,0.978,,,,,,,,,,,
11-09-2019 10:00,0.979,,,,,,,,,,,
11-09-2019 11:00,0.972,,,,,,,,,,,
11-09-2019 12:00,0.965,,,,,,,,,,,
11-09-2019 13:00,0.958,,,,,,,,,,,
11-09-2019 14:00,0.946,,,,,,,,,,,
11-09-2019 15:00,0.931,,,,,,,,,,,
11-09-2019 16:00,0.91,,,,,,,,,,,
11-09-2019 17:00,0.865,,,,,,,,,,,
11-09-2019 18:00,0.767,,,,,,,,,,,
11-09-2019 19:00,0.672,,,,,,,,,,,
11-09-2019 20:00,0.583,,,,,,,,,,,
11-09-2019 21:00,0.485,,,,,,,,,,,
11-09-2019 22:00,0.432,,,,,,,,,,,
11-09-2019 23:00,0.472,,,,,,,,,,,
12-09-2019 00:00,0.524,,,,,,,,,,,
12-09-2019 01:00,0.568,,,,,,,,,,,
12-09-2019 02:00,0.594,,,,,,,,,,,
12-09-2019 03:00,0.648,,,,,,,,,,,
12-09-2019 04:00,0.729,,,,,,,,,,,
12-09-2019 05:00,0.867,,,,,,,,,,,
12-09-2019 06:00,0.934,,,,,,,,,,,
12-09-2019 07:00,0.976,,,,,,,,,,,
12-09-2019 08:00,0.986,,,,,,,,,,,
12-09-2019 09:00,0.985,,,,,,,,,,,
12-09-2019 10:00,0.987,,,,,,,,,,,
12-09-2019 11:00,0.988,,,,,,,,,,,
12-09-2019 12:00,0.985,,,,,,,,,,,
12-09-2019 13:00,0.975,,,,,,,,,,,
12-09-2019 14:00,0.957,,,,,,,,,,,
12-09-2019 15:00,0.941,,,,,,,,,,,
12-09-2019 16:00,0.927,,,,,,,,,,,
12-09-2019 17:00,0.888,,,,,,,,,,,
12-09-2019 18:00,0.831,,,,,,,,,,,
12-09-2019 19:00,0.77,,,,,,,,,,,
12-09-2019 20:00,0.724,,,,,,,,,,,
12-09-2019 21:00,0.684,,,,,,,,,,,
12-09-2019 22:00,0.665,,,,,,,,,,,
12-09-2019 23:00,0.635,,,,,,,,,,,
13-09-2019 00:00,0.637,,,,,,,,,,,
13-09-2019 01:00,0.679,,,,,,,,,,,
13-09-2019 02:00,0.714,,,,,,,,,,,
13-09-2019 03:00,0.75,,,,,,,,,,,
13-09-2019 04:00,0.779,,,,,,,,,,,
13-09-2019 05:00,0.847,,,,,,,,,,,
13-09-2019 06:00,0.916,,,,,,,,,,,
13-09-2019 07:00,0.93,,,,,,,,,,,
13-09-2019 08:00,0.969,,,,,,,,,,,
13-09-2019 09:00,0.972,,,,,,,,,,,
13-09-2019 10:00,0.964,,,,,,,,,,,
13-09-2019 11:00,0.968,,,,,,,,,,,
13-09-2019 12:00,0.984,,,,,,,,,,,
13-09-2019 13:00,0.982,,,,,,,,,,,
13-09-2019 14:00,0.975,,,,,,,,,,,
13-09-2019 15:00,0.964,,,,,,,,,,,
13-09-2019 16:00,0.93,,,,,,,,,,,
13-09-2019 17:00,0.877,,,,,,,,,,,
13-09-2019 18:00,0.878,,,,,,,,,,,
13-09-2019 19:00,0.906,,,,,,,,,,,
13-09-2019 20:00,0.9,,,,,,,,,,,
13-09-2019 21:00,0.866,,,,,,,,,,,
13-09-2019 22:00,0.804,,,,,,,,,,,
13-09-2019 23:00,0.693,,,,,,,,,,,
14-09-2019 00:00,0.565,,,,,,,,,,,
14-09-2019 01:00,0.679,,,,,,,,,,,
14-09-2019 02:00,0.729,,,,,,,,,,,
14-09-2019 03:00,0.726,,,,,,,,,,,
14-09-2019 04:00,0.737,,,,,,,,,,,
14-09-2019 05:00,0.716,,,,,,,,,,,
14-09-2019 06:00,0.695,,,,,,,,,,,
14-09-2019 07:00,0.653,,,,,,,,,,,
14-09-2019 08:00,0.702,,,,,,,,,,,
14-09-2019 09:00,0.836,,,,,,,,,,,
14-09-2019 10:00,0.844,,,,,,,,,,,
14-09-2019 11:00,0.814,,,,,,,,,,,
14-09-2019 12:00,0.799,,,,,,,,,,,
14-09-2019 13:00,0.788,,,,,,,,,,,
14-09-2019 14:00,0.778,,,,,,,,,,,
14-09-2019 15:00,0.753,,,,,,,,,,,
14-09-2019 16:00,0.716,,,,,,,,,,,
14-09-2019 17:00,0.648,,,,,,,,,,,
14-09-2019 18:00,0.618,,,,,,,,,,,
14-09-2019 19:00,0.638,,,,,,,,,,,
14-09-2019 20:00,0.632,,,,,,,,,,,
14-09-2019 21:00,0.603,,,,,,,,,,,
14-09-2019 22:00,0.601,,,,,,,,,,,
14-09-2019 23:00,0.59,,,,,,,,,,,
15-09-2019 00:00,0.568,,,,,,,,,,,
15-09-2019 01:00,0.526,,,,,,,,,,,
15-09-2019 02:00,0.497,,,,,,,,,,,
15-09-2019 03:00,0.498,,,,,,,,,,,
15-09-2019 04:00,0.468,,,,,,,,,,,
15-09-2019 05:00,0.466,,,,,,,,,,,
15-09-2019 06:00,0.43,,,,,,,,,,,
15-09-2019 07:00,0.444,,,,,,,,,,,
15-09-2019 08:00,0.575,,,,,,,,,,,
15-09-2019 09:00,0.496,,,,,,,,,,,
15-09-2019 10:00,0.388,,,,,,,,,,,
15-09-2019 11:00,0.3,,,,,,,,,,,
15-09-2019 12:00,0.238,,,,,,,,,,,
15-09-2019 13:00,0.193,,,,,,,,,,,
15-09-2019 14:00,0.143,,,,,,,,,,,
15-09-2019 15:00,0.101,,,,,,,,,,,
15-09-2019 16:00,0.071,,,,,,,,,,,
15-09-2019 17:00,0.057,,,,,,,,,,,
15-09-2019 18:00,0.08,,,,,,,,,,,
15-09-2019 19:00,0.12,,,,,,,,,,,
15-09-2019 20:00,0.138,,,,,,,,,,,
15-09-2019 21:00,0.133,,,,,,,,,,,
15-09-2019 22:00,0.126,,,,,,,,,,,
15-09-2019 23:00,0.118,,,,,,,,,,,
16-09-2019 00:00,0.097,,,,,,,,,,,
16-09-2019 01:00,0.076,,,,,,,,,,,
16-09-2019 02:00,0.06,,,,,,,,,,,
16-09-2019 03:00,0.05,,,,,,,,,,,
16-09-2019 04:00,0.046,,,,,,,,,,,
16-09-2019 05:00,0.048,,,,,,,,,,,
16-09-2019 06:00,0.055,,,,,,,,,,,
16-09-2019 07:00,0.034,,,,,,,,,,,
16-09-2019 08:00,0.013,,,,,,,,,,,
16-09-2019 09:00,0.014,,,,,,,,,,,
16-09-2019 10:00,0.014,,,,,,,,,,,
16-09-2019 11:00,0.014,,,,,,,,,,,
16-09-2019 12:00,0.017,,,,,,,,,,,
16-09-2019 13:00,0.025,,,,,,,,,,,
16-09-2019 14:00,0.033,,,,,,,,,,,
16-09-2019 15:00,0.035,,,,,,,,,,,
16-09-2019 16:00,0.033,,,,,,,,,,,
16-09-2019 17:00,0.037,,,,,,,,,,,
16-09-2019 18:00,0.053,,,,,,,,,,,
16-09-2019 19:00,0.062,,,,,,,,,,,
16-09-2019 20:00,0.067,,,,,,,,,,,
16-09-2019 21:00,0.072,,,,,,,,,,,
16-09-2019 22:00,0.077,,,,,,,,,,,
16-09-2019 23:00,0.071,,,,,,,,,,,
17-09-2019 00:00,0.063,,,,,,,,,,,
17-09-2019 01:00,0.059,,,,,,,,,,,
17-09-2019 02:00,0.048,,,,,,,,,,,
17-09-2019 03:00,0.041,,,,,,,,,,,
17-09-2019 04:00,0.043,,,,,,,,,,,
17-09-2019 05:00,0.059,,,,,,,,,,,
17-09-2019 06:00,0.078,,,,,,,,,,,
17-09-2019 07:00,0.072,,,,,,,,,,,
17-09-2019 08:00,0.077,,,,,,,,,,,
17-09-2019 09:00,0.101,,,,,,,,,,,
17-09-2019 10:00,0.071,,,,,,,,,,,
17-09-2019 11:00,0.033,,,,,,,,,,,
17-09-2019 12:00,0.016,,,,,,,,,,,
17-09-2019 13:00,0.01,,,,,,,,,,,
17-09-2019 14:00,0.007,,,,,,,,,,,
17-09-2019 15:00,0.01,,,,,,,,,,,
17-09-2019 16:00,0.02,,,,,,,,,,,
17-09-2019 17:00,0.047,,,,,,,,,,,
17-09-2019 18:00,0.096,,,,,,,,,,,
17-09-2019 19:00,0.135,,,,,,,,,,,
17-09-2019 20:00,0.137,,,,,,,,,,,
17-09-2019 21:00,0.112,,,,,,,,,,,
17-09-2019 22:00,0.091,,,,,,,,,,,
17-09-2019 23:00,0.065,,,,,,,,,,,
18-09-2019 00:00,0.036,,,,,,,,,,,
18-09-2019 01:00,0.021,,,,,,,,,,,
18-09-2019 02:00,0.014,,,,,,,,,,,
18-09-2019 03:00,0.021,,,,,,,,,,,
18-09-2019 04:00,0.03,,,,,,,,,,,
18-09-2019 05:00,0.036,,,,,,,,,,,
18-09-2019 06:00,0.041,,,,,,,,,,,
18-09-2019 07:00,0.028,,,,,,,,,,,
18-09-2019 08:00,0.03,,,,,,,,,,,
18-09-2019 09:00,0.035,,,,,,,,,,,
18-09-2019 10:00,0.034,,,,,,,,,,,
18-09-2019 11:00,0.027,,,,,,,,,,,
18-09-2019 12:00,0.02,,,,,,,,,,,
18-09-2019 13:00,0.016,,,,,,,,,,,
18-09-2019 14:00,0.014,,,,,,,,,,,
18-09-2019 15:00,0.013,,,,,,,,,,,
18-09-2019 16:00,0.008,,,,,,,,,,,
18-09-2019 17:00,0.005,,,,,,,,,,,
18-09-2019 18:00,0.006,,,,,,,,,,,
18-09-2019 19:00,0.025,,,,,,,,,,,
18-09-2019 20:00,0.068,,,,,,,,,,,
18-09-2019 21:00,0.124,,,,,,,,,,,
18-09-2019 22:00,0.156,,,,,,,,,,,
18-09-2019 23:00,0.157,,,,,,,,,,,
19-09-2019 00:00,0.139,,,,,,,,,,,
19-09-2019 01:00,0.123,,,,,,,,,,,
19-09-2019 02:00,0.117,,,,,,,,,,,
19-09-2019 03:00,0.113,,,,,,,,,,,
19-09-2019 04:00,0.121,,,,,,,,,,,
19-09-2019 05:00,0.14,,,,,,,,,,,
19-09-2019 06:00,0.149,,,,,,,,,,,
19-09-2019 07:00,0.086,,,,,,,,,,,
19-09-2019 08:00,0.077,,,,,,,,,,,
19-09-2019 09:00,0.085,,,,,,,,,,,
19-09-2019 10:00,0.074,,,,,,,,,,,
19-09-2019 11:00,0.059,,,,,,,,,,,
19-09-2019 12:00,0.051,,,,,,,,,,,
19-09-2019 13:00,0.046,,,,,,,,,,,
19-09-2019 14:00,0.041,,,,,,,,,,,
19-09-2019 15:00,0.034,,,,,,,,,,,
19-09-2019 16:00,0.029,,,,,,,,,,,
19-09-2019 17:00,0.051,,,,,,,,,,,
19-09-2019 18:00,0.139,,,,,,,,,,,
19-09-2019 19:00,0.236,,,,,,,,,,,
19-09-2019 20:00,0.323,,,,,,,,,,,
19-09-2019 21:00,0.421,,,,,,,,,,,
19-09-2019 22:00,0.481,,,,,,,,,,,
19-09-2019 23:00,0.495,,,,,,,,,,,
20-09-2019 00:00,0.473,,,,,,,,,,,
20-09-2019 01:00,0.46,,,,,,,,,,,
20-09-2019 02:00,0.453,,,,,,,,,,,
20-09-2019 03:00,0.419,,,,,,,,,,,
20-09-2019 04:00,0.379,,,,,,,,,,,
20-09-2019 05:00,0.362,,,,,,,,,,,
20-09-2019 06:00,0.341,,,,,,,,,,,
20-09-2019 07:00,0.355,,,,,,,,,,,
20-09-2019 08:00,0.343,,,,,,,,,,,
20-09-2019 09:00,0.337,,,,,,,,,,,
20-09-2019 10:00,0.382,,,,,,,,,,,
20-09-2019 11:00,0.454,,,,,,,,,,,
20-09-2019 12:00,0.505,,,,,,,,,,,
20-09-2019 13:00,0.501,,,,,,,,,,,
20-09-2019 14:00,0.466,,,,,,,,,,,
20-09-2019 15:00,0.439,,,,,,,,,,,
20-09-2019 16:00,0.397,,,,,,,,,,,
20-09-2019 17:00,0.361,,,,,,,,,,,
20-09-2019 18:00,0.361,,,,,,,,,,,
20-09-2019 19:00,0.295,,,,,,,,,,,
20-09-2019 20:00,0.266,,,,,,,,,,,
20-09-2019 21:00,0.291,,,,,,,,,,,
20-09-2019 22:00,0.374,,,,,,,,,,,
20-09-2019 23:00,0.414,,,,,,,,,,,
21-09-2019 00:00,0.389,,,,,,,,,,,
21-09-2019 01:00,0.325,,,,,,,,,,,
21-09-2019 02:00,0.227,,,,,,,,,,,
21-09-2019 03:00,0.153,,,,,,,,,,,
21-09-2019 04:00,0.115,,,,,,,,,,,
21-09-2019 05:00,0.121,,,,,,,,,,,
21-09-2019 06:00,0.122,,,,,,,,,,,
21-09-2019 07:00,0.093,,,,,,,,,,,
21-09-2019 08:00,0.108,,,,,,,,,,,
21-09-2019 09:00,0.136,,,,,,,,,,,
21-09-2019 10:00,0.195,,,,,,,,,,,
21-09-2019 11:00,0.286,,,,,,,,,,,
21-09-2019 12:00,0.435,,,,,,,,,,,
21-09-2019 13:00,0.571,,,,,,,,,,,
21-09-2019 14:00,0.595,,,,,,,,,,,
21-09-2019 15:00,0.517,,,,,,,,,,,
21-09-2019 16:00,0.398,,,,,,,,,,,
21-09-2019 17:00,0.296,,,,,,,,,,,
21-09-2019 18:00,0.256,,,,,,,,,,,
21-09-2019 19:00,0.278,,,,,,,,,,,
21-09-2019 20:00,0.334,,,,,,,,,,,
21-09-2019 21:00,0.422,,,,,,,,,,,
21-09-2019 22:00,0.498,,,,,,,,,,,
21-09-2019 23:00,0.539,,,,,,,,,,,
22-09-2019 00:00,0.501,,,,,,,,,,,
22-09-2019 01:00,0.425,,,,,,,,,,,
22-09-2019 02:00,0.415,,,,,,,,,,,
22-09-2019 03:00,0.413,,,,,,,,,,,
22-09-2019 04:00,0.374,,,,,,,,,,,
22-09-2019 05:00,0.339,,,,,,,,,,,
22-09-2019 06:00,0.315,,,,,,,,,,,
22-09-2019 07:00,0.388,,,,,,,,,,,
22-09-2019 08:00,0.513,,,,,,,,,,,
22-09-2019 09:00,0.586,,,,,,,,,,,
22-09-2019 10:00,0.633,,,,,,,,,,,
22-09-2019 11:00,0.67,,,,,,,,,,,
22-09-2019 12:00,0.706,,,,,,,,,,,
22-09-2019 13:00,0.713,,,,,,,,,,,
22-09-2019 14:00,0.672,,,,,,,,,,,
22-09-2019 15:00,0.647,,,,,,,,,,,
22-09-2019 16:00,0.614,,,,,,,,,,,
22-09-2019 17:00,0.555,,,,,,,,,,,
22-09-2019 18:00,0.58,,,,,,,,,,,
22-09-2019 19:00,0.578,,,,,,,,,,,
22-09-2019 20:00,0.51,,,,,,,,,,,
22-09-2019 21:00,0.42,,,,,,,,,,,
22-09-2019 22:00,0.378,,,,,,,,,,,
22-09-2019 23:00,0.345,,,,,,,,,,,
23-09-2019 00:00,0.323,,,,,,,,,,,
23-09-2019 01:00,0.348,,,,,,,,,,,
23-09-2019 02:00,0.303,,,,,,,,,,,
23-09-2019 03:00,0.203,,,,,,,,,,,
23-09-2019 04:00,0.117,,,,,,,,,,,
23-09-2019 05:00,0.068,,,,,,,,,,,
23-09-2019 06:00,0.037,,,,,,,,,,,
23-09-2019 07:00,0.016,,,,,,,,,,,
23-09-2019 08:00,0.006,,,,,,,,,,,
23-09-2019 09:00,0.005,,,,,,,,,,,
23-09-2019 10:00,0.007,,,,,,,,,,,
23-09-2019 11:00,0.012,,,,,,,,,,,
23-09-2019 12:00,0.02,,,,,,,,,,,
23-09-2019 13:00,0.037,,,,,,,,,,,
23-09-2019 14:00,0.068,,,,,,,,,,,
23-09-2019 15:00,0.101,,,,,,,,,,,
23-09-2019 16:00,0.112,,,,,,,,,,,
23-09-2019 17:00,0.13,,,,,,,,,,,
23-09-2019 18:00,0.153,,,,,,,,,,,
23-09-2019 19:00,0.115,,,,,,,,,,,
23-09-2019 20:00,0.051,,,,,,,,,,,
23-09-2019 21:00,0.017,,,,,,,,,,,
23-09-2019 22:00,0.028,,,,,,,,,,,
23-09-2019 23:00,0.07,,,,,,,,,,,
24-09-2019 00:00,0.134,,,,,,,,,,,
24-09-2019 01:00,0.21,,,,,,,,,,,
24-09-2019 02:00,0.28,,,,,,,,,,,
24-09-2019 03:00,0.312,,,,,,,,,,,
24-09-2019 04:00,0.325,,,,,,,,,,,
24-09-2019 05:00,0.358,,,,,,,,,,,
24-09-2019 06:00,0.401,,,,,,,,,,,
24-09-2019 07:00,0.287,,,,,,,,,,,
24-09-2019 08:00,0.26,,,,,,,,,,,
24-09-2019 09:00,0.398,,,,,,,,,,,
24-09-2019 10:00,0.379,,,,,,,,,,,
24-09-2019 11:00,0.373,,,,,,,,,,,
24-09-2019 12:00,0.38,,,,,,,,,,,
24-09-2019 13:00,0.408,,,,,,,,,,,
24-09-2019 14:00,0.459,,,,,,,,,,,
24-09-2019 15:00,0.503,,,,,,,,,,,
24-09-2019 16:00,0.525,,,,,,,,,,,
24-09-2019 17:00,0.552,,,,,,,,,,,
24-09-2019 18:00,0.649,,,,,,,,,,,
24-09-2019 19:00,0.685,,,,,,,,,,,
24-09-2019 20:00,0.666,,,,,,,,,,,
24-09-2019 21:00,0.615,,,,,,,,,,,
24-09-2019 22:00,0.56,,,,,,,,,,,
24-09-2019 23:00,0.509,,,,,,,,,,,
25-09-2019 00:00,0.456,,,,,,,,,,,
25-09-2019 01:00,0.417,,,,,,,,,,,
25-09-2019 02:00,0.376,,,,,,,,,,,
25-09-2019 03:00,0.333,,,,,,,,,,,
25-09-2019 04:00,0.276,,,,,,,,,,,
25-09-2019 05:00,0.219,,,,,,,,,,,
25-09-2019 06:00,0.153,,,,,,,,,,,
25-09-2019 07:00,0.076,,,,,,,,,,,
25-09-2019 08:00,0.049,,,,,,,,,,,
25-09-2019 09:00,0.079,,,,,,,,,,,
25-09-2019 10:00,0.111,,,,,,,,,,,
25-09-2019 11:00,0.126,,,,,,,,,,,
25-09-2019 12:00,0.141,,,,,,,,,,,
25-09-2019 13:00,0.168,,,,,,,,,,,
25-09-2019 14:00,0.192,,,,,,,,,,,
25-09-2019 15:00,0.181,,,,,,,,,,,
25-09-2019 16:00,0.155,,,,,,,,,,,
25-09-2019 17:00,0.155,,,,,,,,,,,
25-09-2019 18:00,0.154,,,,,,,,,,,
25-09-2019 19:00,0.106,,,,,,,,,,,
25-09-2019 20:00,0.054,,,,,,,,,,,
25-09-2019 21:00,0.02,,,,,,,,,,,
25-09-2019 22:00,0.008,,,,,,,,,,,
25-09-2019 23:00,0.006,,,,,,,,,,,
26-09-2019 00:00,0.02,,,,,,,,,,,
26-09-2019 01:00,0.058,,,,,,,,,,,
26-09-2019 02:00,0.11,,,,,,,,,,,
26-09-2019 03:00,0.122,,,,,,,,,,,
26-09-2019 04:00,0.103,,,,,,,,,,,
26-09-2019 05:00,0.091,,,,,,,,,,,
26-09-2019 06:00,0.09,,,,,,,,,,,
26-09-2019 07:00,0.063,,,,,,,,,,,
26-09-2019 08:00,0.026,,,,,,,,,,,
26-09-2019 09:00,0.017,,,,,,,,,,,
26-09-2019 10:00,0.018,,,,,,,,,,,
26-09-2019 11:00,0.029,,,,,,,,,,,
26-09-2019 12:00,0.051,,,,,,,,,,,
26-09-2019 13:00,0.082,,,,,,,,,,,
26-09-2019 14:00,0.107,,,,,,,,,,,
26-09-2019 15:00,0.113,,,,,,,,,,,
26-09-2019 16:00,0.104,,,,,,,,,,,
26-09-2019 17:00,0.1,,,,,,,,,,,
26-09-2019 18:00,0.084,,,,,,,,,,,
26-09-2019 19:00,0.067,,,,,,,,,,,
26-09-2019 20:00,0.056,,,,,,,,,,,
26-09-2019 21:00,0.053,,,,,,,,,,,
26-09-2019 22:00,0.056,,,,,,,,,,,
26-09-2019 23:00,0.063,,,,,,,,,,,
27-09-2019 00:00,0.069,,,,,,,,,,,
27-09-2019 01:00,0.084,,,,,,,,,,,
27-09-2019 02:00,0.112,,,,,,,,,,,
27-09-2019 03:00,0.147,,,,,,,,,,,
27-09-2019 04:00,0.18,,,,,,,,,,,
27-09-2019 05:00,0.197,,,,,,,,,,,
27-09-2019 06:00,0.198,,,,,,,,,,,
27-09-2019 07:00,0.14,,,,,,,,,,,
27-09-2019 08:00,0.073,,,,,,,,,,,
27-09-2019 09:00,0.133,,,,,,,,,,,
27-09-2019 10:00,0.161,,,,,,,,,,,
27-09-2019 11:00,0.184,,,,,,,,,,,
27-09-2019 12:00,0.212,,,,,,,,,,,
27-09-2019 13:00,0.242,,,,,,,,,,,
27-09-2019 14:00,0.254,,,,,,,,,,,
27-09-2019 15:00,0.235,,,,,,,,,,,
27-09-2019 16:00,0.192,,,,,,,,,,,
27-09-2019 17:00,0.146,,,,,,,,,,,
27-09-2019 18:00,0.104,,,,,,,,,,,
27-09-2019 19:00,0.058,,,,,,,,,,,
27-09-2019 20:00,0.023,,,,,,,,,,,
27-09-2019 21:00,0.006,,,,,,,,,,,
27-09-2019 22:00,0.003,,,,,,,,,,,
27-09-2019 23:00,0.004,,,,,,,,,,,
28-09-2019 00:00,0.005,,,,,,,,,,,
28-09-2019 01:00,0.006,,,,,,,,,,,
28-09-2019 02:00,0.011,,,,,,,,,,,
28-09-2019 03:00,0.017,,,,,,,,,,,
28-09-2019 04:00,0.019,,,,,,,,,,,
28-09-2019 05:00,0.023,,,,,,,,,,,
28-09-2019 06:00,0.027,,,,,,,,,,,
28-09-2019 07:00,0.03,,,,,,,,,,,
28-09-2019 08:00,0.022,,,,,,,,,,,
28-09-2019 09:00,0.019,,,,,,,,,,,
28-09-2019 10:00,0.028,,,,,,,,,,,
28-09-2019 11:00,0.034,,,,,,,,,,,
28-09-2019 12:00,0.045,,,,,,,,,,,
28-09-2019 13:00,0.06,,,,,,,,,,,
28-09-2019 14:00,0.083,,,,,,,,,,,
28-09-2019 15:00,0.104,,,,,,,,,,,
28-09-2019 16:00,0.114,,,,,,,,,,,
28-09-2019 17:00,0.115,,,,,,,,,,,
28-09-2019 18:00,0.076,,,,,,,,,,,
28-09-2019 19:00,0.024,,,,,,,,,,,
28-09-2019 20:00,0.006,,,,,,,,,,,
28-09-2019 21:00,0.032,,,,,,,,,,,
28-09-2019 22:00,0.086,,,,,,,,,,,
28-09-2019 23:00,0.142,,,,,,,,,,,
29-09-2019 00:00,0.188,,,,,,,,,,,
29-09-2019 01:00,0.219,,,,,,,,,,,
29-09-2019 02:00,0.241,,,,,,,,,,,
29-09-2019 03:00,0.267,,,,,,,,,,,
29-09-2019 04:00,0.297,,,,,,,,,,,
29-09-2019 05:00,0.332,,,,,,,,,,,
29-09-2019 06:00,0.351,,,,,,,,,,,
29-09-2019 07:00,0.293,,,,,,,,,,,
29-09-2019 08:00,0.156,,,,,,,,,,,
29-09-2019 09:00,0.155,,,,,,,,,,,
29-09-2019 10:00,0.22,,,,,,,,,,,
29-09-2019 11:00,0.245,,,,,,,,,,,
29-09-2019 12:00,0.275,,,,,,,,,,,
29-09-2019 13:00,0.307,,,,,,,,,,,
29-09-2019 14:00,0.32,,,,,,,,,,,
29-09-2019 15:00,0.309,,,,,,,,,,,
29-09-2019 16:00,0.264,,,,,,,,,,,
29-09-2019 17:00,0.231,,,,,,,,,,,
29-09-2019 18:00,0.201,,,,,,,,,,,
29-09-2019 19:00,0.165,,,,,,,,,,,
29-09-2019 20:00,0.138,,,,,,,,,,,
29-09-2019 21:00,0.113,,,,,,,,,,,
29-09-2019 22:00,0.085,,,,,,,,,,,
29-09-2019 23:00,0.058,,,,,,,,,,,
30-09-2019 00:00,0.029,,,,,,,,,,,
30-09-2019 01:00,0.009,,,,,,,,,,,
30-09-2019 02:00,0.005,,,,,,,,,,,
30-09-2019 03:00,0.017,,,,,,,,,,,
30-09-2019 04:00,0.042,,,,,,,,,,,
30-09-2019 05:00,0.068,,,,,,,,,,,
30-09-2019 06:00,0.084,,,,,,,,,,,
30-09-2019 07:00,0.079,,,,,,,,,,,
30-09-2019 08:00,0.036,,,,,,,,,,,
30-09-2019 09:00,0.016,,,,,,,,,,,
30-09-2019 10:00,0.026,,,,,,,,,,,
30-09-2019 11:00,0.028,,,,,,,,,,,
30-09-2019 12:00,0.035,,,,,,,,,,,
30-09-2019 13:00,0.049,,,,,,,,,,,
30-09-2019 14:00,0.066,,,,,,,,,,,
30-09-2019 15:00,0.089,,,,,,,,,,,
30-09-2019 16:00,0.124,,,,,,,,,,,
30-09-2019 17:00,0.178,,,,,,,,,,,
30-09-2019 18:00,0.183,,,,,,,,,,,
30-09-2019 19:00,0.146,,,,,,,,,,,
30-09-2019 20:00,0.123,,,,,,,,,,,
30-09-2019 21:00,0.123,,,,,,,,,,,
30-09-2019 22:00,0.134,,,,,,,,,,,
30-09-2019 23:00,0.161,,,,,,,,,,,
01-10-2019 00:00,0.207,,,,,,,,,,,
01-10-2019 01:00,0.259,,,,,,,,,,,
01-10-2019 02:00,0.31,,,,,,,,,,,
01-10-2019 03:00,0.343,,,,,,,,,,,
01-10-2019 04:00,0.364,,,,,,,,,,,
01-10-2019 05:00,0.38,,,,,,,,,,,
01-10-2019 06:00,0.406,,,,,,,,,,,
01-10-2019 07:00,0.325,,,,,,,,,,,
01-10-2019 08:00,0.166,,,,,,,,,,,
01-10-2019 09:00,0.224,,,,,,,,,,,
01-10-2019 10:00,0.401,,,,,,,,,,,
01-10-2019 11:00,0.485,,,,,,,,,,,
01-10-2019 12:00,0.543,,,,,,,,,,,
01-10-2019 13:00,0.58,,,,,,,,,,,
01-10-2019 14:00,0.607,,,,,,,,,,,
01-10-2019 15:00,0.623,,,,,,,,,,,
01-10-2019 16:00,0.622,,,,,,,,,,,
01-10-2019 17:00,0.615,,,,,,,,,,,
01-10-2019 18:00,0.705,,,,,,,,,,,
01-10-2019 19:00,0.75,,,,,,,,,,,
01-10-2019 20:00,0.732,,,,,,,,,,,
01-10-2019 21:00,0.699,,,,,,,,,,,
01-10-2019 22:00,0.663,,,,,,,,,,,
01-10-2019 23:00,0.636,,,,,,,,,,,
02-10-2019 00:00,0.57,,,,,,,,,,,
02-10-2019 01:00,0.535,,,,,,,,,,,
02-10-2019 02:00,0.502,,,,,,,,,,,
02-10-2019 03:00,0.415,,,,,,,,,,,
02-10-2019 04:00,0.318,,,,,,,,,,,
02-10-2019 05:00,0.308,,,,,,,,,,,
02-10-2019 06:00,0.328,,,,,,,,,,,
02-10-2019 07:00,0.201,,,,,,,,,,,
02-10-2019 08:00,0.16,,,,,,,,,,,
02-10-2019 09:00,0.202,,,,,,,,,,,
02-10-2019 10:00,0.256,,,,,,,,,,,
02-10-2019 11:00,0.337,,,,,,,,,,,
02-10-2019 12:00,0.428,,,,,,,,,,,
02-10-2019 13:00,0.478,,,,,,,,,,,
02-10-2019 14:00,0.457,,,,,,,,,,,
02-10-2019 15:00,0.425,,,,,,,,,,,
02-10-2019 16:00,0.407,,,,,,,,,,,
02-10-2019 17:00,0.376,,,,,,,,,,,
02-10-2019 18:00,0.372,,,,,,,,,,,
02-10-2019 19:00,0.37,,,,,,,,,,,
02-10-2019 20:00,0.385,,,,,,,,,,,
02-10-2019 21:00,0.398,,,,,,,,,,,
02-10-2019 22:00,0.379,,,,,,,,,,,
02-10-2019 23:00,0.347,,,,,,,,,,,
03-10-2019 00:00,0.294,,,,,,,,,,,
03-10-2019 01:00,0.213,,,,,,,,,,,
03-10-2019 02:00,0.123,,,,,,,,,,,
03-10-2019 03:00,0.065,,,,,,,,,,,
03-10-2019 04:00,0.035,,,,,,,,,,,
03-10-2019 05:00,0.021,,,,,,,,,,,
03-10-2019 06:00,0.018,,,,,,,,,,,
03-10-2019 07:00,0.017,,,,,,,,,,,
03-10-2019 08:00,0.028,,,,,,,,,,,
03-10-2019 09:00,0.107,,,,,,,,,,,
03-10-2019 10:00,0.142,,,,,,,,,,,
03-10-2019 11:00,0.149,,,,,,,,,,,
03-10-2019 12:00,0.155,,,,,,,,,,,
03-10-2019 13:00,0.172,,,,,,,,,,,
03-10-2019 14:00,0.196,,,,,,,,,,,
03-10-2019 15:00,0.202,,,,,,,,,,,
03-10-2019 16:00,0.185,,,,,,,,,,,
03-10-2019 17:00,0.156,,,,,,,,,,,
03-10-2019 18:00,0.118,,,,,,,,,,,
03-10-2019 19:00,0.073,,,,,,,,,,,
03-10-2019 20:00,0.05,,,,,,,,,,,
03-10-2019 21:00,0.062,,,,,,,,,,,
03-10-2019 22:00,0.065,,,,,,,,,,,
03-10-2019 23:00,0.059,,,,,,,,,,,
04-10-2019 00:00,0.043,,,,,,,,,,,
04-10-2019 01:00,0.029,,,,,,,,,,,
04-10-2019 02:00,0.019,,,,,,,,,,,
04-10-2019 03:00,0.012,,,,,,,,,,,
04-10-2019 04:00,0.014,,,,,,,,,,,
04-10-2019 05:00,0.027,,,,,,,,,,,
04-10-2019 06:00,0.05,,,,,,,,,,,
04-10-2019 07:00,0.065,,,,,,,,,,,
04-10-2019 08:00,0.04,,,,,,,,,,,
04-10-2019 09:00,0.03,,,,,,,,,,,
04-10-2019 10:00,0.051,,,,,,,,,,,
04-10-2019 11:00,0.07,,,,,,,,,,,
04-10-2019 12:00,0.091,,,,,,,,,,,
04-10-2019 13:00,0.115,,,,,,,,,,,
04-10-2019 14:00,0.139,,,,,,,,,,,
04-10-2019 15:00,0.166,,,,,,,,,,,
04-10-2019 16:00,0.183,,,,,,,,,,,
04-10-2019 17:00,0.205,,,,,,,,,,,
04-10-2019 18:00,0.233,,,,,,,,,,,
04-10-2019 19:00,0.273,,,,,,,,,,,
04-10-2019 20:00,0.325,,,,,,,,,,,
04-10-2019 21:00,0.349,,,,,,,,,,,
04-10-2019 22:00,0.328,,,,,,,,,,,
04-10-2019 23:00,0.264,,,,,,,,,,,
05-10-2019 00:00,0.17,,,,,,,,,,,
05-10-2019 01:00,0.093,,,,,,,,,,,
05-10-2019 02:00,0.048,,,,,,,,,,,
05-10-2019 03:00,0.029,,,,,,,,,,,
05-10-2019 04:00,0.026,,,,,,,,,,,
05-10-2019 05:00,0.035,,,,,,,,,,,
05-10-2019 06:00,0.044,,,,,,,,,,,
05-10-2019 07:00,0.044,,,,,,,,,,,
05-10-2019 08:00,0.025,,,,,,,,,,,
05-10-2019 09:00,0.046,,,,,,,,,,,
05-10-2019 10:00,0.076,,,,,,,,,,,
05-10-2019 11:00,0.093,,,,,,,,,,,
05-10-2019 12:00,0.114,,,,,,,,,,,
05-10-2019 13:00,0.136,,,,,,,,,,,
05-10-2019 14:00,0.157,,,,,,,,,,,
05-10-2019 15:00,0.17,,,,,,,,,,,
05-10-2019 16:00,0.168,,,,,,,,,,,
05-10-2019 17:00,0.168,,,,,,,,,,,
05-10-2019 18:00,0.148,,,,,,,,,,,
05-10-2019 19:00,0.103,,,,,,,,,,,
05-10-2019 20:00,0.055,,,,,,,,,,,
05-10-2019 21:00,0.025,,,,,,,,,,,
05-10-2019 22:00,0.013,,,,,,,,,,,
05-10-2019 23:00,0.017,,,,,,,,,,,
06-10-2019 00:00,0.027,,,,,,,,,,,
06-10-2019 01:00,0.027,,,,,,,,,,,
06-10-2019 02:00,0.018,,,,,,,,,,,
06-10-2019 03:00,0.011,,,,,,,,,,,
06-10-2019 04:00,0.011,,,,,,,,,,,
06-10-2019 05:00,0.012,,,,,,,,,,,
06-10-2019 06:00,0.011,,,,,,,,,,,
06-10-2019 07:00,0.011,,,,,,,,,,,
06-10-2019 08:00,0.013,,,,,,,,,,,
06-10-2019 09:00,0.02,,,,,,,,,,,
06-10-2019 10:00,0.06,,,,,,,,,,,
06-10-2019 11:00,0.051,,,,,,,,,,,
06-10-2019 12:00,0.058,,,,,,,,,,,
06-10-2019 13:00,0.099,,,,,,,,,,,
06-10-2019 14:00,0.148,,,,,,,,,,,
06-10-2019 15:00,0.174,,,,,,,,,,,
06-10-2019 16:00,0.177,,,,,,,,,,,
06-10-2019 17:00,0.216,,,,,,,,,,,
06-10-2019 18:00,0.227,,,,,,,,,,,
06-10-2019 19:00,0.183,,,,,,,,,,,
06-10-2019 20:00,0.143,,,,,,,,,,,
06-10-2019 21:00,0.121,,,,,,,,,,,
06-10-2019 22:00,0.114,,,,,,,,,,,
06-10-2019 23:00,0.113,,,,,,,,,,,
07-10-2019 00:00,0.131,,,,,,,,,,,
07-10-2019 01:00,0.158,,,,,,,,,,,
07-10-2019 02:00,0.156,,,,,,,,,,,
07-10-2019 03:00,0.133,,,,,,,,,,,
07-10-2019 04:00,0.086,,,,,,,,,,,
07-10-2019 05:00,0.068,,,,,,,,,,,
07-10-2019 06:00,0.071,,,,,,,,,,,
07-10-2019 07:00,0.051,,,,,,,,,,,
07-10-2019 08:00,0.02,,,,,,,,,,,
07-10-2019 09:00,0.175,,,,,,,,,,,
07-10-2019 10:00,0.291,,,,,,,,,,,
07-10-2019 11:00,0.29,,,,,,,,,,,
07-10-2019 12:00,0.284,,,,,,,,,,,
07-10-2019 13:00,0.302,,,,,,,,,,,
07-10-2019 14:00,0.323,,,,,,,,,,,
07-10-2019 15:00,0.317,,,,,,,,,,,
07-10-2019 16:00,0.266,,,,,,,,,,,
07-10-2019 17:00,0.195,,,,,,,,,,,
07-10-2019 18:00,0.147,,,,,,,,,,,
07-10-2019 19:00,0.109,,,,,,,,,,,
07-10-2019 20:00,0.088,,,,,,,,,,,
07-10-2019 21:00,0.093,,,,,,,,,,,
07-10-2019 22:00,0.126,,,,,,,,,,,
07-10-2019 23:00,0.18,,,,,,,,,,,
08-10-2019 00:00,0.243,,,,,,,,,,,
08-10-2019 01:00,0.297,,,,,,,,,,,
08-10-2019 02:00,0.334,,,,,,,,,,,
08-10-2019 03:00,0.355,,,,,,,,,,,
08-10-2019 04:00,0.372,,,,,,,,,,,
08-10-2019 05:00,0.385,,,,,,,,,,,
08-10-2019 06:00,0.391,,,,,,,,,,,
08-10-2019 07:00,0.311,,,,,,,,,,,
08-10-2019 08:00,0.179,,,,,,,,,,,
08-10-2019 09:00,0.118,,,,,,,,,,,
08-10-2019 10:00,0.036,,,,,,,,,,,
08-10-2019 11:00,0.004,,,,,,,,,,,
08-10-2019 12:00,0.002,,,,,,,,,,,
08-10-2019 13:00,0.005,,,,,,,,,,,
08-10-2019 14:00,0.012,,,,,,,,,,,
08-10-2019 15:00,0.017,,,,,,,,,,,
08-10-2019 16:00,0.016,,,,,,,,,,,
08-10-2019 17:00,0.025,,,,,,,,,,,
08-10-2019 18:00,0.073,,,,,,,,,,,
08-10-2019 19:00,0.18,,,,,,,,,,,
08-10-2019 20:00,0.307,,,,,,,,,,,
08-10-2019 21:00,0.388,,,,,,,,,,,
08-10-2019 22:00,0.409,,,,,,,,,,,
08-10-2019 23:00,0.395,,,,,,,,,,,
09-10-2019 00:00,0.375,,,,,,,,,,,
09-10-2019 01:00,0.362,,,,,,,,,,,
09-10-2019 02:00,0.344,,,,,,,,,,,
09-10-2019 03:00,0.343,,,,,,,,,,,
09-10-2019 04:00,0.352,,,,,,,,,,,
09-10-2019 05:00,0.348,,,,,,,,,,,
09-10-2019 06:00,0.336,,,,,,,,,,,
09-10-2019 07:00,0.227,,,,,,,,,,,
09-10-2019 08:00,0.119,,,,,,,,,,,
09-10-2019 09:00,0.093,,,,,,,,,,,
09-10-2019 10:00,0.086,,,,,,,,,,,
09-10-2019 11:00,0.086,,,,,,,,,,,
09-10-2019 12:00,0.09,,,,,,,,,,,
09-10-2019 13:00,0.104,,,,,,,,,,,
09-10-2019 14:00,0.113,,,,,,,,,,,
09-10-2019 15:00,0.106,,,,,,,,,,,
09-10-2019 16:00,0.085,,,,,,,,,,,
09-10-2019 17:00,0.059,,,,,,,,,,,
09-10-2019 18:00,0.032,,,,,,,,,,,
09-10-2019 19:00,0.019,,,,,,,,,,,
09-10-2019 20:00,0.086,,,,,,,,,,,
09-10-2019 21:00,0.237,,,,,,,,,,,
09-10-2019 22:00,0.343,,,,,,,,,,,
09-10-2019 23:00,0.401,,,,,,,,,,,
10-10-2019 00:00,0.439,,,,,,,,,,,
10-10-2019 01:00,0.484,,,,,,,,,,,
10-10-2019 02:00,0.539,,,,,,,,,,,
10-10-2019 03:00,0.586,,,,,,,,,,,
10-10-2019 04:00,0.594,,,,,,,,,,,
10-10-2019 05:00,0.586,,,,,,,,,,,
10-10-2019 06:00,0.58,,,,,,,,,,,
10-10-2019 07:00,0.556,,,,,,,,,,,
10-10-2019 08:00,0.519,,,,,,,,,,,
10-10-2019 09:00,0.388,,,,,,,,,,,
10-10-2019 10:00,0.223,,,,,,,,,,,
10-10-2019 11:00,0.108,,,,,,,,,,,
10-10-2019 12:00,0.048,,,,,,,,,,,
10-10-2019 13:00,0.021,,,,,,,,,,,
10-10-2019 14:00,0.012,,,,,,,,,,,
10-10-2019 15:00,0.013,,,,,,,,,,,
10-10-2019 16:00,0.032,,,,,,,,,,,
10-10-2019 17:00,0.147,,,,,,,,,,,
10-10-2019 18:00,0.427,,,,,,,,,,,
10-10-2019 19:00,0.615,,,,,,,,,,,
10-10-2019 20:00,0.668,,,,,,,,,,,
10-10-2019 21:00,0.651,,,,,,,,,,,
10-10-2019 22:00,0.606,,,,,,,,,,,
10-10-2019 23:00,0.56,,,,,,,,,,,
11-10-2019 00:00,0.511,,,,,,,,,,,
11-10-2019 01:00,0.472,,,,,,,,,,,
11-10-2019 02:00,0.418,,,,,,,,,,,
11-10-2019 03:00,0.333,,,,,,,,,,,
11-10-2019 04:00,0.266,,,,,,,,,,,
11-10-2019 05:00,0.249,,,,,,,,,,,
11-10-2019 06:00,0.261,,,,,,,,,,,
11-10-2019 07:00,0.242,,,,,,,,,,,
11-10-2019 08:00,0.208,,,,,,,,,,,
11-10-2019 09:00,0.187,,,,,,,,,,,
11-10-2019 10:00,0.2,,,,,,,,,,,
11-10-2019 11:00,0.22,,,,,,,,,,,
11-10-2019 12:00,0.236,,,,,,,,,,,
11-10-2019 13:00,0.241,,,,,,,,,,,
11-10-2019 14:00,0.247,,,,,,,,,,,
11-10-2019 15:00,0.25,,,,,,,,,,,
11-10-2019 16:00,0.263,,,,,,,,,,,
11-10-2019 17:00,0.334,,,,,,,,,,,
11-10-2019 18:00,0.355,,,,,,,,,,,
11-10-2019 19:00,0.266,,,,,,,,,,,
11-10-2019 20:00,0.117,,,,,,,,,,,
11-10-2019 21:00,0.035,,,,,,,,,,,
11-10-2019 22:00,0.061,,,,,,,,,,,
11-10-2019 23:00,0.234,,,,,,,,,,,
12-10-2019 00:00,0.355,,,,,,,,,,,
12-10-2019 01:00,0.328,,,,,,,,,,,
12-10-2019 02:00,0.216,,,,,,,,,,,
12-10-2019 03:00,0.095,,,,,,,,,,,
12-10-2019 04:00,0.029,,,,,,,,,,,
12-10-2019 05:00,0.013,,,,,,,,,,,
12-10-2019 06:00,0.093,,,,,,,,,,,
12-10-2019 07:00,0.205,,,,,,,,,,,
12-10-2019 08:00,0.303,,,,,,,,,,,
12-10-2019 09:00,0.389,,,,,,,,,,,
12-10-2019 10:00,0.408,,,,,,,,,,,
12-10-2019 11:00,0.404,,,,,,,,,,,
12-10-2019 12:00,0.354,,,,,,,,,,,
12-10-2019 13:00,0.277,,,,,,,,,,,
12-10-2019 14:00,0.225,,,,,,,,,,,
12-10-2019 15:00,0.213,,,,,,,,,,,
12-10-2019 16:00,0.236,,,,,,,,,,,
12-10-2019 17:00,0.376,,,,,,,,,,,
12-10-2019 18:00,0.606,,,,,,,,,,,
12-10-2019 19:00,0.71,,,,,,,,,,,
12-10-2019 20:00,0.713,,,,,,,,,,,
12-10-2019 21:00,0.677,,,,,,,,,,,
12-10-2019 22:00,0.621,,,,,,,,,,,
12-10-2019 23:00,0.553,,,,,,,,,,,
13-10-2019 00:00,0.488,,,,,,,,,,,
13-10-2019 01:00,0.444,,,,,,,,,,,
13-10-2019 02:00,0.409,,,,,,,,,,,
13-10-2019 03:00,0.337,,,,,,,,,,,
13-10-2019 04:00,0.272,,,,,,,,,,,
13-10-2019 05:00,0.239,,,,,,,,,,,
13-10-2019 06:00,0.234,,,,,,,,,,,
13-10-2019 07:00,0.182,,,,,,,,,,,
13-10-2019 08:00,0.137,,,,,,,,,,,
13-10-2019 09:00,0.206,,,,,,,,,,,
13-10-2019 10:00,0.294,,,,,,,,,,,
13-10-2019 11:00,0.383,,,,,,,,,,,
13-10-2019 12:00,0.476,,,,,,,,,,,
13-10-2019 13:00,0.538,,,,,,,,,,,
13-10-2019 14:00,0.544,,,,,,,,,,,
13-10-2019 15:00,0.51,,,,,,,,,,,
13-10-2019 16:00,0.396,,,,,,,,,,,
13-10-2019 17:00,0.27,,,,,,,,,,,
13-10-2019 18:00,0.201,,,,,,,,,,,
13-10-2019 19:00,0.205,,,,,,,,,,,
13-10-2019 20:00,0.308,,,,,,,,,,,
13-10-2019 21:00,0.49,,,,,,,,,,,
13-10-2019 22:00,0.651,,,,,,,,,,,
13-10-2019 23:00,0.72,,,,,,,,,,,
14-10-2019 00:00,0.737,,,,,,,,,,,
14-10-2019 01:00,0.754,,,,,,,,,,,
14-10-2019 02:00,0.772,,,,,,,,,,,
14-10-2019 03:00,0.759,,,,,,,,,,,
14-10-2019 04:00,0.697,,,,,,,,,,,
14-10-2019 05:00,0.621,,,,,,,,,,,
14-10-2019 06:00,0.605,,,,,,,,,,,
14-10-2019 07:00,0.587,,,,,,,,,,,
14-10-2019 08:00,0.635,,,,,,,,,,,
14-10-2019 09:00,0.693,,,,,,,,,,,
14-10-2019 10:00,0.739,,,,,,,,,,,
14-10-2019 11:00,0.788,,,,,,,,,,,
14-10-2019 12:00,0.827,,,,,,,,,,,
14-10-2019 13:00,0.851,,,,,,,,,,,
14-10-2019 14:00,0.869,,,,,,,,,,,
14-10-2019 15:00,0.882,,,,,,,,,,,
14-10-2019 16:00,0.876,,,,,,,,,,,
14-10-2019 17:00,0.819,,,,,,,,,,,
14-10-2019 18:00,0.782,,,,,,,,,,,
14-10-2019 19:00,0.739,,,,,,,,,,,
14-10-2019 20:00,0.766,,,,,,,,,,,
14-10-2019 21:00,0.776,,,,,,,,,,,
14-10-2019 22:00,0.737,,,,,,,,,,,
14-10-2019 23:00,0.601,,,,,,,,,,,
15-10-2019 00:00,0.481,,,,,,,,,,,
15-10-2019 01:00,0.42,,,,,,,,,,,
15-10-2019 02:00,0.39,,,,,,,,,,,
15-10-2019 03:00,0.352,,,,,,,,,,,
15-10-2019 04:00,0.314,,,,,,,,,,,
15-10-2019 05:00,0.278,,,,,,,,,,,
15-10-2019 06:00,0.243,,,,,,,,,,,
15-10-2019 07:00,0.168,,,,,,,,,,,
15-10-2019 08:00,0.191,,,,,,,,,,,
15-10-2019 09:00,0.209,,,,,,,,,,,
15-10-2019 10:00,0.233,,,,,,,,,,,
15-10-2019 11:00,0.243,,,,,,,,,,,
15-10-2019 12:00,0.235,,,,,,,,,,,
15-10-2019 13:00,0.225,,,,,,,,,,,
15-10-2019 14:00,0.212,,,,,,,,,,,
15-10-2019 15:00,0.177,,,,,,,,,,,
15-10-2019 16:00,0.14,,,,,,,,,,,
15-10-2019 17:00,0.125,,,,,,,,,,,
15-10-2019 18:00,0.11,,,,,,,,,,,
15-10-2019 19:00,0.088,,,,,,,,,,,
15-10-2019 20:00,0.063,,,,,,,,,,,
15-10-2019 21:00,0.045,,,,,,,,,,,
15-10-2019 22:00,0.032,,,,,,,,,,,
15-10-2019 23:00,0.021,,,,,,,,,,,
16-10-2019 00:00,0.012,,,,,,,,,,,
16-10-2019 01:00,0.008,,,,,,,,,,,
16-10-2019 02:00,0.01,,,,,,,,,,,
16-10-2019 03:00,0.013,,,,,,,,,,,
16-10-2019 04:00,0.016,,,,,,,,,,,
16-10-2019 05:00,0.018,,,,,,,,,,,
16-10-2019 06:00,0.019,,,,,,,,,,,
16-10-2019 07:00,0.017,,,,,,,,,,,
16-10-2019 08:00,0.02,,,,,,,,,,,
16-10-2019 09:00,0.084,,,,,,,,,,,
16-10-2019 10:00,0.12,,,,,,,,,,,
16-10-2019 11:00,0.133,,,,,,,,,,,
16-10-2019 12:00,0.144,,,,,,,,,,,
16-10-2019 13:00,0.15,,,,,,,,,,,
16-10-2019 14:00,0.157,,,,,,,,,,,
16-10-2019 15:00,0.178,,,,,,,,,,,
16-10-2019 16:00,0.201,,,,,,,,,,,
16-10-2019 17:00,0.227,,,,,,,,,,,
16-10-2019 18:00,0.235,,,,,,,,,,,
16-10-2019 19:00,0.235,,,,,,,,,,,
16-10-2019 20:00,0.228,,,,,,,,,,,
16-10-2019 21:00,0.217,,,,,,,,,,,
16-10-2019 22:00,0.204,,,,,,,,,,,
16-10-2019 23:00,0.145,,,,,,,,,,,
17-10-2019 00:00,0.081,,,,,,,,,,,
17-10-2019 01:00,0.051,,,,,,,,,,,
17-10-2019 02:00,0.051,,,,,,,,,,,
17-10-2019 03:00,0.06,,,,,,,,,,,
17-10-2019 04:00,0.067,,,,,,,,,,,
17-10-2019 05:00,0.084,,,,,,,,,,,
17-10-2019 06:00,0.111,,,,,,,,,,,
17-10-2019 07:00,0.112,,,,,,,,,,,
17-10-2019 08:00,0.068,,,,,,,,,,,
17-10-2019 09:00,0.172,,,,,,,,,,,
17-10-2019 10:00,0.178,,,,,,,,,,,
17-10-2019 11:00,0.178,,,,,,,,,,,
17-10-2019 12:00,0.2,,,,,,,,,,,
17-10-2019 13:00,0.19,,,,,,,,,,,
17-10-2019 14:00,0.173,,,,,,,,,,,
17-10-2019 15:00,0.175,,,,,,,,,,,
17-10-2019 16:00,0.152,,,,,,,,,,,
17-10-2019 17:00,0.129,,,,,,,,,,,
17-10-2019 18:00,0.135,,,,,,,,,,,
17-10-2019 19:00,0.151,,,,,,,,,,,
17-10-2019 20:00,0.125,,,,,,,,,,,
17-10-2019 21:00,0.079,,,,,,,,,,,
17-10-2019 22:00,0.074,,,,,,,,,,,
17-10-2019 23:00,0.124,,,,,,,,,,,
18-10-2019 00:00,0.209,,,,,,,,,,,
18-10-2019 01:00,0.289,,,,,,,,,,,
18-10-2019 02:00,0.355,,,,,,,,,,,
18-10-2019 03:00,0.406,,,,,,,,,,,
18-10-2019 04:00,0.444,,,,,,,,,,,
18-10-2019 05:00,0.444,,,,,,,,,,,
18-10-2019 06:00,0.427,,,,,,,,,,,
18-10-2019 07:00,0.337,,,,,,,,,,,
18-10-2019 08:00,0.322,,,,,,,,,,,
18-10-2019 09:00,0.4,,,,,,,,,,,
18-10-2019 10:00,0.459,,,,,,,,,,,
18-10-2019 11:00,0.491,,,,,,,,,,,
18-10-2019 12:00,0.498,,,,,,,,,,,
18-10-2019 13:00,0.485,,,,,,,,,,,
18-10-2019 14:00,0.48,,,,,,,,,,,
18-10-2019 15:00,0.469,,,,,,,,,,,
18-10-2019 16:00,0.444,,,,,,,,,,,
18-10-2019 17:00,0.438,,,,,,,,,,,
18-10-2019 18:00,0.488,,,,,,,,,,,
18-10-2019 19:00,0.53,,,,,,,,,,,
18-10-2019 20:00,0.552,,,,,,,,,,,
18-10-2019 21:00,0.552,,,,,,,,,,,
18-10-2019 22:00,0.531,,,,,,,,,,,
18-10-2019 23:00,0.513,,,,,,,,,,,
19-10-2019 00:00,0.501,,,,,,,,,,,
19-10-2019 01:00,0.477,,,,,,,,,,,
19-10-2019 02:00,0.464,,,,,,,,,,,
19-10-2019 03:00,0.435,,,,,,,,,,,
19-10-2019 04:00,0.379,,,,,,,,,,,
19-10-2019 05:00,0.355,,,,,,,,,,,
19-10-2019 06:00,0.334,,,,,,,,,,,
19-10-2019 07:00,0.274,,,,,,,,,,,
19-10-2019 08:00,0.386,,,,,,,,,,,
19-10-2019 09:00,0.599,,,,,,,,,,,
19-10-2019 10:00,0.724,,,,,,,,,,,
19-10-2019 11:00,0.793,,,,,,,,,,,
19-10-2019 12:00,0.829,,,,,,,,,,,
19-10-2019 13:00,0.843,,,,,,,,,,,
19-10-2019 14:00,0.845,,,,,,,,,,,
19-10-2019 15:00,0.832,,,,,,,,,,,
19-10-2019 16:00,0.791,,,,,,,,,,,
19-10-2019 17:00,0.693,,,,,,,,,,,
19-10-2019 18:00,0.62,,,,,,,,,,,
19-10-2019 19:00,0.684,,,,,,,,,,,
19-10-2019 20:00,0.723,,,,,,,,,,,
19-10-2019 21:00,0.685,,,,,,,,,,,
19-10-2019 22:00,0.707,,,,,,,,,,,
19-10-2019 23:00,0.777,,,,,,,,,,,
20-10-2019 00:00,0.806,,,,,,,,,,,
20-10-2019 01:00,0.785,,,,,,,,,,,
20-10-2019 02:00,0.706,,,,,,,,,,,
20-10-2019 03:00,0.613,,,,,,,,,,,
20-10-2019 04:00,0.459,,,,,,,,,,,
20-10-2019 05:00,0.364,,,,,,,,,,,
20-10-2019 06:00,0.361,,,,,,,,,,,
20-10-2019 07:00,0.41,,,,,,,,,,,
20-10-2019 08:00,0.459,,,,,,,,,,,
20-10-2019 09:00,0.498,,,,,,,,,,,
20-10-2019 10:00,0.561,,,,,,,,,,,
20-10-2019 11:00,0.657,,,,,,,,,,,
20-10-2019 12:00,0.728,,,,,,,,,,,
20-10-2019 13:00,0.766,,,,,,,,,,,
20-10-2019 14:00,0.753,,,,,,,,,,,
20-10-2019 15:00,0.706,,,,,,,,,,,
20-10-2019 16:00,0.61,,,,,,,,,,,
20-10-2019 17:00,0.449,,,,,,,,,,,
20-10-2019 18:00,0.374,,,,,,,,,,,
20-10-2019 19:00,0.334,,,,,,,,,,,
20-10-2019 20:00,0.311,,,,,,,,,,,
20-10-2019 21:00,0.274,,,,,,,,,,,
20-10-2019 22:00,0.21,,,,,,,,,,,
20-10-2019 23:00,0.124,,,,,,,,,,,
21-10-2019 00:00,0.057,,,,,,,,,,,
21-10-2019 01:00,0.03,,,,,,,,,,,
21-10-2019 02:00,0.023,,,,,,,,,,,
21-10-2019 03:00,0.021,,,,,,,,,,,
21-10-2019 04:00,0.019,,,,,,,,,,,
21-10-2019 05:00,0.017,,,,,,,,,,,
21-10-2019 06:00,0.016,,,,,,,,,,,
21-10-2019 07:00,0.013,,,,,,,,,,,
21-10-2019 08:00,0.005,,,,,,,,,,,
21-10-2019 09:00,0.002,,,,,,,,,,,
21-10-2019 10:00,0.003,,,,,,,,,,,
21-10-2019 11:00,0.004,,,,,,,,,,,
21-10-2019 12:00,0.005,,,,,,,,,,,
21-10-2019 13:00,0.008,,,,,,,,,,,
21-10-2019 14:00,0.007,,,,,,,,,,,
21-10-2019 15:00,0.006,,,,,,,,,,,
21-10-2019 16:00,0.015,,,,,,,,,,,
21-10-2019 17:00,0.095,,,,,,,,,,,
21-10-2019 18:00,0.255,,,,,,,,,,,
21-10-2019 19:00,0.364,,,,,,,,,,,
21-10-2019 20:00,0.402,,,,,,,,,,,
21-10-2019 21:00,0.437,,,,,,,,,,,
21-10-2019 22:00,0.494,,,,,,,,,,,
21-10-2019 23:00,0.541,,,,,,,,,,,
22-10-2019 00:00,0.494,,,,,,,,,,,
22-10-2019 01:00,0.369,,,,,,,,,,,
22-10-2019 02:00,0.355,,,,,,,,,,,
22-10-2019 03:00,0.374,,,,,,,,,,,
22-10-2019 04:00,0.366,,,,,,,,,,,
22-10-2019 05:00,0.34,,,,,,,,,,,
22-10-2019 06:00,0.259,,,,,,,,,,,
22-10-2019 07:00,0.183,,,,,,,,,,,
22-10-2019 08:00,0.176,,,,,,,,,,,
22-10-2019 09:00,0.202,,,,,,,,,,,
22-10-2019 10:00,0.148,,,,,,,,,,,
22-10-2019 11:00,0.107,,,,,,,,,,,
22-10-2019 12:00,0.132,,,,,,,,,,,
22-10-2019 13:00,0.252,,,,,,,,,,,
22-10-2019 14:00,0.438,,,,,,,,,,,
22-10-2019 15:00,0.456,,,,,,,,,,,
22-10-2019 16:00,0.371,,,,,,,,,,,
22-10-2019 17:00,0.27,,,,,,,,,,,
22-10-2019 18:00,0.293,,,,,,,,,,,
22-10-2019 19:00,0.294,,,,,,,,,,,
22-10-2019 20:00,0.285,,,,,,,,,,,
22-10-2019 21:00,0.264,,,,,,,,,,,
22-10-2019 22:00,0.284,,,,,,,,,,,
22-10-2019 23:00,0.347,,,,,,,,,,,
23-10-2019 00:00,0.371,,,,,,,,,,,
23-10-2019 01:00,0.362,,,,,,,,,,,
23-10-2019 02:00,0.357,,,,,,,,,,,
23-10-2019 03:00,0.389,,,,,,,,,,,
23-10-2019 04:00,0.392,,,,,,,,,,,
23-10-2019 05:00,0.364,,,,,,,,,,,
23-10-2019 06:00,0.363,,,,,,,,,,,
23-10-2019 07:00,0.404,,,,,,,,,,,
23-10-2019 08:00,0.566,,,,,,,,,,,
23-10-2019 09:00,0.679,,,,,,,,,,,
23-10-2019 10:00,0.711,,,,,,,,,,,
23-10-2019 11:00,0.699,,,,,,,,,,,
23-10-2019 12:00,0.669,,,,,,,,,,,
23-10-2019 13:00,0.633,,,,,,,,,,,
23-10-2019 14:00,0.589,,,,,,,,,,,
23-10-2019 15:00,0.504,,,,,,,,,,,
23-10-2019 16:00,0.413,,,,,,,,,,,
23-10-2019 17:00,0.334,,,,,,,,,,,
23-10-2019 18:00,0.313,,,,,,,,,,,
23-10-2019 19:00,0.328,,,,,,,,,,,
23-10-2019 20:00,0.355,,,,,,,,,,,
23-10-2019 21:00,0.412,,,,,,,,,,,
23-10-2019 22:00,0.441,,,,,,,,,,,
23-10-2019 23:00,0.455,,,,,,,,,,,
24-10-2019 00:00,0.437,,,,,,,,,,,
24-10-2019 01:00,0.403,,,,,,,,,,,
24-10-2019 02:00,0.328,,,,,,,,,,,
24-10-2019 03:00,0.243,,,,,,,,,,,
24-10-2019 04:00,0.214,,,,,,,,,,,
24-10-2019 05:00,0.206,,,,,,,,,,,
24-10-2019 06:00,0.195,,,,,,,,,,,
24-10-2019 07:00,0.193,,,,,,,,,,,
24-10-2019 08:00,0.196,,,,,,,,,,,
24-10-2019 09:00,0.222,,,,,,,,,,,
24-10-2019 10:00,0.277,,,,,,,,,,,
24-10-2019 11:00,0.317,,,,,,,,,,,
24-10-2019 12:00,0.334,,,,,,,,,,,
24-10-2019 13:00,0.328,,,,,,,,,,,
24-10-2019 14:00,0.281,,,,,,,,,,,
24-10-2019 15:00,0.229,,,,,,,,,,,
24-10-2019 16:00,0.174,,,,,,,,,,,
24-10-2019 17:00,0.156,,,,,,,,,,,
24-10-2019 18:00,0.179,,,,,,,,,,,
24-10-2019 19:00,0.201,,,,,,,,,,,
24-10-2019 20:00,0.202,,,,,,,,,,,
24-10-2019 21:00,0.186,,,,,,,,,,,
24-10-2019 22:00,0.163,,,,,,,,,,,
24-10-2019 23:00,0.133,,,,,,,,,,,
25-10-2019 00:00,0.094,,,,,,,,,,,
25-10-2019 01:00,0.049,,,,,,,,,,,
25-10-2019 02:00,0.021,,,,,,,,,,,
25-10-2019 03:00,0.014,,,,,,,,,,,
25-10-2019 04:00,0.017,,,,,,,,,,,
25-10-2019 05:00,0.025,,,,,,,,,,,
25-10-2019 06:00,0.037,,,,,,,,,,,
25-10-2019 07:00,0.054,,,,,,,,,,,
25-10-2019 08:00,0.034,,,,,,,,,,,
25-10-2019 09:00,0.018,,,,,,,,,,,
25-10-2019 10:00,0.02,,,,,,,,,,,
25-10-2019 11:00,0.018,,,,,,,,,,,
25-10-2019 12:00,0.024,,,,,,,,,,,
25-10-2019 13:00,0.037,,,,,,,,,,,
25-10-2019 14:00,0.047,,,,,,,,,,,
25-10-2019 15:00,0.048,,,,,,,,,,,
25-10-2019 16:00,0.049,,,,,,,,,,,
25-10-2019 17:00,0.053,,,,,,,,,,,
25-10-2019 18:00,0.045,,,,,,,,,,,
25-10-2019 19:00,0.038,,,,,,,,,,,
25-10-2019 20:00,0.035,,,,,,,,,,,
25-10-2019 21:00,0.035,,,,,,,,,,,
25-10-2019 22:00,0.038,,,,,,,,,,,
25-10-2019 23:00,0.043,,,,,,,,,,,
26-10-2019 00:00,0.049,,,,,,,,,,,
26-10-2019 01:00,0.05,,,,,,,,,,,
26-10-2019 02:00,0.046,,,,,,,,,,,
26-10-2019 03:00,0.049,,,,,,,,,,,
26-10-2019 04:00,0.063,,,,,,,,,,,
26-10-2019 05:00,0.084,,,,,,,,,,,
26-10-2019 06:00,0.101,,,,,,,,,,,
26-10-2019 07:00,0.109,,,,,,,,,,,
26-10-2019 08:00,0.069,,,,,,,,,,,
26-10-2019 09:00,0.026,,,,,,,,,,,
26-10-2019 10:00,0.009,,,,,,,,,,,
26-10-2019 11:00,0.003,,,,,,,,,,,
26-10-2019 12:00,0.002,,,,,,,,,,,
26-10-2019 13:00,0.001,,,,,,,,,,,
26-10-2019 14:00,0.001,,,,,,,,,,,
26-10-2019 15:00,0.002,,,,,,,,,,,
26-10-2019 16:00,0.008,,,,,,,,,,,
26-10-2019 17:00,0.013,,,,,,,,,,,
26-10-2019 18:00,0.014,,,,,,,,,,,
26-10-2019 19:00,0.019,,,,,,,,,,,
26-10-2019 20:00,0.05,,,,,,,,,,,
26-10-2019 21:00,0.108,,,,,,,,,,,
26-10-2019 22:00,0.157,,,,,,,,,,,
26-10-2019 23:00,0.174,,,,,,,,,,,
27-10-2019 00:00,0.163,,,,,,,,,,,
27-10-2019 01:00,0.144,,,,,,,,,,,
27-10-2019 02:00,0.12,,,,,,,,,,,
27-10-2019 03:00,0.11,,,,,,,,,,,
27-10-2019 04:00,0.112,,,,,,,,,,,
27-10-2019 05:00,0.12,,,,,,,,,,,
27-10-2019 06:00,0.136,,,,,,,,,,,
27-10-2019 07:00,0.152,,,,,,,,,,,
27-10-2019 08:00,0.097,,,,,,,,,,,
27-10-2019 09:00,0.035,,,,,,,,,,,
27-10-2019 10:00,0.014,,,,,,,,,,,
27-10-2019 11:00,0.008,,,,,,,,,,,
27-10-2019 12:00,0.004,,,,,,,,,,,
27-10-2019 13:00,0.002,,,,,,,,,,,
27-10-2019 14:00,0.003,,,,,,,,,,,
27-10-2019 15:00,0.003,,,,,,,,,,,
27-10-2019 16:00,0.015,,,,,,,,,,,
27-10-2019 17:00,0.055,,,,,,,,,,,
27-10-2019 18:00,0.136,,,,,,,,,,,
27-10-2019 19:00,0.262,,,,,,,,,,,
27-10-2019 20:00,0.352,,,,,,,,,,,
27-10-2019 21:00,0.367,,,,,,,,,,,
27-10-2019 22:00,0.319,,,,,,,,,,,
27-10-2019 23:00,0.245,,,,,,,,,,,
28-10-2019 00:00,0.193,,,,,,,,,,,
28-10-2019 01:00,0.17,,,,,,,,,,,
28-10-2019 02:00,0.162,,,,,,,,,,,
28-10-2019 03:00,0.147,,,,,,,,,,,
28-10-2019 04:00,0.136,,,,,,,,,,,
28-10-2019 05:00,0.103,,,,,,,,,,,
28-10-2019 06:00,0.072,,,,,,,,,,,
28-10-2019 07:00,0.068,,,,,,,,,,,
28-10-2019 08:00,0.078,,,,,,,,,,,
28-10-2019 09:00,0.077,,,,,,,,,,,
28-10-2019 10:00,0.099,,,,,,,,,,,
28-10-2019 11:00,0.085,,,,,,,,,,,
28-10-2019 12:00,0.054,,,,,,,,,,,
28-10-2019 13:00,0.039,,,,,,,,,,,
28-10-2019 14:00,0.039,,,,,,,,,,,
28-10-2019 15:00,0.047,,,,,,,,,,,
28-10-2019 16:00,0.059,,,,,,,,,,,
28-10-2019 17:00,0.075,,,,,,,,,,,
28-10-2019 18:00,0.076,,,,,,,,,,,
28-10-2019 19:00,0.065,,,,,,,,,,,
28-10-2019 20:00,0.065,,,,,,,,,,,
28-10-2019 21:00,0.09,,,,,,,,,,,
28-10-2019 22:00,0.134,,,,,,,,,,,
28-10-2019 23:00,0.171,,,,,,,,,,,
29-10-2019 00:00,0.195,,,,,,,,,,,
29-10-2019 01:00,0.204,,,,,,,,,,,
29-10-2019 02:00,0.199,,,,,,,,,,,
29-10-2019 03:00,0.178,,,,,,,,,,,
29-10-2019 04:00,0.152,,,,,,,,,,,
29-10-2019 05:00,0.125,,,,,,,,,,,
29-10-2019 06:00,0.115,,,,,,,,,,,
29-10-2019 07:00,0.11,,,,,,,,,,,
29-10-2019 08:00,0.075,,,,,,,,,,,
29-10-2019 09:00,0.123,,,,,,,,,,,
29-10-2019 10:00,0.129,,,,,,,,,,,
29-10-2019 11:00,0.132,,,,,,,,,,,
29-10-2019 12:00,0.146,,,,,,,,,,,
29-10-2019 13:00,0.153,,,,,,,,,,,
29-10-2019 14:00,0.142,,,,,,,,,,,
29-10-2019 15:00,0.143,,,,,,,,,,,
29-10-2019 16:00,0.151,,,,,,,,,,,
29-10-2019 17:00,0.161,,,,,,,,,,,
29-10-2019 18:00,0.172,,,,,,,,,,,
29-10-2019 19:00,0.202,,,,,,,,,,,
29-10-2019 20:00,0.199,,,,,,,,,,,
29-10-2019 21:00,0.126,,,,,,,,,,,
29-10-2019 22:00,0.088,,,,,,,,,,,
29-10-2019 23:00,0.102,,,,,,,,,,,
30-10-2019 00:00,0.134,,,,,,,,,,,
30-10-2019 01:00,0.162,,,,,,,,,,,
30-10-2019 02:00,0.171,,,,,,,,,,,
30-10-2019 03:00,0.125,,,,,,,,,,,
30-10-2019 04:00,0.061,,,,,,,,,,,
30-10-2019 05:00,0.045,,,,,,,,,,,
30-10-2019 06:00,0.024,,,,,,,,,,,
30-10-2019 07:00,0.009,,,,,,,,,,,
30-10-2019 08:00,0.003,,,,,,,,,,,
30-10-2019 09:00,0.007,,,,,,,,,,,
30-10-2019 10:00,0.041,,,,,,,,,,,
30-10-2019 11:00,0.085,,,,,,,,,,,
30-10-2019 12:00,0.131,,,,,,,,,,,
30-10-2019 13:00,0.163,,,,,,,,,,,
30-10-2019 14:00,0.159,,,,,,,,,,,
30-10-2019 15:00,0.144,,,,,,,,,,,
30-10-2019 16:00,0.136,,,,,,,,,,,
30-10-2019 17:00,0.159,,,,,,,,,,,
30-10-2019 18:00,0.232,,,,,,,,,,,
30-10-2019 19:00,0.332,,,,,,,,,,,
30-10-2019 20:00,0.383,,,,,,,,,,,
30-10-2019 21:00,0.408,,,,,,,,,,,
30-10-2019 22:00,0.439,,,,,,,,,,,
30-10-2019 23:00,0.493,,,,,,,,,,,
31-10-2019 00:00,0.538,,,,,,,,,,,
31-10-2019 01:00,0.526,,,,,,,,,,,
31-10-2019 02:00,0.438,,,,,,,,,,,
31-10-2019 03:00,0.394,,,,,,,,,,,
31-10-2019 04:00,0.374,,,,,,,,,,,
31-10-2019 05:00,0.364,,,,,,,,,,,
31-10-2019 06:00,0.344,,,,,,,,,,,
31-10-2019 07:00,0.291,,,,,,,,,,,
31-10-2019 08:00,0.216,,,,,,,,,,,
31-10-2019 09:00,0.289,,,,,,,,,,,
31-10-2019 10:00,0.332,,,,,,,,,,,
31-10-2019 11:00,0.396,,,,,,,,,,,
31-10-2019 12:00,0.463,,,,,,,,,,,
31-10-2019 13:00,0.51,,,,,,,,,,,
31-10-2019 14:00,0.544,,,,,,,,,,,
31-10-2019 15:00,0.582,,,,,,,,,,,
31-10-2019 16:00,0.54,,,,,,,,,,,
31-10-2019 17:00,0.485,,,,,,,,,,,
31-10-2019 18:00,0.467,,,,,,,,,,,
31-10-2019 19:00,0.473,,,,,,,,,,,
31-10-2019 20:00,0.483,,,,,,,,,,,
31-10-2019 21:00,0.47,,,,,,,,,,,
31-10-2019 22:00,0.464,,,,,,,,,,,
31-10-2019 23:00,0.479,,,,,,,,,,,
01-11-2019 00:00,0.475,,,,,,,,,,,
01-11-2019 01:00,0.441,,,,,,,,,,,
01-11-2019 02:00,0.404,,,,,,,,,,,
01-11-2019 03:00,0.389,,,,,,,,,,,
01-11-2019 04:00,0.409,,,,,,,,,,,
01-11-2019 05:00,0.415,,,,,,,,,,,
01-11-2019 06:00,0.424,,,,,,,,,,,
01-11-2019 07:00,0.401,,,,,,,,,,,
01-11-2019 08:00,0.469,,,,,,,,,,,
01-11-2019 09:00,0.617,,,,,,,,,,,
01-11-2019 10:00,0.692,,,,,,,,,,,
01-11-2019 11:00,0.764,,,,,,,,,,,
01-11-2019 12:00,0.816,,,,,,,,,,,
01-11-2019 13:00,0.847,,,,,,,,,,,
01-11-2019 14:00,0.876,,,,,,,,,,,
01-11-2019 15:00,0.899,,,,,,,,,,,
01-11-2019 16:00,0.896,,,,,,,,,,,
01-11-2019 17:00,0.858,,,,,,,,,,,
01-11-2019 18:00,0.828,,,,,,,,,,,
01-11-2019 19:00,0.824,,,,,,,,,,,
01-11-2019 20:00,0.798,,,,,,,,,,,
01-11-2019 21:00,0.791,,,,,,,,,,,
01-11-2019 22:00,0.796,,,,,,,,,,,
01-11-2019 23:00,0.801,,,,,,,,,,,
02-11-2019 00:00,0.829,,,,,,,,,,,
02-11-2019 01:00,0.834,,,,,,,,,,,
02-11-2019 02:00,0.836,,,,,,,,,,,
02-11-2019 03:00,0.821,,,,,,,,,,,
02-11-2019 04:00,0.793,,,,,,,,,,,
02-11-2019 05:00,0.756,,,,,,,,,,,
02-11-2019 06:00,0.718,,,,,,,,,,,
02-11-2019 07:00,0.648,,,,,,,,,,,
02-11-2019 08:00,0.71,,,,,,,,,,,
02-11-2019 09:00,0.82,,,,,,,,,,,
02-11-2019 10:00,0.865,,,,,,,,,,,
02-11-2019 11:00,0.882,,,,,,,,,,,
02-11-2019 12:00,0.894,,,,,,,,,,,
02-11-2019 13:00,0.911,,,,,,,,,,,
02-11-2019 14:00,0.922,,,,,,,,,,,
02-11-2019 15:00,0.932,,,,,,,,,,,
02-11-2019 16:00,0.918,,,,,,,,,,,
02-11-2019 17:00,0.878,,,,,,,,,,,
02-11-2019 18:00,0.883,,,,,,,,,,,
02-11-2019 19:00,0.897,,,,,,,,,,,
02-11-2019 20:00,0.904,,,,,,,,,,,
02-11-2019 21:00,0.914,,,,,,,,,,,
02-11-2019 22:00,0.914,,,,,,,,,,,
02-11-2019 23:00,0.919,,,,,,,,,,,
03-11-2019 00:00,0.942,,,,,,,,,,,
03-11-2019 01:00,0.951,,,,,,,,,,,
03-11-2019 02:00,0.956,,,,,,,,,,,
03-11-2019 03:00,0.966,,,,,,,,,,,
03-11-2019 04:00,0.967,,,,,,,,,,,
03-11-2019 05:00,0.967,,,,,,,,,,,
03-11-2019 06:00,0.972,,,,,,,,,,,
03-11-2019 07:00,0.969,,,,,,,,,,,
03-11-2019 08:00,0.976,,,,,,,,,,,
03-11-2019 09:00,0.989,,,,,,,,,,,
03-11-2019 10:00,0.988,,,,,,,,,,,
03-11-2019 11:00,0.98,,,,,,,,,,,
03-11-2019 12:00,0.968,,,,,,,,,,,
03-11-2019 13:00,0.952,,,,,,,,,,,
03-11-2019 14:00,0.944,,,,,,,,,,,
03-11-2019 15:00,0.943,,,,,,,,,,,
03-11-2019 16:00,0.92,,,,,,,,,,,
03-11-2019 17:00,0.858,,,,,,,,,,,
03-11-2019 18:00,0.786,,,,,,,,,,,
03-11-2019 19:00,0.76,,,,,,,,,,,
03-11-2019 20:00,0.759,,,,,,,,,,,
03-11-2019 21:00,0.752,,,,,,,,,,,
03-11-2019 22:00,0.75,,,,,,,,,,,
03-11-2019 23:00,0.744,,,,,,,,,,,
04-11-2019 00:00,0.731,,,,,,,,,,,
04-11-2019 01:00,0.718,,,,,,,,,,,
04-11-2019 02:00,0.707,,,,,,,,,,,
04-11-2019 03:00,0.7,,,,,,,,,,,
04-11-2019 04:00,0.735,,,,,,,,,,,
04-11-2019 05:00,0.772,,,,,,,,,,,
04-11-2019 06:00,0.812,,,,,,,,,,,
04-11-2019 07:00,0.786,,,,,,,,,,,
04-11-2019 08:00,0.815,,,,,,,,,,,
04-11-2019 09:00,0.914,,,,,,,,,,,
04-11-2019 10:00,0.951,,,,,,,,,,,
04-11-2019 11:00,0.952,,,,,,,,,,,
04-11-2019 12:00,0.956,,,,,,,,,,,
04-11-2019 13:00,0.963,,,,,,,,,,,
04-11-2019 14:00,0.969,,,,,,,,,,,
04-11-2019 15:00,0.973,,,,,,,,,,,
04-11-2019 16:00,0.964,,,,,,,,,,,
04-11-2019 17:00,0.943,,,,,,,,,,,
04-11-2019 18:00,0.946,,,,,,,,,,,
04-11-2019 19:00,0.959,,,,,,,,,,,
04-11-2019 20:00,0.958,,,,,,,,,,,
04-11-2019 21:00,0.947,,,,,,,,,,,
04-11-2019 22:00,0.935,,,,,,,,,,,
04-11-2019 23:00,0.919,,,,,,,,,,,
05-11-2019 00:00,0.894,,,,,,,,,,,
05-11-2019 01:00,0.876,,,,,,,,,,,
05-11-2019 02:00,0.856,,,,,,,,,,,
05-11-2019 03:00,0.813,,,,,,,,,,,
05-11-2019 04:00,0.777,,,,,,,,,,,
05-11-2019 05:00,0.781,,,,,,,,,,,
05-11-2019 06:00,0.798,,,,,,,,,,,
05-11-2019 07:00,0.821,,,,,,,,,,,
05-11-2019 08:00,0.844,,,,,,,,,,,
05-11-2019 09:00,0.866,,,,,,,,,,,
05-11-2019 10:00,0.884,,,,,,,,,,,
05-11-2019 11:00,0.898,,,,,,,,,,,
05-11-2019 12:00,0.914,,,,,,,,,,,
05-11-2019 13:00,0.927,,,,,,,,,,,
05-11-2019 14:00,0.93,,,,,,,,,,,
05-11-2019 15:00,0.925,,,,,,,,,,,
05-11-2019 16:00,0.889,,,,,,,,,,,
05-11-2019 17:00,0.808,,,,,,,,,,,
05-11-2019 18:00,0.746,,,,,,,,,,,
05-11-2019 19:00,0.712,,,,,,,,,,,
05-11-2019 20:00,0.724,,,,,,,,,,,
05-11-2019 21:00,0.685,,,,,,,,,,,
05-11-2019 22:00,0.634,,,,,,,,,,,
05-11-2019 23:00,0.556,,,,,,,,,,,
06-11-2019 00:00,0.509,,,,,,,,,,,
06-11-2019 01:00,0.453,,,,,,,,,,,
06-11-2019 02:00,0.37,,,,,,,,,,,
06-11-2019 03:00,0.286,,,,,,,,,,,
06-11-2019 04:00,0.201,,,,,,,,,,,
06-11-2019 05:00,0.144,,,,,,,,,,,
06-11-2019 06:00,0.114,,,,,,,,,,,
06-11-2019 07:00,0.085,,,,,,,,,,,
06-11-2019 08:00,0.079,,,,,,,,,,,
06-11-2019 09:00,0.093,,,,,,,,,,,
06-11-2019 10:00,0.118,,,,,,,,,,,
06-11-2019 11:00,0.152,,,,,,,,,,,
06-11-2019 12:00,0.214,,,,,,,,,,,
06-11-2019 13:00,0.273,,,,,,,,,,,
06-11-2019 14:00,0.285,,,,,,,,,,,
06-11-2019 15:00,0.261,,,,,,,,,,,
06-11-2019 16:00,0.235,,,,,,,,,,,
06-11-2019 17:00,0.233,,,,,,,,,,,
06-11-2019 18:00,0.244,,,,,,,,,,,
06-11-2019 19:00,0.307,,,,,,,,,,,
06-11-2019 20:00,0.441,,,,,,,,,,,
06-11-2019 21:00,0.58,,,,,,,,,,,
06-11-2019 22:00,0.639,,,,,,,,,,,
06-11-2019 23:00,0.644,,,,,,,,,,,
07-11-2019 00:00,0.631,,,,,,,,,,,
07-11-2019 01:00,0.608,,,,,,,,,,,
07-11-2019 02:00,0.578,,,,,,,,,,,
07-11-2019 03:00,0.562,,,,,,,,,,,
07-11-2019 04:00,0.556,,,,,,,,,,,
07-11-2019 05:00,0.648,,,,,,,,,,,
07-11-2019 06:00,0.722,,,,,,,,,,,
07-11-2019 07:00,0.767,,,,,,,,,,,
07-11-2019 08:00,0.695,,,,,,,,,,,
07-11-2019 09:00,0.71,,,,,,,,,,,
07-11-2019 10:00,0.796,,,,,,,,,,,
07-11-2019 11:00,0.811,,,,,,,,,,,
07-11-2019 12:00,0.768,,,,,,,,,,,
07-11-2019 13:00,0.731,,,,,,,,,,,
07-11-2019 14:00,0.714,,,,,,,,,,,
07-11-2019 15:00,0.715,,,,,,,,,,,
07-11-2019 16:00,0.739,,,,,,,,,,,
07-11-2019 17:00,0.777,,,,,,,,,,,
07-11-2019 18:00,0.8,,,,,,,,,,,
07-11-2019 19:00,0.756,,,,,,,,,,,
07-11-2019 20:00,0.698,,,,,,,,,,,
07-11-2019 21:00,0.707,,,,,,,,,,,
07-11-2019 22:00,0.752,,,,,,,,,,,
07-11-2019 23:00,0.733,,,,,,,,,,,
08-11-2019 00:00,0.692,,,,,,,,,,,
08-11-2019 01:00,0.654,,,,,,,,,,,
08-11-2019 02:00,0.595,,,,,,,,,,,
08-11-2019 03:00,0.575,,,,,,,,,,,
08-11-2019 04:00,0.58,,,,,,,,,,,
08-11-2019 05:00,0.574,,,,,,,,,,,
08-11-2019 06:00,0.6,,,,,,,,,,,
08-11-2019 07:00,0.608,,,,,,,,,,,
08-11-2019 08:00,0.63,,,,,,,,,,,
08-11-2019 09:00,0.691,,,,,,,,,,,
08-11-2019 10:00,0.733,,,,,,,,,,,
08-11-2019 11:00,0.731,,,,,,,,,,,
08-11-2019 12:00,0.747,,,,,,,,,,,
08-11-2019 13:00,0.776,,,,,,,,,,,
08-11-2019 14:00,0.794,,,,,,,,,,,
08-11-2019 15:00,0.78,,,,,,,,,,,
08-11-2019 16:00,0.692,,,,,,,,,,,
08-11-2019 17:00,0.645,,,,,,,,,,,
08-11-2019 18:00,0.677,,,,,,,,,,,
08-11-2019 19:00,0.688,,,,,,,,,,,
08-11-2019 20:00,0.7,,,,,,,,,,,
08-11-2019 21:00,0.7,,,,,,,,,,,
08-11-2019 22:00,0.665,,,,,,,,,,,
08-11-2019 23:00,0.603,,,,,,,,,,,
09-11-2019 00:00,0.51,,,,,,,,,,,
09-11-2019 01:00,0.459,,,,,,,,,,,
09-11-2019 02:00,0.462,,,,,,,,,,,
09-11-2019 03:00,0.415,,,,,,,,,,,
09-11-2019 04:00,0.328,,,,,,,,,,,
09-11-2019 05:00,0.245,,,,,,,,,,,
09-11-2019 06:00,0.196,,,,,,,,,,,
09-11-2019 07:00,0.157,,,,,,,,,,,
09-11-2019 08:00,0.103,,,,,,,,,,,
09-11-2019 09:00,0.122,,,,,,,,,,,
09-11-2019 10:00,0.235,,,,,,,,,,,
09-11-2019 11:00,0.352,,,,,,,,,,,
09-11-2019 12:00,0.457,,,,,,,,,,,
09-11-2019 13:00,0.568,,,,,,,,,,,
09-11-2019 14:00,0.65,,,,,,,,,,,
09-11-2019 15:00,0.651,,,,,,,,,,,
09-11-2019 16:00,0.592,,,,,,,,,,,
09-11-2019 17:00,0.656,,,,,,,,,,,
09-11-2019 18:00,0.729,,,,,,,,,,,
09-11-2019 19:00,0.747,,,,,,,,,,,
09-11-2019 20:00,0.769,,,,,,,,,,,
09-11-2019 21:00,0.797,,,,,,,,,,,
09-11-2019 22:00,0.772,,,,,,,,,,,
09-11-2019 23:00,0.782,,,,,,,,,,,
10-11-2019 00:00,0.782,,,,,,,,,,,
10-11-2019 01:00,0.742,,,,,,,,,,,
10-11-2019 02:00,0.722,,,,,,,,,,,
10-11-2019 03:00,0.724,,,,,,,,,,,
10-11-2019 04:00,0.674,,,,,,,,,,,
10-11-2019 05:00,0.661,,,,,,,,,,,
10-11-2019 06:00,0.672,,,,,,,,,,,
10-11-2019 07:00,0.651,,,,,,,,,,,
10-11-2019 08:00,0.71,,,,,,,,,,,
10-11-2019 09:00,0.841,,,,,,,,,,,
10-11-2019 10:00,0.871,,,,,,,,,,,
10-11-2019 11:00,0.895,,,,,,,,,,,
10-11-2019 12:00,0.914,,,,,,,,,,,
10-11-2019 13:00,0.92,,,,,,,,,,,
10-11-2019 14:00,0.928,,,,,,,,,,,
10-11-2019 15:00,0.92,,,,,,,,,,,
10-11-2019 16:00,0.88,,,,,,,,,,,
10-11-2019 17:00,0.818,,,,,,,,,,,
10-11-2019 18:00,0.737,,,,,,,,,,,
10-11-2019 19:00,0.688,,,,,,,,,,,
10-11-2019 20:00,0.661,,,,,,,,,,,
10-11-2019 21:00,0.579,,,,,,,,,,,
10-11-2019 22:00,0.539,,,,,,,,,,,
10-11-2019 23:00,0.552,,,,,,,,,,,
11-11-2019 00:00,0.509,,,,,,,,,,,
11-11-2019 01:00,0.407,,,,,,,,,,,
11-11-2019 02:00,0.41,,,,,,,,,,,
11-11-2019 03:00,0.401,,,,,,,,,,,
11-11-2019 04:00,0.348,,,,,,,,,,,
11-11-2019 05:00,0.293,,,,,,,,,,,
11-11-2019 06:00,0.291,,,,,,,,,,,
11-11-2019 07:00,0.278,,,,,,,,,,,
11-11-2019 08:00,0.207,,,,,,,,,,,
11-11-2019 09:00,0.285,,,,,,,,,,,
11-11-2019 10:00,0.481,,,,,,,,,,,
11-11-2019 11:00,0.538,,,,,,,,,,,
11-11-2019 12:00,0.558,,,,,,,,,,,
11-11-2019 13:00,0.583,,,,,,,,,,,
11-11-2019 14:00,0.574,,,,,,,,,,,
11-11-2019 15:00,0.544,,,,,,,,,,,
11-11-2019 16:00,0.437,,,,,,,,,,,
11-11-2019 17:00,0.484,,,,,,,,,,,
11-11-2019 18:00,0.561,,,,,,,,,,,
11-11-2019 19:00,0.606,,,,,,,,,,,
11-11-2019 20:00,0.65,,,,,,,,,,,
11-11-2019 21:00,0.653,,,,,,,,,,,
11-11-2019 22:00,0.618,,,,,,,,,,,
11-11-2019 23:00,0.574,,,,,,,,,,,
12-11-2019 00:00,0.522,,,,,,,,,,,
12-11-2019 01:00,0.503,,,,,,,,,,,
12-11-2019 02:00,0.468,,,,,,,,,,,
12-11-2019 03:00,0.386,,,,,,,,,,,
12-11-2019 04:00,0.332,,,,,,,,,,,
12-11-2019 05:00,0.304,,,,,,,,,,,
12-11-2019 06:00,0.272,,,,,,,,,,,
12-11-2019 07:00,0.238,,,,,,,,,,,
12-11-2019 08:00,0.134,,,,,,,,,,,
12-11-2019 09:00,0.187,,,,,,,,,,,
12-11-2019 10:00,0.325,,,,,,,,,,,
12-11-2019 11:00,0.402,,,,,,,,,,,
12-11-2019 12:00,0.439,,,,,,,,,,,
12-11-2019 13:00,0.451,,,,,,,,,,,
12-11-2019 14:00,0.504,,,,,,,,,,,
12-11-2019 15:00,0.525,,,,,,,,,,,
12-11-2019 16:00,0.464,,,,,,,,,,,
12-11-2019 17:00,0.453,,,,,,,,,,,
12-11-2019 18:00,0.491,,,,,,,,,,,
12-11-2019 19:00,0.619,,,,,,,,,,,
12-11-2019 20:00,0.739,,,,,,,,,,,
12-11-2019 21:00,0.747,,,,,,,,,,,
12-11-2019 22:00,0.767,,,,,,,,,,,
12-11-2019 23:00,0.816,,,,,,,,,,,
13-11-2019 00:00,0.856,,,,,,,,,,,
13-11-2019 01:00,0.865,,,,,,,,,,,
13-11-2019 02:00,0.884,,,,,,,,,,,
13-11-2019 03:00,0.919,,,,,,,,,,,
13-11-2019 04:00,0.917,,,,,,,,,,,
13-11-2019 05:00,0.959,,,,,,,,,,,
13-11-2019 06:00,0.941,,,,,,,,,,,
13-11-2019 07:00,0.921,,,,,,,,,,,
13-11-2019 08:00,0.907,,,,,,,,,,,
13-11-2019 09:00,0.931,,,,,,,,,,,
13-11-2019 10:00,0.937,,,,,,,,,,,
13-11-2019 11:00,0.893,,,,,,,,,,,
13-11-2019 12:00,0.818,,,,,,,,,,,
13-11-2019 13:00,0.713,,,,,,,,,,,
13-11-2019 14:00,0.59,,,,,,,,,,,
13-11-2019 15:00,0.51,,,,,,,,,,,
13-11-2019 16:00,0.436,,,,,,,,,,,
13-11-2019 17:00,0.412,,,,,,,,,,,
13-11-2019 18:00,0.399,,,,,,,,,,,
13-11-2019 19:00,0.47,,,,,,,,,,,
13-11-2019 20:00,0.673,,,,,,,,,,,
13-11-2019 21:00,0.77,,,,,,,,,,,
13-11-2019 22:00,0.812,,,,,,,,,,,
13-11-2019 23:00,0.812,,,,,,,,,,,
14-11-2019 00:00,0.821,,,,,,,,,,,
14-11-2019 01:00,0.793,,,,,,,,,,,
14-11-2019 02:00,0.826,,,,,,,,,,,
14-11-2019 03:00,0.855,,,,,,,,,,,
14-11-2019 04:00,0.841,,,,,,,,,,,
14-11-2019 05:00,0.87,,,,,,,,,,,
14-11-2019 06:00,0.905,,,,,,,,,,,
14-11-2019 07:00,0.925,,,,,,,,,,,
14-11-2019 08:00,0.93,,,,,,,,,,,
14-11-2019 09:00,0.936,,,,,,,,,,,
14-11-2019 10:00,0.965,,,,,,,,,,,
14-11-2019 11:00,0.973,,,,,,,,,,,
14-11-2019 12:00,0.959,,,,,,,,,,,
14-11-2019 13:00,0.928,,,,,,,,,,,
14-11-2019 14:00,0.912,,,,,,,,,,,
14-11-2019 15:00,0.895,,,,,,,,,,,
14-11-2019 16:00,0.935,,,,,,,,,,,
14-11-2019 17:00,0.974,,,,,,,,,,,
14-11-2019 18:00,0.983,,,,,,,,,,,
14-11-2019 19:00,0.974,,,,,,,,,,,
14-11-2019 20:00,0.961,,,,,,,,,,,
14-11-2019 21:00,0.948,,,,,,,,,,,
14-11-2019 22:00,0.907,,,,,,,,,,,
14-11-2019 23:00,0.831,,,,,,,,,,,
15-11-2019 00:00,0.768,,,,,,,,,,,
15-11-2019 01:00,0.717,,,,,,,,,,,
15-11-2019 02:00,0.65,,,,,,,,,,,
15-11-2019 03:00,0.558,,,,,,,,,,,
15-11-2019 04:00,0.529,,,,,,,,,,,
15-11-2019 05:00,0.475,,,,,,,,,,,
15-11-2019 06:00,0.408,,,,,,,,,,,
15-11-2019 07:00,0.346,,,,,,,,,,,
15-11-2019 08:00,0.331,,,,,,,,,,,
15-11-2019 09:00,0.303,,,,,,,,,,,
15-11-2019 10:00,0.311,,,,,,,,,,,
15-11-2019 11:00,0.306,,,,,,,,,,,
15-11-2019 12:00,0.329,,,,,,,,,,,
15-11-2019 13:00,0.36,,,,,,,,,,,
15-11-2019 14:00,0.379,,,,,,,,,,,
15-11-2019 15:00,0.4,,,,,,,,,,,
15-11-2019 16:00,0.388,,,,,,,,,,,
15-11-2019 17:00,0.398,,,,,,,,,,,
15-11-2019 18:00,0.433,,,,,,,,,,,
15-11-2019 19:00,0.464,,,,,,,,,,,
15-11-2019 20:00,0.483,,,,,,,,,,,
15-11-2019 21:00,0.491,,,,,,,,,,,
15-11-2019 22:00,0.468,,,,,,,,,,,
15-11-2019 23:00,0.457,,,,,,,,,,,
16-11-2019 00:00,0.448,,,,,,,,,,,
16-11-2019 01:00,0.431,,,,,,,,,,,
16-11-2019 02:00,0.401,,,,,,,,,,,
16-11-2019 03:00,0.384,,,,,,,,,,,
16-11-2019 04:00,0.355,,,,,,,,,,,
16-11-2019 05:00,0.312,,,,,,,,,,,
16-11-2019 06:00,0.276,,,,,,,,,,,
16-11-2019 07:00,0.241,,,,,,,,,,,
16-11-2019 08:00,0.201,,,,,,,,,,,
16-11-2019 09:00,0.203,,,,,,,,,,,
16-11-2019 10:00,0.259,,,,,,,,,,,
16-11-2019 11:00,0.311,,,,,,,,,,,
16-11-2019 12:00,0.346,,,,,,,,,,,
16-11-2019 13:00,0.341,,,,,,,,,,,
16-11-2019 14:00,0.328,,,,,,,,,,,
16-11-2019 15:00,0.372,,,,,,,,,,,
16-11-2019 16:00,0.417,,,,,,,,,,,
16-11-2019 17:00,0.479,,,,,,,,,,,
16-11-2019 18:00,0.519,,,,,,,,,,,
16-11-2019 19:00,0.574,,,,,,,,,,,
16-11-2019 20:00,0.615,,,,,,,,,,,
16-11-2019 21:00,0.637,,,,,,,,,,,
16-11-2019 22:00,0.631,,,,,,,,,,,
16-11-2019 23:00,0.605,,,,,,,,,,,
17-11-2019 00:00,0.588,,,,,,,,,,,
17-11-2019 01:00,0.572,,,,,,,,,,,
17-11-2019 02:00,0.566,,,,,,,,,,,
17-11-2019 03:00,0.545,,,,,,,,,,,
17-11-2019 04:00,0.525,,,,,,,,,,,
17-11-2019 05:00,0.516,,,,,,,,,,,
17-11-2019 06:00,0.483,,,,,,,,,,,
17-11-2019 07:00,0.413,,,,,,,,,,,
17-11-2019 08:00,0.341,,,,,,,,,,,
17-11-2019 09:00,0.494,,,,,,,,,,,
17-11-2019 10:00,0.568,,,,,,,,,,,
17-11-2019 11:00,0.635,,,,,,,,,,,
17-11-2019 12:00,0.71,,,,,,,,,,,
17-11-2019 13:00,0.765,,,,,,,,,,,
17-11-2019 14:00,0.772,,,,,,,,,,,
17-11-2019 15:00,0.702,,,,,,,,,,,
17-11-2019 16:00,0.595,,,,,,,,,,,
17-11-2019 17:00,0.575,,,,,,,,,,,
17-11-2019 18:00,0.535,,,,,,,,,,,
17-11-2019 19:00,0.618,,,,,,,,,,,
17-11-2019 20:00,0.707,,,,,,,,,,,
17-11-2019 21:00,0.75,,,,,,,,,,,
17-11-2019 22:00,0.737,,,,,,,,,,,
17-11-2019 23:00,0.613,,,,,,,,,,,
18-11-2019 00:00,0.461,,,,,,,,,,,
18-11-2019 01:00,0.311,,,,,,,,,,,
18-11-2019 02:00,0.271,,,,,,,,,,,
18-11-2019 03:00,0.272,,,,,,,,,,,
18-11-2019 04:00,0.264,,,,,,,,,,,
18-11-2019 05:00,0.264,,,,,,,,,,,
18-11-2019 06:00,0.275,,,,,,,,,,,
18-11-2019 07:00,0.274,,,,,,,,,,,
18-11-2019 08:00,0.279,,,,,,,,,,,
18-11-2019 09:00,0.331,,,,,,,,,,,
18-11-2019 10:00,0.451,,,,,,,,,,,
18-11-2019 11:00,0.58,,,,,,,,,,,
18-11-2019 12:00,0.618,,,,,,,,,,,
18-11-2019 13:00,0.601,,,,,,,,,,,
18-11-2019 14:00,0.56,,,,,,,,,,,
18-11-2019 15:00,0.532,,,,,,,,,,,
18-11-2019 16:00,0.492,,,,,,,,,,,
18-11-2019 17:00,0.544,,,,,,,,,,,
18-11-2019 18:00,0.601,,,,,,,,,,,
18-11-2019 19:00,0.603,,,,,,,,,,,
18-11-2019 20:00,0.574,,,,,,,,,,,
18-11-2019 21:00,0.494,,,,,,,,,,,
18-11-2019 22:00,0.389,,,,,,,,,,,
18-11-2019 23:00,0.302,,,,,,,,,,,
19-11-2019 00:00,0.222,,,,,,,,,,,
19-11-2019 01:00,0.155,,,,,,,,,,,
19-11-2019 02:00,0.109,,,,,,,,,,,
19-11-2019 03:00,0.076,,,,,,,,,,,
19-11-2019 04:00,0.047,,,,,,,,,,,
19-11-2019 05:00,0.028,,,,,,,,,,,
19-11-2019 06:00,0.026,,,,,,,,,,,
19-11-2019 07:00,0.038,,,,,,,,,,,
19-11-2019 08:00,0.047,,,,,,,,,,,
19-11-2019 09:00,0.049,,,,,,,,,,,
19-11-2019 10:00,0.127,,,,,,,,,,,
19-11-2019 11:00,0.164,,,,,,,,,,,
19-11-2019 12:00,0.194,,,,,,,,,,,
19-11-2019 13:00,0.223,,,,,,,,,,,
19-11-2019 14:00,0.22,,,,,,,,,,,
19-11-2019 15:00,0.171,,,,,,,,,,,
19-11-2019 16:00,0.142,,,,,,,,,,,
19-11-2019 17:00,0.126,,,,,,,,,,,
19-11-2019 18:00,0.109,,,,,,,,,,,
19-11-2019 19:00,0.098,,,,,,,,,,,
19-11-2019 20:00,0.09,,,,,,,,,,,
19-11-2019 21:00,0.093,,,,,,,,,,,
19-11-2019 22:00,0.1,,,,,,,,,,,
19-11-2019 23:00,0.101,,,,,,,,,,,
20-11-2019 00:00,0.096,,,,,,,,,,,
20-11-2019 01:00,0.094,,,,,,,,,,,
20-11-2019 02:00,0.101,,,,,,,,,,,
20-11-2019 03:00,0.118,,,,,,,,,,,
20-11-2019 04:00,0.14,,,,,,,,,,,
20-11-2019 05:00,0.179,,,,,,,,,,,
20-11-2019 06:00,0.225,,,,,,,,,,,
20-11-2019 07:00,0.253,,,,,,,,,,,
20-11-2019 08:00,0.197,,,,,,,,,,,
20-11-2019 09:00,0.143,,,,,,,,,,,
20-11-2019 10:00,0.255,,,,,,,,,,,
20-11-2019 11:00,0.3,,,,,,,,,,,
20-11-2019 12:00,0.324,,,,,,,,,,,
20-11-2019 13:00,0.328,,,,,,,,,,,
20-11-2019 14:00,0.303,,,,,,,,,,,
20-11-2019 15:00,0.244,,,,,,,,,,,
20-11-2019 16:00,0.192,,,,,,,,,,,
20-11-2019 17:00,0.176,,,,,,,,,,,
20-11-2019 18:00,0.203,,,,,,,,,,,
20-11-2019 19:00,0.208,,,,,,,,,,,
20-11-2019 20:00,0.226,,,,,,,,,,,
20-11-2019 21:00,0.302,,,,,,,,,,,
20-11-2019 22:00,0.326,,,,,,,,,,,
20-11-2019 23:00,0.343,,,,,,,,,,,
21-11-2019 00:00,0.358,,,,,,,,,,,
21-11-2019 01:00,0.337,,,,,,,,,,,
21-11-2019 02:00,0.355,,,,,,,,,,,
21-11-2019 03:00,0.358,,,,,,,,,,,
21-11-2019 04:00,0.378,,,,,,,,,,,
21-11-2019 05:00,0.372,,,,,,,,,,,
21-11-2019 06:00,0.334,,,,,,,,,,,
21-11-2019 07:00,0.284,,,,,,,,,,,
21-11-2019 08:00,0.231,,,,,,,,,,,
21-11-2019 09:00,0.201,,,,,,,,,,,
21-11-2019 10:00,0.272,,,,,,,,,,,
21-11-2019 11:00,0.333,,,,,,,,,,,
21-11-2019 12:00,0.352,,,,,,,,,,,
21-11-2019 13:00,0.324,,,,,,,,,,,
21-11-2019 14:00,0.231,,,,,,,,,,,
21-11-2019 15:00,0.142,,,,,,,,,,,
21-11-2019 16:00,0.112,,,,,,,,,,,
21-11-2019 17:00,0.128,,,,,,,,,,,
21-11-2019 18:00,0.155,,,,,,,,,,,
21-11-2019 19:00,0.176,,,,,,,,,,,
21-11-2019 20:00,0.184,,,,,,,,,,,
21-11-2019 21:00,0.182,,,,,,,,,,,
21-11-2019 22:00,0.191,,,,,,,,,,,
21-11-2019 23:00,0.203,,,,,,,,,,,
22-11-2019 00:00,0.207,,,,,,,,,,,
22-11-2019 01:00,0.235,,,,,,,,,,,
22-11-2019 02:00,0.265,,,,,,,,,,,
22-11-2019 03:00,0.323,,,,,,,,,,,
22-11-2019 04:00,0.33,,,,,,,,,,,
22-11-2019 05:00,0.369,,,,,,,,,,,
22-11-2019 06:00,0.421,,,,,,,,,,,
22-11-2019 07:00,0.472,,,,,,,,,,,
22-11-2019 08:00,0.55,,,,,,,,,,,
22-11-2019 09:00,0.674,,,,,,,,,,,
22-11-2019 10:00,0.826,,,,,,,,,,,
22-11-2019 11:00,0.901,,,,,,,,,,,
22-11-2019 12:00,0.962,,,,,,,,,,,
22-11-2019 13:00,0.981,,,,,,,,,,,
22-11-2019 14:00,0.988,,,,,,,,,,,
22-11-2019 15:00,0.989,,,,,,,,,,,
22-11-2019 16:00,0.99,,,,,,,,,,,
22-11-2019 17:00,0.978,,,,,,,,,,,
22-11-2019 18:00,0.955,,,,,,,,,,,
22-11-2019 19:00,0.972,,,,,,,,,,,
22-11-2019 20:00,0.889,,,,,,,,,,,
22-11-2019 21:00,0.808,,,,,,,,,,,
22-11-2019 22:00,0.814,,,,,,,,,,,
22-11-2019 23:00,0.858,,,,,,,,,,,
23-11-2019 00:00,0.914,,,,,,,,,,,
23-11-2019 01:00,0.942,,,,,,,,,,,
23-11-2019 02:00,0.97,,,,,,,,,,,
23-11-2019 03:00,0.981,,,,,,,,,,,
23-11-2019 04:00,0.98,,,,,,,,,,,
23-11-2019 05:00,0.966,,,,,,,,,,,
23-11-2019 06:00,0.95,,,,,,,,,,,
23-11-2019 07:00,0.933,,,,,,,,,,,
23-11-2019 08:00,0.918,,,,,,,,,,,
23-11-2019 09:00,0.95,,,,,,,,,,,
23-11-2019 10:00,0.956,,,,,,,,,,,
23-11-2019 11:00,0.954,,,,,,,,,,,
23-11-2019 12:00,0.945,,,,,,,,,,,
23-11-2019 13:00,0.931,,,,,,,,,,,
23-11-2019 14:00,0.917,,,,,,,,,,,
23-11-2019 15:00,0.911,,,,,,,,,,,
23-11-2019 16:00,0.878,,,,,,,,,,,
23-11-2019 17:00,0.866,,,,,,,,,,,
23-11-2019 18:00,0.834,,,,,,,,,,,
23-11-2019 19:00,0.8,,,,,,,,,,,
23-11-2019 20:00,0.774,,,,,,,,,,,
23-11-2019 21:00,0.746,,,,,,,,,,,
23-11-2019 22:00,0.71,,,,,,,,,,,
23-11-2019 23:00,0.652,,,,,,,,,,,
24-11-2019 00:00,0.595,,,,,,,,,,,
24-11-2019 01:00,0.506,,,,,,,,,,,
24-11-2019 02:00,0.404,,,,,,,,,,,
24-11-2019 03:00,0.317,,,,,,,,,,,
24-11-2019 04:00,0.301,,,,,,,,,,,
24-11-2019 05:00,0.253,,,,,,,,,,,
24-11-2019 06:00,0.196,,,,,,,,,,,
24-11-2019 07:00,0.164,,,,,,,,,,,
24-11-2019 08:00,0.151,,,,,,,,,,,
24-11-2019 09:00,0.169,,,,,,,,,,,
24-11-2019 10:00,0.199,,,,,,,,,,,
24-11-2019 11:00,0.253,,,,,,,,,,,
24-11-2019 12:00,0.334,,,,,,,,,,,
24-11-2019 13:00,0.384,,,,,,,,,,,
24-11-2019 14:00,0.444,,,,,,,,,,,
24-11-2019 15:00,0.504,,,,,,,,,,,
24-11-2019 16:00,0.523,,,,,,,,,,,
24-11-2019 17:00,0.613,,,,,,,,,,,
24-11-2019 18:00,0.663,,,,,,,,,,,
24-11-2019 19:00,0.682,,,,,,,,,,,
24-11-2019 20:00,0.678,,,,,,,,,,,
24-11-2019 21:00,0.663,,,,,,,,,,,
24-11-2019 22:00,0.606,,,,,,,,,,,
24-11-2019 23:00,0.563,,,,,,,,,,,
25-11-2019 00:00,0.58,,,,,,,,,,,
25-11-2019 01:00,0.618,,,,,,,,,,,
25-11-2019 02:00,0.706,,,,,,,,,,,
25-11-2019 03:00,0.804,,,,,,,,,,,
25-11-2019 04:00,0.824,,,,,,,,,,,
25-11-2019 05:00,0.826,,,,,,,,,,,
25-11-2019 06:00,0.812,,,,,,,,,,,
25-11-2019 07:00,0.8,,,,,,,,,,,
25-11-2019 08:00,0.729,,,,,,,,,,,
25-11-2019 09:00,0.678,,,,,,,,,,,
25-11-2019 10:00,0.737,,,,,,,,,,,
25-11-2019 11:00,0.806,,,,,,,,,,,
25-11-2019 12:00,0.831,,,,,,,,,,,
25-11-2019 13:00,0.838,,,,,,,,,,,
25-11-2019 14:00,0.826,,,,,,,,,,,
25-11-2019 15:00,0.756,,,,,,,,,,,
25-11-2019 16:00,0.639,,,,,,,,,,,
25-11-2019 17:00,0.582,,,,,,,,,,,
25-11-2019 18:00,0.613,,,,,,,,,,,
25-11-2019 19:00,0.571,,,,,,,,,,,
25-11-2019 20:00,0.503,,,,,,,,,,,
25-11-2019 21:00,0.46,,,,,,,,,,,
25-11-2019 22:00,0.466,,,,,,,,,,,
25-11-2019 23:00,0.461,,,,,,,,,,,
26-11-2019 00:00,0.464,,,,,,,,,,,
26-11-2019 01:00,0.484,,,,,,,,,,,
26-11-2019 02:00,0.526,,,,,,,,,,,
26-11-2019 03:00,0.502,,,,,,,,,,,
26-11-2019 04:00,0.466,,,,,,,,,,,
26-11-2019 05:00,0.423,,,,,,,,,,,
26-11-2019 06:00,0.394,,,,,,,,,,,
26-11-2019 07:00,0.374,,,,,,,,,,,
26-11-2019 08:00,0.303,,,,,,,,,,,
26-11-2019 09:00,0.412,,,,,,,,,,,
26-11-2019 10:00,0.415,,,,,,,,,,,
26-11-2019 11:00,0.442,,,,,,,,,,,
26-11-2019 12:00,0.556,,,,,,,,,,,
26-11-2019 13:00,0.661,,,,,,,,,,,
26-11-2019 14:00,0.72,,,,,,,,,,,
26-11-2019 15:00,0.707,,,,,,,,,,,
26-11-2019 16:00,0.623,,,,,,,,,,,
26-11-2019 17:00,0.681,,,,,,,,,,,
26-11-2019 18:00,0.725,,,,,,,,,,,
26-11-2019 19:00,0.724,,,,,,,,,,,
26-11-2019 20:00,0.782,,,,,,,,,,,
26-11-2019 21:00,0.873,,,,,,,,,,,
26-11-2019 22:00,0.917,,,,,,,,,,,
26-11-2019 23:00,0.903,,,,,,,,,,,
27-11-2019 00:00,0.863,,,,,,,,,,,
27-11-2019 01:00,0.865,,,,,,,,,,,
27-11-2019 02:00,0.87,,,,,,,,,,,
27-11-2019 03:00,0.831,,,,,,,,,,,
27-11-2019 04:00,0.803,,,,,,,,,,,
27-11-2019 05:00,0.778,,,,,,,,,,,
27-11-2019 06:00,0.73,,,,,,,,,,,
27-11-2019 07:00,0.711,,,,,,,,,,,
27-11-2019 08:00,0.698,,,,,,,,,,,
27-11-2019 09:00,0.718,,,,,,,,,,,
27-11-2019 10:00,0.715,,,,,,,,,,,
27-11-2019 11:00,0.69,,,,,,,,,,,
27-11-2019 12:00,0.679,,,,,,,,,,,
27-11-2019 13:00,0.703,,,,,,,,,,,
27-11-2019 14:00,0.727,,,,,,,,,,,
27-11-2019 15:00,0.734,,,,,,,,,,,
27-11-2019 16:00,0.698,,,,,,,,,,,
27-11-2019 17:00,0.703,,,,,,,,,,,
27-11-2019 18:00,0.708,,,,,,,,,,,
27-11-2019 19:00,0.702,,,,,,,,,,,
27-11-2019 20:00,0.695,,,,,,,,,,,
27-11-2019 21:00,0.678,,,,,,,,,,,
27-11-2019 22:00,0.644,,,,,,,,,,,
27-11-2019 23:00,0.641,,,,,,,,,,,
28-11-2019 00:00,0.644,,,,,,,,,,,
28-11-2019 01:00,0.626,,,,,,,,,,,
28-11-2019 02:00,0.538,,,,,,,,,,,
28-11-2019 03:00,0.498,,,,,,,,,,,
28-11-2019 04:00,0.42,,,,,,,,,,,
28-11-2019 05:00,0.302,,,,,,,,,,,
28-11-2019 06:00,0.255,,,,,,,,,,,
28-11-2019 07:00,0.251,,,,,,,,,,,
28-11-2019 08:00,0.263,,,,,,,,,,,
28-11-2019 09:00,0.328,,,,,,,,,,,
28-11-2019 10:00,0.35,,,,,,,,,,,
28-11-2019 11:00,0.379,,,,,,,,,,,
28-11-2019 12:00,0.44,,,,,,,,,,,
28-11-2019 13:00,0.498,,,,,,,,,,,
28-11-2019 14:00,0.527,,,,,,,,,,,
28-11-2019 15:00,0.527,,,,,,,,,,,
28-11-2019 16:00,0.494,,,,,,,,,,,
28-11-2019 17:00,0.526,,,,,,,,,,,
28-11-2019 18:00,0.556,,,,,,,,,,,
28-11-2019 19:00,0.586,,,,,,,,,,,
28-11-2019 20:00,0.611,,,,,,,,,,,
28-11-2019 21:00,0.626,,,,,,,,,,,
28-11-2019 22:00,0.609,,,,,,,,,,,
28-11-2019 23:00,0.624,,,,,,,,,,,
29-11-2019 00:00,0.61,,,,,,,,,,,
29-11-2019 01:00,0.596,,,,,,,,,,,
29-11-2019 02:00,0.583,,,,,,,,,,,
29-11-2019 03:00,0.586,,,,,,,,,,,
29-11-2019 04:00,0.516,,,,,,,,,,,
29-11-2019 05:00,0.447,,,,,,,,,,,
29-11-2019 06:00,0.42,,,,,,,,,,,
29-11-2019 07:00,0.366,,,,,,,,,,,
29-11-2019 08:00,0.294,,,,,,,,,,,
29-11-2019 09:00,0.27,,,,,,,,,,,
29-11-2019 10:00,0.402,,,,,,,,,,,
29-11-2019 11:00,0.41,,,,,,,,,,,
29-11-2019 12:00,0.371,,,,,,,,,,,
29-11-2019 13:00,0.352,,,,,,,,,,,
29-11-2019 14:00,0.332,,,,,,,,,,,
29-11-2019 15:00,0.288,,,,,,,,,,,
29-11-2019 16:00,0.261,,,,,,,,,,,
29-11-2019 17:00,0.295,,,,,,,,,,,
29-11-2019 18:00,0.323,,,,,,,,,,,
29-11-2019 19:00,0.337,,,,,,,,,,,
29-11-2019 20:00,0.332,,,,,,,,,,,
29-11-2019 21:00,0.311,,,,,,,,,,,
29-11-2019 22:00,0.291,,,,,,,,,,,
29-11-2019 23:00,0.263,,,,,,,,,,,
30-11-2019 00:00,0.229,,,,,,,,,,,
30-11-2019 01:00,0.225,,,,,,,,,,,
30-11-2019 02:00,0.243,,,,,,,,,,,
30-11-2019 03:00,0.26,,,,,,,,,,,
30-11-2019 04:00,0.264,,,,,,,,,,,
30-11-2019 05:00,0.259,,,,,,,,,,,
30-11-2019 06:00,0.235,,,,,,,,,,,
30-11-2019 07:00,0.231,,,,,,,,,,,
30-11-2019 08:00,0.181,,,,,,,,,,,
30-11-2019 09:00,0.174,,,,,,,,,,,
30-11-2019 10:00,0.259,,,,,,,,,,,
30-11-2019 11:00,0.33,,,,,,,,,,,
30-11-2019 12:00,0.429,,,,,,,,,,,
30-11-2019 13:00,0.529,,,,,,,,,,,
30-11-2019 14:00,0.605,,,,,,,,,,,
30-11-2019 15:00,0.59,,,,,,,,,,,
30-11-2019 16:00,0.516,,,,,,,,,,,
30-11-2019 17:00,0.548,,,,,,,,,,,
30-11-2019 18:00,0.583,,,,,,,,,,,
30-11-2019 19:00,0.599,,,,,,,,,,,
30-11-2019 20:00,0.625,,,,,,,,,,,
30-11-2019 21:00,0.651,,,,,,,,,,,
30-11-2019 22:00,0.639,,,,,,,,,,,
30-11-2019 23:00,0.615,,,,,,,,,,,
01-12-2019 00:00,0.615,,,,,,,,,,,
01-12-2019 01:00,0.582,,,,,,,,,,,
01-12-2019 02:00,0.498,,,,,,,,,,,
01-12-2019 03:00,0.431,,,,,,,,,,,
01-12-2019 04:00,0.367,,,,,,,,,,,
01-12-2019 05:00,0.291,,,,,,,,,,,
01-12-2019 06:00,0.223,,,,,,,,,,,
01-12-2019 07:00,0.157,,,,,,,,,,,
01-12-2019 08:00,0.108,,,,,,,,,,,
01-12-2019 09:00,0.1,,,,,,,,,,,
01-12-2019 10:00,0.129,,,,,,,,,,,
01-12-2019 11:00,0.143,,,,,,,,,,,
01-12-2019 12:00,0.134,,,,,,,,,,,
01-12-2019 13:00,0.118,,,,,,,,,,,
01-12-2019 14:00,0.101,,,,,,,,,,,
01-12-2019 15:00,0.074,,,,,,,,,,,
01-12-2019 16:00,0.045,,,,,,,,,,,
01-12-2019 17:00,0.026,,,,,,,,,,,
01-12-2019 18:00,0.024,,,,,,,,,,,
01-12-2019 19:00,0.053,,,,,,,,,,,
01-12-2019 20:00,0.118,,,,,,,,,,,
01-12-2019 21:00,0.208,,,,,,,,,,,
01-12-2019 22:00,0.3,,,,,,,,,,,
01-12-2019 23:00,0.361,,,,,,,,,,,
02-12-2019 00:00,0.396,,,,,,,,,,,
02-12-2019 01:00,0.412,,,,,,,,,,,
02-12-2019 02:00,0.413,,,,,,,,,,,
02-12-2019 03:00,0.439,,,,,,,,,,,
02-12-2019 04:00,0.454,,,,,,,,,,,
02-12-2019 05:00,0.466,,,,,,,,,,,
02-12-2019 06:00,0.484,,,,,,,,,,,
02-12-2019 07:00,0.506,,,,,,,,,,,
02-12-2019 08:00,0.56,,,,,,,,,,,
02-12-2019 09:00,0.59,,,,,,,,,,,
02-12-2019 10:00,0.722,,,,,,,,,,,
02-12-2019 11:00,0.826,,,,,,,,,,,
02-12-2019 12:00,0.832,,,,,,,,,,,
02-12-2019 13:00,0.826,,,,,,,,,,,
02-12-2019 14:00,0.827,,,,,,,,,,,
02-12-2019 15:00,0.801,,,,,,,,,,,
02-12-2019 16:00,0.763,,,,,,,,,,,
02-12-2019 17:00,0.744,,,,,,,,,,,
02-12-2019 18:00,0.718,,,,,,,,,,,
02-12-2019 19:00,0.711,,,,,,,,,,,
02-12-2019 20:00,0.748,,,,,,,,,,,
02-12-2019 21:00,0.744,,,,,,,,,,,
02-12-2019 22:00,0.732,,,,,,,,,,,
02-12-2019 23:00,0.748,,,,,,,,,,,
03-12-2019 00:00,0.717,,,,,,,,,,,
03-12-2019 01:00,0.685,,,,,,,,,,,
03-12-2019 02:00,0.656,,,,,,,,,,,
03-12-2019 03:00,0.661,,,,,,,,,,,
03-12-2019 04:00,0.656,,,,,,,,,,,
03-12-2019 05:00,0.652,,,,,,,,,,,
03-12-2019 06:00,0.643,,,,,,,,,,,
03-12-2019 07:00,0.592,,,,,,,,,,,
03-12-2019 08:00,0.526,,,,,,,,,,,
03-12-2019 09:00,0.648,,,,,,,,,,,
03-12-2019 10:00,0.725,,,,,,,,,,,
03-12-2019 11:00,0.701,,,,,,,,,,,
03-12-2019 12:00,0.648,,,,,,,,,,,
03-12-2019 13:00,0.59,,,,,,,,,,,
03-12-2019 14:00,0.537,,,,,,,,,,,
03-12-2019 15:00,0.485,,,,,,,,,,,
03-12-2019 16:00,0.391,,,,,,,,,,,
03-12-2019 17:00,0.35,,,,,,,,,,,
03-12-2019 18:00,0.364,,,,,,,,,,,
03-12-2019 19:00,0.394,,,,,,,,,,,
03-12-2019 20:00,0.37,,,,,,,,,,,
03-12-2019 21:00,0.339,,,,,,,,,,,
03-12-2019 22:00,0.336,,,,,,,,,,,
03-12-2019 23:00,0.352,,,,,,,,,,,
04-12-2019 00:00,0.334,,,,,,,,,,,
04-12-2019 01:00,0.296,,,,,,,,,,,
04-12-2019 02:00,0.358,,,,,,,,,,,
04-12-2019 03:00,0.334,,,,,,,,,,,
04-12-2019 04:00,0.32,,,,,,,,,,,
04-12-2019 05:00,0.316,,,,,,,,,,,
04-12-2019 06:00,0.325,,,,,,,,,,,
04-12-2019 07:00,0.34,,,,,,,,,,,
04-12-2019 08:00,0.341,,,,,,,,,,,
04-12-2019 09:00,0.343,,,,,,,,,,,
04-12-2019 10:00,0.337,,,,,,,,,,,
04-12-2019 11:00,0.282,,,,,,,,,,,
04-12-2019 12:00,0.225,,,,,,,,,,,
04-12-2019 13:00,0.176,,,,,,,,,,,
04-12-2019 14:00,0.141,,,,,,,,,,,
04-12-2019 15:00,0.142,,,,,,,,,,,
04-12-2019 16:00,0.204,,,,,,,,,,,
04-12-2019 17:00,0.295,,,,,,,,,,,
04-12-2019 18:00,0.317,,,,,,,,,,,
04-12-2019 19:00,0.304,,,,,,,,,,,
04-12-2019 20:00,0.28,,,,,,,,,,,
04-12-2019 21:00,0.265,,,,,,,,,,,
04-12-2019 22:00,0.295,,,,,,,,,,,
04-12-2019 23:00,0.296,,,,,,,,,,,
05-12-2019 00:00,0.274,,,,,,,,,,,
05-12-2019 01:00,0.278,,,,,,,,,,,
05-12-2019 02:00,0.284,,,,,,,,,,,
05-12-2019 03:00,0.309,,,,,,,,,,,
05-12-2019 04:00,0.366,,,,,,,,,,,
05-12-2019 05:00,0.459,,,,,,,,,,,
05-12-2019 06:00,0.543,,,,,,,,,,,
05-12-2019 07:00,0.605,,,,,,,,,,,
05-12-2019 08:00,0.55,,,,,,,,,,,
05-12-2019 09:00,0.544,,,,,,,,,,,
05-12-2019 10:00,0.693,,,,,,,,,,,
05-12-2019 11:00,0.677,,,,,,,,,,,
05-12-2019 12:00,0.603,,,,,,,,,,,
05-12-2019 13:00,0.541,,,,,,,,,,,
05-12-2019 14:00,0.51,,,,,,,,,,,
05-12-2019 15:00,0.454,,,,,,,,,,,
05-12-2019 16:00,0.437,,,,,,,,,,,
05-12-2019 17:00,0.549,,,,,,,,,,,
05-12-2019 18:00,0.587,,,,,,,,,,,
05-12-2019 19:00,0.589,,,,,,,,,,,
05-12-2019 20:00,0.604,,,,,,,,,,,
05-12-2019 21:00,0.574,,,,,,,,,,,
05-12-2019 22:00,0.527,,,,,,,,,,,
05-12-2019 23:00,0.465,,,,,,,,,,,
06-12-2019 00:00,0.4,,,,,,,,,,,
06-12-2019 01:00,0.369,,,,,,,,,,,
06-12-2019 02:00,0.346,,,,,,,,,,,
06-12-2019 03:00,0.329,,,,,,,,,,,
06-12-2019 04:00,0.337,,,,,,,,,,,
06-12-2019 05:00,0.353,,,,,,,,,,,
06-12-2019 06:00,0.362,,,,,,,,,,,
06-12-2019 07:00,0.371,,,,,,,,,,,
06-12-2019 08:00,0.328,,,,,,,,,,,
06-12-2019 09:00,0.305,,,,,,,,,,,
06-12-2019 10:00,0.313,,,,,,,,,,,
06-12-2019 11:00,0.256,,,,,,,,,,,
06-12-2019 12:00,0.19,,,,,,,,,,,
06-12-2019 13:00,0.131,,,,,,,,,,,
06-12-2019 14:00,0.094,,,,,,,,,,,
06-12-2019 15:00,0.094,,,,,,,,,,,
06-12-2019 16:00,0.148,,,,,,,,,,,
06-12-2019 17:00,0.254,,,,,,,,,,,
06-12-2019 18:00,0.358,,,,,,,,,,,
06-12-2019 19:00,0.411,,,,,,,,,,,
06-12-2019 20:00,0.405,,,,,,,,,,,
06-12-2019 21:00,0.355,,,,,,,,,,,
06-12-2019 22:00,0.284,,,,,,,,,,,
06-12-2019 23:00,0.22,,,,,,,,,,,
07-12-2019 00:00,0.169,,,,,,,,,,,
07-12-2019 01:00,0.128,,,,,,,,,,,
07-12-2019 02:00,0.101,,,,,,,,,,,
07-12-2019 03:00,0.085,,,,,,,,,,,
07-12-2019 04:00,0.077,,,,,,,,,,,
07-12-2019 05:00,0.072,,,,,,,,,,,
07-12-2019 06:00,0.062,,,,,,,,,,,
07-12-2019 07:00,0.045,,,,,,,,,,,
07-12-2019 08:00,0.033,,,,,,,,,,,
07-12-2019 09:00,0.026,,,,,,,,,,,
07-12-2019 10:00,0.02,,,,,,,,,,,
07-12-2019 11:00,0.011,,,,,,,,,,,
07-12-2019 12:00,0.004,,,,,,,,,,,
07-12-2019 13:00,0.003,,,,,,,,,,,
07-12-2019 14:00,0.01,,,,,,,,,,,
07-12-2019 15:00,0.025,,,,,,,,,,,
07-12-2019 16:00,0.078,,,,,,,,,,,
07-12-2019 17:00,0.128,,,,,,,,,,,
07-12-2019 18:00,0.148,,,,,,,,,,,
07-12-2019 19:00,0.137,,,,,,,,,,,
07-12-2019 20:00,0.105,,,,,,,,,,,
07-12-2019 21:00,0.069,,,,,,,,,,,
07-12-2019 22:00,0.045,,,,,,,,,,,
07-12-2019 23:00,0.029,,,,,,,,,,,
08-12-2019 00:00,0.02,,,,,,,,,,,
08-12-2019 01:00,0.021,,,,,,,,,,,
08-12-2019 02:00,0.03,,,,,,,,,,,
08-12-2019 03:00,0.048,,,,,,,,,,,
08-12-2019 04:00,0.073,,,,,,,,,,,
08-12-2019 05:00,0.094,,,,,,,,,,,
08-12-2019 06:00,0.1,,,,,,,,,,,
08-12-2019 07:00,0.079,,,,,,,,,,,
08-12-2019 08:00,0.054,,,,,,,,,,,
08-12-2019 09:00,0.034,,,,,,,,,,,
08-12-2019 10:00,0.037,,,,,,,,,,,
08-12-2019 11:00,0.057,,,,,,,,,,,
08-12-2019 12:00,0.103,,,,,,,,,,,
08-12-2019 13:00,0.2,,,,,,,,,,,
08-12-2019 14:00,0.293,,,,,,,,,,,
08-12-2019 15:00,0.296,,,,,,,,,,,
08-12-2019 16:00,0.236,,,,,,,,,,,
08-12-2019 17:00,0.209,,,,,,,,,,,
08-12-2019 18:00,0.155,,,,,,,,,,,
08-12-2019 19:00,0.133,,,,,,,,,,,
08-12-2019 20:00,0.156,,,,,,,,,,,
08-12-2019 21:00,0.195,,,,,,,,,,,
08-12-2019 22:00,0.203,,,,,,,,,,,
08-12-2019 23:00,0.136,,,,,,,,,,,
09-12-2019 00:00,0.095,,,,,,,,,,,
09-12-2019 01:00,0.112,,,,,,,,,,,
09-12-2019 02:00,0.143,,,,,,,,,,,
09-12-2019 03:00,0.169,,,,,,,,,,,
09-12-2019 04:00,0.182,,,,,,,,,,,
09-12-2019 05:00,0.168,,,,,,,,,,,
09-12-2019 06:00,0.118,,,,,,,,,,,
09-12-2019 07:00,0.083,,,,,,,,,,,
09-12-2019 08:00,0.09,,,,,,,,,,,
09-12-2019 09:00,0.118,,,,,,,,,,,
09-12-2019 10:00,0.144,,,,,,,,,,,
09-12-2019 11:00,0.175,,,,,,,,,,,
09-12-2019 12:00,0.22,,,,,,,,,,,
09-12-2019 13:00,0.3,,,,,,,,,,,
09-12-2019 14:00,0.376,,,,,,,,,,,
09-12-2019 15:00,0.325,,,,,,,,,,,
09-12-2019 16:00,0.3,,,,,,,,,,,
09-12-2019 17:00,0.362,,,,,,,,,,,
09-12-2019 18:00,0.368,,,,,,,,,,,
09-12-2019 19:00,0.352,,,,,,,,,,,
09-12-2019 20:00,0.323,,,,,,,,,,,
09-12-2019 21:00,0.323,,,,,,,,,,,
09-12-2019 22:00,0.331,,,,,,,,,,,
09-12-2019 23:00,0.311,,,,,,,,,,,
10-12-2019 00:00,0.293,,,,,,,,,,,
10-12-2019 01:00,0.288,,,,,,,,,,,
10-12-2019 02:00,0.3,,,,,,,,,,,
10-12-2019 03:00,0.289,,,,,,,,,,,
10-12-2019 04:00,0.259,,,,,,,,,,,
10-12-2019 05:00,0.229,,,,,,,,,,,
10-12-2019 06:00,0.175,,,,,,,,,,,
10-12-2019 07:00,0.125,,,,,,,,,,,
10-12-2019 08:00,0.097,,,,,,,,,,,
10-12-2019 09:00,0.058,,,,,,,,,,,
10-12-2019 10:00,0.059,,,,,,,,,,,
10-12-2019 11:00,0.063,,,,,,,,,,,
10-12-2019 12:00,0.05,,,,,,,,,,,
10-12-2019 13:00,0.043,,,,,,,,,,,
10-12-2019 14:00,0.051,,,,,,,,,,,
10-12-2019 15:00,0.113,,,,,,,,,,,
10-12-2019 16:00,0.232,,,,,,,,,,,
10-12-2019 17:00,0.267,,,,,,,,,,,
10-12-2019 18:00,0.216,,,,,,,,,,,
10-12-2019 19:00,0.14,,,,,,,,,,,
10-12-2019 20:00,0.088,,,,,,,,,,,
10-12-2019 21:00,0.077,,,,,,,,,,,
10-12-2019 22:00,0.108,,,,,,,,,,,
10-12-2019 23:00,0.157,,,,,,,,,,,
11-12-2019 00:00,0.207,,,,,,,,,,,
11-12-2019 01:00,0.253,,,,,,,,,,,
11-12-2019 02:00,0.295,,,,,,,,,,,
11-12-2019 03:00,0.338,,,,,,,,,,,
11-12-2019 04:00,0.379,,,,,,,,,,,
11-12-2019 05:00,0.422,,,,,,,,,,,
11-12-2019 06:00,0.459,,,,,,,,,,,
11-12-2019 07:00,0.503,,,,,,,,,,,
11-12-2019 08:00,0.467,,,,,,,,,,,
11-12-2019 09:00,0.459,,,,,,,,,,,
11-12-2019 10:00,0.55,,,,,,,,,,,
11-12-2019 11:00,0.697,,,,,,,,,,,
11-12-2019 12:00,0.793,,,,,,,,,,,
11-12-2019 13:00,0.84,,,,,,,,,,,
11-12-2019 14:00,0.865,,,,,,,,,,,
11-12-2019 15:00,0.8,,,,,,,,,,,
11-12-2019 16:00,0.708,,,,,,,,,,,
11-12-2019 17:00,0.686,,,,,,,,,,,
11-12-2019 18:00,0.615,,,,,,,,,,,
11-12-2019 19:00,0.544,,,,,,,,,,,
11-12-2019 20:00,0.547,,,,,,,,,,,
11-12-2019 21:00,0.617,,,,,,,,,,,
11-12-2019 22:00,0.647,,,,,,,,,,,
11-12-2019 23:00,0.615,,,,,,,,,,,
12-12-2019 00:00,0.586,,,,,,,,,,,
12-12-2019 01:00,0.558,,,,,,,,,,,
12-12-2019 02:00,0.498,,,,,,,,,,,
12-12-2019 03:00,0.454,,,,,,,,,,,
12-12-2019 04:00,0.418,,,,,,,,,,,
12-12-2019 05:00,0.438,,,,,,,,,,,
12-12-2019 06:00,0.479,,,,,,,,,,,
12-12-2019 07:00,0.499,,,,,,,,,,,
12-12-2019 08:00,0.474,,,,,,,,,,,
12-12-2019 09:00,0.426,,,,,,,,,,,
12-12-2019 10:00,0.623,,,,,,,,,,,
12-12-2019 11:00,0.835,,,,,,,,,,,
12-12-2019 12:00,0.87,,,,,,,,,,,
12-12-2019 13:00,0.87,,,,,,,,,,,
12-12-2019 14:00,0.86,,,,,,,,,,,
12-12-2019 15:00,0.869,,,,,,,,,,,
12-12-2019 16:00,0.899,,,,,,,,,,,
12-12-2019 17:00,0.928,,,,,,,,,,,
12-12-2019 18:00,0.95,,,,,,,,,,,
12-12-2019 19:00,0.958,,,,,,,,,,,
12-12-2019 20:00,0.963,,,,,,,,,,,
12-12-2019 21:00,0.961,,,,,,,,,,,
12-12-2019 22:00,0.971,,,,,,,,,,,
12-12-2019 23:00,0.963,,,,,,,,,,,
13-12-2019 00:00,0.959,,,,,,,,,,,
13-12-2019 01:00,0.95,,,,,,,,,,,
13-12-2019 02:00,0.958,,,,,,,,,,,
13-12-2019 03:00,0.959,,,,,,,,,,,
13-12-2019 04:00,0.957,,,,,,,,,,,
13-12-2019 05:00,0.952,,,,,,,,,,,
13-12-2019 06:00,0.947,,,,,,,,,,,
13-12-2019 07:00,0.943,,,,,,,,,,,
13-12-2019 08:00,0.938,,,,,,,,,,,
13-12-2019 09:00,0.946,,,,,,,,,,,
13-12-2019 10:00,0.969,,,,,,,,,,,
13-12-2019 11:00,0.98,,,,,,,,,,,
13-12-2019 12:00,0.983,,,,,,,,,,,
13-12-2019 13:00,0.981,,,,,,,,,,,
13-12-2019 14:00,0.975,,,,,,,,,,,
13-12-2019 15:00,0.962,,,,,,,,,,,
13-12-2019 16:00,0.941,,,,,,,,,,,
13-12-2019 17:00,0.907,,,,,,,,,,,
13-12-2019 18:00,0.856,,,,,,,,,,,
13-12-2019 19:00,0.83,,,,,,,,,,,
13-12-2019 20:00,0.784,,,,,,,,,,,
13-12-2019 21:00,0.736,,,,,,,,,,,
13-12-2019 22:00,0.714,,,,,,,,,,,
13-12-2019 23:00,0.693,,,,,,,,,,,
14-12-2019 00:00,0.69,,,,,,,,,,,
14-12-2019 01:00,0.686,,,,,,,,,,,
14-12-2019 02:00,0.667,,,,,,,,,,,
14-12-2019 03:00,0.599,,,,,,,,,,,
14-12-2019 04:00,0.546,,,,,,,,,,,
14-12-2019 05:00,0.512,,,,,,,,,,,
14-12-2019 06:00,0.456,,,,,,,,,,,
14-12-2019 07:00,0.421,,,,,,,,,,,
14-12-2019 08:00,0.419,,,,,,,,,,,
14-12-2019 09:00,0.398,,,,,,,,,,,
14-12-2019 10:00,0.361,,,,,,,,,,,
14-12-2019 11:00,0.337,,,,,,,,,,,
14-12-2019 12:00,0.335,,,,,,,,,,,
14-12-2019 13:00,0.364,,,,,,,,,,,
14-12-2019 14:00,0.436,,,,,,,,,,,
14-12-2019 15:00,0.436,,,,,,,,,,,
14-12-2019 16:00,0.341,,,,,,,,,,,
14-12-2019 17:00,0.341,,,,,,,,,,,
14-12-2019 18:00,0.384,,,,,,,,,,,
14-12-2019 19:00,0.454,,,,,,,,,,,
14-12-2019 20:00,0.494,,,,,,,,,,,
14-12-2019 21:00,0.463,,,,,,,,,,,
14-12-2019 22:00,0.427,,,,,,,,,,,
14-12-2019 23:00,0.402,,,,,,,,,,,
15-12-2019 00:00,0.352,,,,,,,,,,,
15-12-2019 01:00,0.315,,,,,,,,,,,
15-12-2019 02:00,0.321,,,,,,,,,,,
15-12-2019 03:00,0.3,,,,,,,,,,,
15-12-2019 04:00,0.261,,,,,,,,,,,
15-12-2019 05:00,0.223,,,,,,,,,,,
15-12-2019 06:00,0.203,,,,,,,,,,,
15-12-2019 07:00,0.191,,,,,,,,,,,
15-12-2019 08:00,0.133,,,,,,,,,,,
15-12-2019 09:00,0.106,,,,,,,,,,,
15-12-2019 10:00,0.093,,,,,,,,,,,
15-12-2019 11:00,0.091,,,,,,,,,,,
15-12-2019 12:00,0.095,,,,,,,,,,,
15-12-2019 13:00,0.103,,,,,,,,,,,
15-12-2019 14:00,0.093,,,,,,,,,,,
15-12-2019 15:00,0.075,,,,,,,,,,,
15-12-2019 16:00,0.067,,,,,,,,,,,
15-12-2019 17:00,0.057,,,,,,,,,,,
15-12-2019 18:00,0.076,,,,,,,,,,,
15-12-2019 19:00,0.112,,,,,,,,,,,
15-12-2019 20:00,0.153,,,,,,,,,,,
15-12-2019 21:00,0.186,,,,,,,,,,,
15-12-2019 22:00,0.218,,,,,,,,,,,
15-12-2019 23:00,0.273,,,,,,,,,,,
16-12-2019 00:00,0.347,,,,,,,,,,,
16-12-2019 01:00,0.404,,,,,,,,,,,
16-12-2019 02:00,0.422,,,,,,,,,,,
16-12-2019 03:00,0.439,,,,,,,,,,,
16-12-2019 04:00,0.45,,,,,,,,,,,
16-12-2019 05:00,0.461,,,,,,,,,,,
16-12-2019 06:00,0.484,,,,,,,,,,,
16-12-2019 07:00,0.523,,,,,,,,,,,
16-12-2019 08:00,0.535,,,,,,,,,,,
16-12-2019 09:00,0.476,,,,,,,,,,,
16-12-2019 10:00,0.422,,,,,,,,,,,
16-12-2019 11:00,0.493,,,,,,,,,,,
16-12-2019 12:00,0.623,,,,,,,,,,,
16-12-2019 13:00,0.625,,,,,,,,,,,
16-12-2019 14:00,0.672,,,,,,,,,,,
16-12-2019 15:00,0.765,,,,,,,,,,,
16-12-2019 16:00,0.853,,,,,,,,,,,
16-12-2019 17:00,0.893,,,,,,,,,,,
16-12-2019 18:00,0.866,,,,,,,,,,,
16-12-2019 19:00,0.794,,,,,,,,,,,
16-12-2019 20:00,0.705,,,,,,,,,,,
16-12-2019 21:00,0.597,,,,,,,,,,,
16-12-2019 22:00,0.504,,,,,,,,,,,
16-12-2019 23:00,0.462,,,,,,,,,,,
17-12-2019 00:00,0.43,,,,,,,,,,,
17-12-2019 01:00,0.349,,,,,,,,,,,
17-12-2019 02:00,0.249,,,,,,,,,,,
17-12-2019 03:00,0.208,,,,,,,,,,,
17-12-2019 04:00,0.194,,,,,,,,,,,
17-12-2019 05:00,0.192,,,,,,,,,,,
17-12-2019 06:00,0.206,,,,,,,,,,,
17-12-2019 07:00,0.199,,,,,,,,,,,
17-12-2019 08:00,0.144,,,,,,,,,,,
17-12-2019 09:00,0.101,,,,,,,,,,,
17-12-2019 10:00,0.107,,,,,,,,,,,
17-12-2019 11:00,0.083,,,,,,,,,,,
17-12-2019 12:00,0.066,,,,,,,,,,,
17-12-2019 13:00,0.048,,,,,,,,,,,
17-12-2019 14:00,0.037,,,,,,,,,,,
17-12-2019 15:00,0.067,,,,,,,,,,,
17-12-2019 16:00,0.163,,,,,,,,,,,
17-12-2019 17:00,0.326,,,,,,,,,,,
17-12-2019 18:00,0.387,,,,,,,,,,,
17-12-2019 19:00,0.349,,,,,,,,,,,
17-12-2019 20:00,0.289,,,,,,,,,,,
17-12-2019 21:00,0.307,,,,,,,,,,,
17-12-2019 22:00,0.367,,,,,,,,,,,
17-12-2019 23:00,0.394,,,,,,,,,,,
18-12-2019 00:00,0.374,,,,,,,,,,,
18-12-2019 01:00,0.332,,,,,,,,,,,
18-12-2019 02:00,0.284,,,,,,,,,,,
18-12-2019 03:00,0.232,,,,,,,,,,,
18-12-2019 04:00,0.169,,,,,,,,,,,
18-12-2019 05:00,0.163,,,,,,,,,,,
18-12-2019 06:00,0.195,,,,,,,,,,,
18-12-2019 07:00,0.22,,,,,,,,,,,
18-12-2019 08:00,0.168,,,,,,,,,,,
18-12-2019 09:00,0.094,,,,,,,,,,,
18-12-2019 10:00,0.083,,,,,,,,,,,
18-12-2019 11:00,0.105,,,,,,,,,,,
18-12-2019 12:00,0.156,,,,,,,,,,,
18-12-2019 13:00,0.198,,,,,,,,,,,
18-12-2019 14:00,0.217,,,,,,,,,,,
18-12-2019 15:00,0.192,,,,,,,,,,,
18-12-2019 16:00,0.184,,,,,,,,,,,
18-12-2019 17:00,0.198,,,,,,,,,,,
18-12-2019 18:00,0.233,,,,,,,,,,,
18-12-2019 19:00,0.312,,,,,,,,,,,
18-12-2019 20:00,0.404,,,,,,,,,,,
18-12-2019 21:00,0.491,,,,,,,,,,,
18-12-2019 22:00,0.547,,,,,,,,,,,
18-12-2019 23:00,0.561,,,,,,,,,,,
19-12-2019 00:00,0.555,,,,,,,,,,,
19-12-2019 01:00,0.556,,,,,,,,,,,
19-12-2019 02:00,0.582,,,,,,,,,,,
19-12-2019 03:00,0.625,,,,,,,,,,,
19-12-2019 04:00,0.647,,,,,,,,,,,
19-12-2019 05:00,0.658,,,,,,,,,,,
19-12-2019 06:00,0.676,,,,,,,,,,,
19-12-2019 07:00,0.739,,,,,,,,,,,
19-12-2019 08:00,0.825,,,,,,,,,,,
19-12-2019 09:00,0.757,,,,,,,,,,,
19-12-2019 10:00,0.791,,,,,,,,,,,
19-12-2019 11:00,0.89,,,,,,,,,,,
19-12-2019 12:00,0.924,,,,,,,,,,,
19-12-2019 13:00,0.938,,,,,,,,,,,
19-12-2019 14:00,0.947,,,,,,,,,,,
19-12-2019 15:00,0.953,,,,,,,,,,,
19-12-2019 16:00,0.966,,,,,,,,,,,
19-12-2019 17:00,0.971,,,,,,,,,,,
19-12-2019 18:00,0.974,,,,,,,,,,,
19-12-2019 19:00,0.978,,,,,,,,,,,
19-12-2019 20:00,0.983,,,,,,,,,,,
19-12-2019 21:00,0.991,,,,,,,,,,,
19-12-2019 22:00,0.99,,,,,,,,,,,
19-12-2019 23:00,0.987,,,,,,,,,,,
20-12-2019 00:00,0.972,,,,,,,,,,,
20-12-2019 01:00,0.941,,,,,,,,,,,
20-12-2019 02:00,0.926,,,,,,,,,,,
20-12-2019 03:00,0.926,,,,,,,,,,,
20-12-2019 04:00,0.925,,,,,,,,,,,
20-12-2019 05:00,0.939,,,,,,,,,,,
20-12-2019 06:00,0.974,,,,,,,,,,,
20-12-2019 07:00,0.991,,,,,,,,,,,
20-12-2019 08:00,0.963,,,,,,,,,,,
20-12-2019 09:00,0.916,,,,,,,,,,,
20-12-2019 10:00,0.857,,,,,,,,,,,
20-12-2019 11:00,0.888,,,,,,,,,,,
20-12-2019 12:00,0.87,,,,,,,,,,,
20-12-2019 13:00,0.885,,,,,,,,,,,
20-12-2019 14:00,0.965,,,,,,,,,,,
20-12-2019 15:00,0.988,,,,,,,,,,,
20-12-2019 16:00,0.988,,,,,,,,,,,
20-12-2019 17:00,0.981,,,,,,,,,,,
20-12-2019 18:00,0.98,,,,,,,,,,,
20-12-2019 19:00,0.991,,,,,,,,,,,
20-12-2019 20:00,0.985,,,,,,,,,,,
20-12-2019 21:00,0.984,,,,,,,,,,,
20-12-2019 22:00,0.988,,,,,,,,,,,
20-12-2019 23:00,0.991,,,,,,,,,,,
21-12-2019 00:00,0.99,,,,,,,,,,,
21-12-2019 01:00,0.989,,,,,,,,,,,
21-12-2019 02:00,0.988,,,,,,,,,,,
21-12-2019 03:00,0.989,,,,,,,,,,,
21-12-2019 04:00,0.989,,,,,,,,,,,
21-12-2019 05:00,0.988,,,,,,,,,,,
21-12-2019 06:00,0.981,,,,,,,,,,,
21-12-2019 07:00,0.969,,,,,,,,,,,
21-12-2019 08:00,0.968,,,,,,,,,,,
21-12-2019 09:00,0.981,,,,,,,,,,,
21-12-2019 10:00,0.991,,,,,,,,,,,
21-12-2019 11:00,0.989,,,,,,,,,,,
21-12-2019 12:00,0.985,,,,,,,,,,,
21-12-2019 13:00,0.975,,,,,,,,,,,
21-12-2019 14:00,0.976,,,,,,,,,,,
21-12-2019 15:00,0.981,,,,,,,,,,,
21-12-2019 16:00,0.979,,,,,,,,,,,
21-12-2019 17:00,0.97,,,,,,,,,,,
21-12-2019 18:00,0.963,,,,,,,,,,,
21-12-2019 19:00,0.962,,,,,,,,,,,
21-12-2019 20:00,0.97,,,,,,,,,,,
21-12-2019 21:00,0.977,,,,,,,,,,,
21-12-2019 22:00,0.984,,,,,,,,,,,
21-12-2019 23:00,0.989,,,,,,,,,,,
22-12-2019 00:00,0.991,,,,,,,,,,,
22-12-2019 01:00,0.991,,,,,,,,,,,
22-12-2019 02:00,0.991,,,,,,,,,,,
22-12-2019 03:00,0.989,,,,,,,,,,,
22-12-2019 04:00,0.984,,,,,,,,,,,
22-12-2019 05:00,0.973,,,,,,,,,,,
22-12-2019 06:00,0.949,,,,,,,,,,,
22-12-2019 07:00,0.923,,,,,,,,,,,
22-12-2019 08:00,0.903,,,,,,,,,,,
22-12-2019 09:00,0.944,,,,,,,,,,,
22-12-2019 10:00,0.966,,,,,,,,,,,
22-12-2019 11:00,0.978,,,,,,,,,,,
22-12-2019 12:00,0.984,,,,,,,,,,,
22-12-2019 13:00,0.985,,,,,,,,,,,
22-12-2019 14:00,0.984,,,,,,,,,,,
22-12-2019 15:00,0.979,,,,,,,,,,,
22-12-2019 16:00,0.972,,,,,,,,,,,
22-12-2019 17:00,0.968,,,,,,,,,,,
22-12-2019 18:00,0.968,,,,,,,,,,,
22-12-2019 19:00,0.964,,,,,,,,,,,
22-12-2019 20:00,0.942,,,,,,,,,,,
22-12-2019 21:00,0.887,,,,,,,,,,,
22-12-2019 22:00,0.84,,,,,,,,,,,
22-12-2019 23:00,0.779,,,,,,,,,,,
23-12-2019 00:00,0.698,,,,,,,,,,,
23-12-2019 01:00,0.594,,,,,,,,,,,
23-12-2019 02:00,0.481,,,,,,,,,,,
23-12-2019 03:00,0.385,,,,,,,,,,,
23-12-2019 04:00,0.32,,,,,,,,,,,
23-12-2019 05:00,0.276,,,,,,,,,,,
23-12-2019 06:00,0.226,,,,,,,,,,,
23-12-2019 07:00,0.191,,,,,,,,,,,
23-12-2019 08:00,0.155,,,,,,,,,,,
23-12-2019 09:00,0.143,,,,,,,,,,,
23-12-2019 10:00,0.142,,,,,,,,,,,
23-12-2019 11:00,0.161,,,,,,,,,,,
23-12-2019 12:00,0.184,,,,,,,,,,,
23-12-2019 13:00,0.183,,,,,,,,,,,
23-12-2019 14:00,0.161,,,,,,,,,,,
23-12-2019 15:00,0.13,,,,,,,,,,,
23-12-2019 16:00,0.126,,,,,,,,,,,
23-12-2019 17:00,0.132,,,,,,,,,,,
23-12-2019 18:00,0.152,,,,,,,,,,,
23-12-2019 19:00,0.179,,,,,,,,,,,
23-12-2019 20:00,0.197,,,,,,,,,,,
23-12-2019 21:00,0.2,,,,,,,,,,,
23-12-2019 22:00,0.201,,,,,,,,,,,
23-12-2019 23:00,0.211,,,,,,,,,,,
24-12-2019 00:00,0.222,,,,,,,,,,,
24-12-2019 01:00,0.223,,,,,,,,,,,
24-12-2019 02:00,0.216,,,,,,,,,,,
24-12-2019 03:00,0.179,,,,,,,,,,,
24-12-2019 04:00,0.118,,,,,,,,,,,
24-12-2019 05:00,0.06,,,,,,,,,,,
24-12-2019 06:00,0.03,,,,,,,,,,,
24-12-2019 07:00,0.027,,,,,,,,,,,
24-12-2019 08:00,0.033,,,,,,,,,,,
24-12-2019 09:00,0.029,,,,,,,,,,,
24-12-2019 10:00,0.015,,,,,,,,,,,
24-12-2019 11:00,0.009,,,,,,,,,,,
24-12-2019 12:00,0.005,,,,,,,,,,,
24-12-2019 13:00,0.003,,,,,,,,,,,
24-12-2019 14:00,0.003,,,,,,,,,,,
24-12-2019 15:00,0.009,,,,,,,,,,,
24-12-2019 16:00,0.026,,,,,,,,,,,
24-12-2019 17:00,0.048,,,,,,,,,,,
24-12-2019 18:00,0.069,,,,,,,,,,,
24-12-2019 19:00,0.084,,,,,,,,,,,
24-12-2019 20:00,0.097,,,,,,,,,,,
24-12-2019 21:00,0.115,,,,,,,,,,,
24-12-2019 22:00,0.133,,,,,,,,,,,
24-12-2019 23:00,0.136,,,,,,,,,,,
25-12-2019 00:00,0.126,,,,,,,,,,,
25-12-2019 01:00,0.11,,,,,,,,,,,
25-12-2019 02:00,0.088,,,,,,,,,,,
25-12-2019 03:00,0.071,,,,,,,,,,,
25-12-2019 04:00,0.06,,,,,,,,,,,
25-12-2019 05:00,0.053,,,,,,,,,,,
25-12-2019 06:00,0.05,,,,,,,,,,,
25-12-2019 07:00,0.05,,,,,,,,,,,
25-12-2019 08:00,0.054,,,,,,,,,,,
25-12-2019 09:00,0.044,,,,,,,,,,,
25-12-2019 10:00,0.016,,,,,,,,,,,
25-12-2019 11:00,0.004,,,,,,,,,,,
25-12-2019 12:00,0.014,,,,,,,,,,,
25-12-2019 13:00,0.038,,,,,,,,,,,
25-12-2019 14:00,0.062,,,,,,,,,,,
25-12-2019 15:00,0.088,,,,,,,,,,,
25-12-2019 16:00,0.105,,,,,,,,,,,
25-12-2019 17:00,0.107,,,,,,,,,,,
25-12-2019 18:00,0.104,,,,,,,,,,,
25-12-2019 19:00,0.096,,,,,,,,,,,
25-12-2019 20:00,0.08,,,,,,,,,,,
25-12-2019 21:00,0.083,,,,,,,,,,,
25-12-2019 22:00,0.105,,,,,,,,,,,
25-12-2019 23:00,0.136,,,,,,,,,,,
26-12-2019 00:00,0.169,,,,,,,,,,,
26-12-2019 01:00,0.215,,,,,,,,,,,
26-12-2019 02:00,0.282,,,,,,,,,,,
26-12-2019 03:00,0.278,,,,,,,,,,,
26-12-2019 04:00,0.181,,,,,,,,,,,
26-12-2019 05:00,0.093,,,,,,,,,,,
26-12-2019 06:00,0.045,,,,,,,,,,,
26-12-2019 07:00,0.031,,,,,,,,,,,
26-12-2019 08:00,0.028,,,,,,,,,,,
26-12-2019 09:00,0.02,,,,,,,,,,,
26-12-2019 10:00,0.022,,,,,,,,,,,
26-12-2019 11:00,0.073,,,,,,,,,,,
26-12-2019 12:00,0.125,,,,,,,,,,,
26-12-2019 13:00,0.164,,,,,,,,,,,
26-12-2019 14:00,0.169,,,,,,,,,,,
26-12-2019 15:00,0.158,,,,,,,,,,,
26-12-2019 16:00,0.171,,,,,,,,,,,
26-12-2019 17:00,0.185,,,,,,,,,,,
26-12-2019 18:00,0.202,,,,,,,,,,,
26-12-2019 19:00,0.209,,,,,,,,,,,
26-12-2019 20:00,0.211,,,,,,,,,,,
26-12-2019 21:00,0.268,,,,,,,,,,,
26-12-2019 22:00,0.371,,,,,,,,,,,
26-12-2019 23:00,0.511,,,,,,,,,,,
27-12-2019 00:00,0.618,,,,,,,,,,,
27-12-2019 01:00,0.653,,,,,,,,,,,
27-12-2019 02:00,0.646,,,,,,,,,,,
27-12-2019 03:00,0.608,,,,,,,,,,,
27-12-2019 04:00,0.563,,,,,,,,,,,
27-12-2019 05:00,0.519,,,,,,,,,,,
27-12-2019 06:00,0.479,,,,,,,,,,,
27-12-2019 07:00,0.437,,,,,,,,,,,
27-12-2019 08:00,0.349,,,,,,,,,,,
27-12-2019 09:00,0.182,,,,,,,,,,,
27-12-2019 10:00,0.109,,,,,,,,,,,
27-12-2019 11:00,0.07,,,,,,,,,,,
27-12-2019 12:00,0.033,,,,,,,,,,,
27-12-2019 13:00,0.013,,,,,,,,,,,
27-12-2019 14:00,0.009,,,,,,,,,,,
27-12-2019 15:00,0.022,,,,,,,,,,,
27-12-2019 16:00,0.051,,,,,,,,,,,
27-12-2019 17:00,0.084,,,,,,,,,,,
27-12-2019 18:00,0.122,,,,,,,,,,,
27-12-2019 19:00,0.164,,,,,,,,,,,
27-12-2019 20:00,0.197,,,,,,,,,,,
27-12-2019 21:00,0.212,,,,,,,,,,,
27-12-2019 22:00,0.219,,,,,,,,,,,
27-12-2019 23:00,0.221,,,,,,,,,,,
28-12-2019 00:00,0.219,,,,,,,,,,,
28-12-2019 01:00,0.206,,,,,,,,,,,
28-12-2019 02:00,0.182,,,,,,,,,,,
28-12-2019 03:00,0.148,,,,,,,,,,,
28-12-2019 04:00,0.121,,,,,,,,,,,
28-12-2019 05:00,0.112,,,,,,,,,,,
28-12-2019 06:00,0.123,,,,,,,,,,,
28-12-2019 07:00,0.159,,,,,,,,,,,
28-12-2019 08:00,0.204,,,,,,,,,,,
28-12-2019 09:00,0.162,,,,,,,,,,,
28-12-2019 10:00,0.071,,,,,,,,,,,
28-12-2019 11:00,0.035,,,,,,,,,,,
28-12-2019 12:00,0.026,,,,,,,,,,,
28-12-2019 13:00,0.035,,,,,,,,,,,
28-12-2019 14:00,0.062,,,,,,,,,,,
28-12-2019 15:00,0.118,,,,,,,,,,,
28-12-2019 16:00,0.21,,,,,,,,,,,
28-12-2019 17:00,0.294,,,,,,,,,,,
28-12-2019 18:00,0.356,,,,,,,,,,,
28-12-2019 19:00,0.391,,,,,,,,,,,
28-12-2019 20:00,0.398,,,,,,,,,,,
28-12-2019 21:00,0.411,,,,,,,,,,,
28-12-2019 22:00,0.441,,,,,,,,,,,
28-12-2019 23:00,0.464,,,,,,,,,,,
29-12-2019 00:00,0.476,,,,,,,,,,,
29-12-2019 01:00,0.498,,,,,,,,,,,
29-12-2019 02:00,0.527,,,,,,,,,,,
29-12-2019 03:00,0.536,,,,,,,,,,,
29-12-2019 04:00,0.525,,,,,,,,,,,
29-12-2019 05:00,0.496,,,,,,,,,,,
29-12-2019 06:00,0.458,,,,,,,,,,,
29-12-2019 07:00,0.417,,,,,,,,,,,
29-12-2019 08:00,0.307,,,,,,,,,,,
29-12-2019 09:00,0.157,,,,,,,,,,,
29-12-2019 10:00,0.11,,,,,,,,,,,
29-12-2019 11:00,0.117,,,,,,,,,,,
29-12-2019 12:00,0.112,,,,,,,,,,,
29-12-2019 13:00,0.094,,,,,,,,,,,
29-12-2019 14:00,0.074,,,,,,,,,,,
29-12-2019 15:00,0.076,,,,,,,,,,,
29-12-2019 16:00,0.126,,,,,,,,,,,
29-12-2019 17:00,0.191,,,,,,,,,,,
29-12-2019 18:00,0.249,,,,,,,,,,,
29-12-2019 19:00,0.278,,,,,,,,,,,
29-12-2019 20:00,0.272,,,,,,,,,,,
29-12-2019 21:00,0.247,,,,,,,,,,,
29-12-2019 22:00,0.246,,,,,,,,,,,
29-12-2019 23:00,0.261,,,,,,,,,,,
30-12-2019 00:00,0.255,,,,,,,,,,,
30-12-2019 01:00,0.243,,,,,,,,,,,
30-12-2019 02:00,0.255,,,,,,,,,,,
30-12-2019 03:00,0.28,,,,,,,,,,,
30-12-2019 04:00,0.305,,,,,,,,,,,
30-12-2019 05:00,0.322,,,,,,,,,,,
30-12-2019 06:00,0.328,,,,,,,,,,,
30-12-2019 07:00,0.334,,,,,,,,,,,
30-12-2019 08:00,0.32,,,,,,,,,,,
30-12-2019 09:00,0.212,,,,,,,,,,,
30-12-2019 10:00,0.162,,,,,,,,,,,
30-12-2019 11:00,0.132,,,,,,,,,,,
30-12-2019 12:00,0.093,,,,,,,,,,,
30-12-2019 13:00,0.058,,,,,,,,,,,
30-12-2019 14:00,0.039,,,,,,,,,,,
30-12-2019 15:00,0.046,,,,,,,,,,,
30-12-2019 16:00,0.086,,,,,,,,,,,
30-12-2019 17:00,0.123,,,,,,,,,,,
30-12-2019 18:00,0.148,,,,,,,,,,,
30-12-2019 19:00,0.155,,,,,,,,,,,
30-12-2019 20:00,0.141,,,,,,,,,,,
30-12-2019 21:00,0.107,,,,,,,,,,,
30-12-2019 22:00,0.072,,,,,,,,,,,
30-12-2019 23:00,0.051,,,,,,,,,,,
31-12-2019 00:00,0.044,,,,,,,,,,,
31-12-2019 01:00,0.047,,,,,,,,,,,
31-12-2019 02:00,0.058,,,,,,,,,,,
31-12-2019 03:00,0.076,,,,,,,,,,,
31-12-2019 04:00,0.098,,,,,,,,,,,
31-12-2019 05:00,0.119,,,,,,,,,,,
31-12-2019 06:00,0.133,,,,,,,,,,,
31-12-2019 07:00,0.14,,,,,,,,,,,
31-12-2019 08:00,0.144,,,,,,,,,,,
31-12-2019 09:00,0.081,,,,,,,,,,,
31-12-2019 10:00,0.058,,,,,,,,,,,
31-12-2019 11:00,0.068,,,,,,,,,,,
31-12-2019 12:00,0.063,,,,,,,,,,,
31-12-2019 13:00,0.051,,,,,,,,,,,
31-12-2019 14:00,0.041,,,,,,,,,,,
31-12-2019 15:00,0.035,,,,,,,,,,,
31-12-2019 16:00,0.053,,,,,,,,,,,
31-12-2019 17:00,0.087,,,,,,,,,,,
31-12-2019 18:00,0.13,,,,,,,,,,,
31-12-2019 19:00,0.167,,,,,,,,,,,
31-12-2019 20:00,0.179,,,,,,,,,,,
31-12-2019 21:00,0.159,,,,,,,,,,,
31-12-2019 22:00,0.11,,,,,,,,,,,
31-12-2019 23:00,0.068,,,,,,,,,,,
